upstream_bundle,claude,gpt4o,gpt4omini,gemma
claude,96.28219610502443,96.97042409984466,92.58755280575375,98.02332939436391
gpt4o,95.71385235502441,96.97042409984466,97.71993038779044,98.6843856443639
gpt4omini_rescued,65.46313619675064,69.35649387756881,95.93141790451011,99.02611970344721
gemma_rescued,21.810523214216467,50.37622197624939,6.307337988043011,83.28779398900619
