series,n,mean,median,min,max
flow,285,83.047965,89.0,0.8,100.0
batch,135,71.572667,80.0,0.3,100.0
