family,semantic_match_rate_pct,flowpilot_match_rate_pct,n_queries,absolute_improvement_pct
TiO₂,87.14285714,98.57142857,14,11.42857143
Iridium,40.0,95.0,8,55.0
Ruthenium,77.33333333,94.66666667,15,17.33333333
Organic dye,42.66666667,90.66666667,15,48.0
ZnO,45.0,60.0,4,15.0
