candidate_id,generator_model,architecture,case,json_path,field,value
H-CC77E4A,Qwen3.6-27B,One-shot,CuAAC,$.proposal.residence_time_min,residence_time_min,3.0
H-CC77E4A,Qwen3.6-27B,One-shot,CuAAC,$.proposal.flow_rate_mL_min,flow_rate_mL_min,0.1
H-CC77E4A,Qwen3.6-27B,One-shot,CuAAC,$.proposal.temperature_C,temperature_C,150.0
H-CC77E4A,Qwen3.6-27B,One-shot,CuAAC,$.proposal.concentration_M,concentration_M,0.25
H-CC77E4A,Qwen3.6-27B,One-shot,CuAAC,$.proposal.BPR_bar,BPR_bar,20.0
H-CC77E4A,Qwen3.6-27B,One-shot,CuAAC,$.proposal.tubing_ID_mm,tubing_ID_mm,4.0
H-CC77E4A,Qwen3.6-27B,One-shot,CuAAC,$.proposal.reactor_volume_mL,reactor_volume_mL,0.3
H-CC77E4A,Qwen3.6-27B,One-shot,CuAAC,$.proposal.residence_time_inlet_min,residence_time_inlet_min,0.0
H-CC77E4A,Qwen3.6-27B,One-shot,CuAAC,$.proposal.residence_time_in_channel_min,residence_time_in_channel_min,0.0
H-CC77E4A,Qwen3.6-27B,One-shot,CuAAC,$.proposal.streams[0].flow_rate_mL_min,flow_rate_mL_min,0.1
H-CC77E4A,Qwen3.6-27B,One-shot,CuAAC,$.proposal.streams[0].molar_equiv,molar_equiv,1.0
H-CC77E4A,Qwen3.6-27B,One-shot,CuAAC,$.proposal.stage_parameters[0].flow_rate_mL_min,flow_rate_mL_min,0.1
H-CC77E4A,Qwen3.6-27B,One-shot,CuAAC,$.proposal.stage_parameters[0].temperature_C,temperature_C,25
H-CC77E4A,Qwen3.6-27B,One-shot,CuAAC,$.proposal.stage_parameters[0].pressure_bar,pressure_bar,20.0
H-CC77E4A,Qwen3.6-27B,One-shot,CuAAC,$.proposal.stage_parameters[1].flow_rate_mL_min,flow_rate_mL_min,0.1
H-CC77E4A,Qwen3.6-27B,One-shot,CuAAC,$.proposal.stage_parameters[1].temperature_C,temperature_C,150
H-CC77E4A,Qwen3.6-27B,One-shot,CuAAC,$.proposal.stage_parameters[1].pressure_bar,pressure_bar,20.0
H-CC77E4A,Qwen3.6-27B,One-shot,CuAAC,$.proposal.stage_parameters[1].residence_time_min,residence_time_min,3.0
H-CC77E4A,Qwen3.6-27B,One-shot,CuAAC,$.proposal.stage_parameters[1].volume_mL,volume_mL,0.3
H-CC77E4A,Qwen3.6-27B,One-shot,CuAAC,$.proposal.stage_parameters[2].flow_rate_mL_min,flow_rate_mL_min,0.1
H-CC77E4A,Qwen3.6-27B,One-shot,CuAAC,$.proposal.stage_parameters[2].temperature_C,temperature_C,25
H-CC77E4A,Qwen3.6-27B,One-shot,CuAAC,$.proposal.stage_parameters[2].pressure_bar,pressure_bar,1.0
H-CC77E4A,Qwen3.6-27B,One-shot,CuAAC,$.raw_proposal.residence_time_min,residence_time_min,3.0
H-CC77E4A,Qwen3.6-27B,One-shot,CuAAC,$.raw_proposal.flow_rate_mL_min,flow_rate_mL_min,0.1
H-CC77E4A,Qwen3.6-27B,One-shot,CuAAC,$.raw_proposal.temperature_C,temperature_C,150
H-CC77E4A,Qwen3.6-27B,One-shot,CuAAC,$.raw_proposal.concentration_M,concentration_M,0.25
H-CC77E4A,Qwen3.6-27B,One-shot,CuAAC,$.raw_proposal.BPR_bar,BPR_bar,20.0
H-CC77E4A,Qwen3.6-27B,One-shot,CuAAC,$.raw_proposal.tubing_ID_mm,tubing_ID_mm,4.0
H-CC77E4A,Qwen3.6-27B,One-shot,CuAAC,$.raw_proposal.reactor_volume_mL,reactor_volume_mL,0.3
H-CC77E4A,Qwen3.6-27B,One-shot,CuAAC,$.raw_proposal.residence_time_inlet_min,residence_time_inlet_min,0.0
H-CC77E4A,Qwen3.6-27B,One-shot,CuAAC,$.raw_proposal.residence_time_in_channel_min,residence_time_in_channel_min,0.0
H-CC77E4A,Qwen3.6-27B,One-shot,CuAAC,$.raw_proposal.streams[0].flow_rate_mL_min,flow_rate_mL_min,0.1
H-CC77E4A,Qwen3.6-27B,One-shot,CuAAC,$.raw_proposal.streams[0].composition.reagents[0].equiv,equiv,1.0
H-CC77E4A,Qwen3.6-27B,One-shot,CuAAC,$.raw_proposal.streams[0].composition.reagents[1].equiv,equiv,1.1
H-CC77E4A,Qwen3.6-27B,One-shot,CuAAC,$.raw_proposal.streams[0].composition.concentration_M,concentration_M,0.25
H-CC77E4A,Qwen3.6-27B,One-shot,CuAAC,$.raw_proposal.streams[0].molar_equiv,molar_equiv,1.0
H-CC77E4A,Qwen3.6-27B,One-shot,CuAAC,$.raw_proposal.stage_parameters[0].flow_rate_mL_min,flow_rate_mL_min,0.1
H-CC77E4A,Qwen3.6-27B,One-shot,CuAAC,$.raw_proposal.stage_parameters[0].temperature_C,temperature_C,25
H-CC77E4A,Qwen3.6-27B,One-shot,CuAAC,$.raw_proposal.stage_parameters[0].pressure_bar,pressure_bar,20.0
H-CC77E4A,Qwen3.6-27B,One-shot,CuAAC,$.raw_proposal.stage_parameters[1].flow_rate_mL_min,flow_rate_mL_min,0.1
H-CC77E4A,Qwen3.6-27B,One-shot,CuAAC,$.raw_proposal.stage_parameters[1].temperature_C,temperature_C,150
H-CC77E4A,Qwen3.6-27B,One-shot,CuAAC,$.raw_proposal.stage_parameters[1].pressure_bar,pressure_bar,20.0
H-CC77E4A,Qwen3.6-27B,One-shot,CuAAC,$.raw_proposal.stage_parameters[1].residence_time_min,residence_time_min,3.0
H-CC77E4A,Qwen3.6-27B,One-shot,CuAAC,$.raw_proposal.stage_parameters[1].volume_mL,volume_mL,0.3
H-CC77E4A,Qwen3.6-27B,One-shot,CuAAC,$.raw_proposal.stage_parameters[2].flow_rate_mL_min,flow_rate_mL_min,0.1
H-CC77E4A,Qwen3.6-27B,One-shot,CuAAC,$.raw_proposal.stage_parameters[2].temperature_C,temperature_C,25
H-CC77E4A,Qwen3.6-27B,One-shot,CuAAC,$.raw_proposal.stage_parameters[2].pressure_bar,pressure_bar,1.0
H-CC77E4A,Qwen3.6-27B,One-shot,CuAAC,$.response_envelope.proposal.residence_time_min,residence_time_min,3.0
H-CC77E4A,Qwen3.6-27B,One-shot,CuAAC,$.response_envelope.proposal.flow_rate_mL_min,flow_rate_mL_min,0.1
H-CC77E4A,Qwen3.6-27B,One-shot,CuAAC,$.response_envelope.proposal.temperature_C,temperature_C,150
H-CC77E4A,Qwen3.6-27B,One-shot,CuAAC,$.response_envelope.proposal.concentration_M,concentration_M,0.25
H-CC77E4A,Qwen3.6-27B,One-shot,CuAAC,$.response_envelope.proposal.BPR_bar,BPR_bar,20.0
H-CC77E4A,Qwen3.6-27B,One-shot,CuAAC,$.response_envelope.proposal.tubing_ID_mm,tubing_ID_mm,4.0
H-CC77E4A,Qwen3.6-27B,One-shot,CuAAC,$.response_envelope.proposal.reactor_volume_mL,reactor_volume_mL,0.3
H-CC77E4A,Qwen3.6-27B,One-shot,CuAAC,$.response_envelope.proposal.residence_time_inlet_min,residence_time_inlet_min,0.0
H-CC77E4A,Qwen3.6-27B,One-shot,CuAAC,$.response_envelope.proposal.residence_time_in_channel_min,residence_time_in_channel_min,0.0
H-CC77E4A,Qwen3.6-27B,One-shot,CuAAC,$.response_envelope.proposal.streams[0].flow_rate_mL_min,flow_rate_mL_min,0.1
H-CC77E4A,Qwen3.6-27B,One-shot,CuAAC,$.response_envelope.proposal.streams[0].composition.reagents[0].equiv,equiv,1.0
H-CC77E4A,Qwen3.6-27B,One-shot,CuAAC,$.response_envelope.proposal.streams[0].composition.reagents[1].equiv,equiv,1.1
H-CC77E4A,Qwen3.6-27B,One-shot,CuAAC,$.response_envelope.proposal.streams[0].composition.concentration_M,concentration_M,0.25
H-CC77E4A,Qwen3.6-27B,One-shot,CuAAC,$.response_envelope.proposal.streams[0].molar_equiv,molar_equiv,1.0
H-CC77E4A,Qwen3.6-27B,One-shot,CuAAC,$.response_envelope.proposal.stage_parameters[0].flow_rate_mL_min,flow_rate_mL_min,0.1
H-CC77E4A,Qwen3.6-27B,One-shot,CuAAC,$.response_envelope.proposal.stage_parameters[0].temperature_C,temperature_C,25
H-CC77E4A,Qwen3.6-27B,One-shot,CuAAC,$.response_envelope.proposal.stage_parameters[0].pressure_bar,pressure_bar,20.0
H-CC77E4A,Qwen3.6-27B,One-shot,CuAAC,$.response_envelope.proposal.stage_parameters[1].flow_rate_mL_min,flow_rate_mL_min,0.1
H-CC77E4A,Qwen3.6-27B,One-shot,CuAAC,$.response_envelope.proposal.stage_parameters[1].temperature_C,temperature_C,150
H-CC77E4A,Qwen3.6-27B,One-shot,CuAAC,$.response_envelope.proposal.stage_parameters[1].pressure_bar,pressure_bar,20.0
H-CC77E4A,Qwen3.6-27B,One-shot,CuAAC,$.response_envelope.proposal.stage_parameters[1].residence_time_min,residence_time_min,3.0
H-CC77E4A,Qwen3.6-27B,One-shot,CuAAC,$.response_envelope.proposal.stage_parameters[1].volume_mL,volume_mL,0.3
H-CC77E4A,Qwen3.6-27B,One-shot,CuAAC,$.response_envelope.proposal.stage_parameters[2].flow_rate_mL_min,flow_rate_mL_min,0.1
H-CC77E4A,Qwen3.6-27B,One-shot,CuAAC,$.response_envelope.proposal.stage_parameters[2].temperature_C,temperature_C,25
H-CC77E4A,Qwen3.6-27B,One-shot,CuAAC,$.response_envelope.proposal.stage_parameters[2].pressure_bar,pressure_bar,1.0
H-02AD5C9,Qwen3.6-27B,One-shot,Hydrogenolysis,$.proposal.residence_time_min,residence_time_min,300.0
H-02AD5C9,Qwen3.6-27B,One-shot,Hydrogenolysis,$.proposal.flow_rate_mL_min,flow_rate_mL_min,0.01
H-02AD5C9,Qwen3.6-27B,One-shot,Hydrogenolysis,$.proposal.temperature_C,temperature_C,60.0
H-02AD5C9,Qwen3.6-27B,One-shot,Hydrogenolysis,$.proposal.concentration_M,concentration_M,0.126
H-02AD5C9,Qwen3.6-27B,One-shot,Hydrogenolysis,$.proposal.BPR_bar,BPR_bar,21.0
H-02AD5C9,Qwen3.6-27B,One-shot,Hydrogenolysis,$.proposal.tubing_ID_mm,tubing_ID_mm,4.35
H-02AD5C9,Qwen3.6-27B,One-shot,Hydrogenolysis,$.proposal.reactor_volume_mL,reactor_volume_mL,3.0
H-02AD5C9,Qwen3.6-27B,One-shot,Hydrogenolysis,$.proposal.residence_time_inlet_min,residence_time_inlet_min,300.0
H-02AD5C9,Qwen3.6-27B,One-shot,Hydrogenolysis,$.proposal.residence_time_in_channel_min,residence_time_in_channel_min,300.0
H-02AD5C9,Qwen3.6-27B,One-shot,Hydrogenolysis,$.proposal.streams[0].concentration_M,concentration_M,0.126
H-02AD5C9,Qwen3.6-27B,One-shot,Hydrogenolysis,$.proposal.streams[0].flow_rate_mL_min,flow_rate_mL_min,0.01
H-02AD5C9,Qwen3.6-27B,One-shot,Hydrogenolysis,$.proposal.streams[0].gas_flow_sccm,gas_flow_sccm,0.0
H-02AD5C9,Qwen3.6-27B,One-shot,Hydrogenolysis,$.proposal.streams[0].gas_flow_actual_mL_min,gas_flow_actual_mL_min,0.0
H-02AD5C9,Qwen3.6-27B,One-shot,Hydrogenolysis,$.proposal.streams[0].molar_equiv,molar_equiv,0.0
H-02AD5C9,Qwen3.6-27B,One-shot,Hydrogenolysis,$.proposal.streams[1].concentration_M,concentration_M,0.0
H-02AD5C9,Qwen3.6-27B,One-shot,Hydrogenolysis,$.proposal.streams[1].flow_rate_mL_min,flow_rate_mL_min,0.0
H-02AD5C9,Qwen3.6-27B,One-shot,Hydrogenolysis,$.proposal.streams[1].gas_flow_sccm,gas_flow_sccm,50.0
H-02AD5C9,Qwen3.6-27B,One-shot,Hydrogenolysis,$.proposal.streams[1].gas_flow_actual_mL_min,gas_flow_actual_mL_min,0.00238
H-02AD5C9,Qwen3.6-27B,One-shot,Hydrogenolysis,$.proposal.streams[1].molar_equiv,molar_equiv,23.8
H-02AD5C9,Qwen3.6-27B,One-shot,Hydrogenolysis,$.proposal.stage_parameters[0].reactor.temperature_C,temperature_C,60.0
H-02AD5C9,Qwen3.6-27B,One-shot,Hydrogenolysis,$.proposal.stage_parameters[0].reactor.pressure_bar,pressure_bar,21.0
H-02AD5C9,Qwen3.6-27B,One-shot,Hydrogenolysis,$.proposal.stage_parameters[0].reactor.volume_mL,volume_mL,3.0
H-02AD5C9,Qwen3.6-27B,One-shot,Hydrogenolysis,$.proposal.multiphase_metrics.liquid_flow_mL_min,liquid_flow_mL_min,0.01
H-02AD5C9,Qwen3.6-27B,One-shot,Hydrogenolysis,$.proposal.multiphase_metrics.h2_molar_flow_mmol_min,h2_molar_flow_mmol_min,0.00113
H-02AD5C9,Qwen3.6-27B,One-shot,Hydrogenolysis,$.proposal.multiphase_metrics.dmaol_molar_flow_mmol_min,dmaol_molar_flow_mmol_min,1.26e-06
H-02AD5C9,Qwen3.6-27B,One-shot,Hydrogenolysis,$.proposal.multiphase_metrics.h2_equivalents,h2_equivalents,23.8
H-02AD5C9,Qwen3.6-27B,One-shot,Hydrogenolysis,$.raw_proposal.residence_time_min,residence_time_min,300.0
H-02AD5C9,Qwen3.6-27B,One-shot,Hydrogenolysis,$.raw_proposal.flow_rate_mL_min,flow_rate_mL_min,0.01
H-02AD5C9,Qwen3.6-27B,One-shot,Hydrogenolysis,$.raw_proposal.temperature_C,temperature_C,60.0
H-02AD5C9,Qwen3.6-27B,One-shot,Hydrogenolysis,$.raw_proposal.concentration_M,concentration_M,0.126
H-02AD5C9,Qwen3.6-27B,One-shot,Hydrogenolysis,$.raw_proposal.BPR_bar,BPR_bar,21.0
H-02AD5C9,Qwen3.6-27B,One-shot,Hydrogenolysis,$.raw_proposal.tubing_ID_mm,tubing_ID_mm,4.35
H-02AD5C9,Qwen3.6-27B,One-shot,Hydrogenolysis,$.raw_proposal.reactor_volume_mL,reactor_volume_mL,3.0
H-02AD5C9,Qwen3.6-27B,One-shot,Hydrogenolysis,$.raw_proposal.residence_time_inlet_min,residence_time_inlet_min,300.0
H-02AD5C9,Qwen3.6-27B,One-shot,Hydrogenolysis,$.raw_proposal.residence_time_in_channel_min,residence_time_in_channel_min,300.0
H-02AD5C9,Qwen3.6-27B,One-shot,Hydrogenolysis,$.raw_proposal.streams[0].concentration_M,concentration_M,0.126
H-02AD5C9,Qwen3.6-27B,One-shot,Hydrogenolysis,$.raw_proposal.streams[0].flow_rate_mL_min,flow_rate_mL_min,0.01
H-02AD5C9,Qwen3.6-27B,One-shot,Hydrogenolysis,$.raw_proposal.streams[0].gas_flow_sccm,gas_flow_sccm,0
H-02AD5C9,Qwen3.6-27B,One-shot,Hydrogenolysis,$.raw_proposal.streams[0].gas_flow_actual_mL_min,gas_flow_actual_mL_min,0
H-02AD5C9,Qwen3.6-27B,One-shot,Hydrogenolysis,$.raw_proposal.streams[0].molar_equiv,molar_equiv,0
H-02AD5C9,Qwen3.6-27B,One-shot,Hydrogenolysis,$.raw_proposal.streams[1].concentration_M,concentration_M,0
H-02AD5C9,Qwen3.6-27B,One-shot,Hydrogenolysis,$.raw_proposal.streams[1].flow_rate_mL_min,flow_rate_mL_min,0
H-02AD5C9,Qwen3.6-27B,One-shot,Hydrogenolysis,$.raw_proposal.streams[1].gas_flow_sccm,gas_flow_sccm,50
H-02AD5C9,Qwen3.6-27B,One-shot,Hydrogenolysis,$.raw_proposal.streams[1].gas_flow_actual_mL_min,gas_flow_actual_mL_min,0.00238
H-02AD5C9,Qwen3.6-27B,One-shot,Hydrogenolysis,$.raw_proposal.streams[1].molar_equiv,molar_equiv,23.8
H-02AD5C9,Qwen3.6-27B,One-shot,Hydrogenolysis,$.raw_proposal.stage_parameters.reactor.temperature_C,temperature_C,60.0
H-02AD5C9,Qwen3.6-27B,One-shot,Hydrogenolysis,$.raw_proposal.stage_parameters.reactor.pressure_bar,pressure_bar,21.0
H-02AD5C9,Qwen3.6-27B,One-shot,Hydrogenolysis,$.raw_proposal.stage_parameters.reactor.volume_mL,volume_mL,3.0
H-02AD5C9,Qwen3.6-27B,One-shot,Hydrogenolysis,$.raw_proposal.multiphase_metrics.liquid_flow_mL_min,liquid_flow_mL_min,0.01
H-02AD5C9,Qwen3.6-27B,One-shot,Hydrogenolysis,$.raw_proposal.multiphase_metrics.h2_molar_flow_mmol_min,h2_molar_flow_mmol_min,0.00113
H-02AD5C9,Qwen3.6-27B,One-shot,Hydrogenolysis,$.raw_proposal.multiphase_metrics.dmaol_molar_flow_mmol_min,dmaol_molar_flow_mmol_min,1.26e-06
H-02AD5C9,Qwen3.6-27B,One-shot,Hydrogenolysis,$.raw_proposal.multiphase_metrics.h2_equivalents,h2_equivalents,23.8
H-02AD5C9,Qwen3.6-27B,One-shot,Hydrogenolysis,$.response_envelope.proposal.residence_time_min,residence_time_min,300.0
H-02AD5C9,Qwen3.6-27B,One-shot,Hydrogenolysis,$.response_envelope.proposal.flow_rate_mL_min,flow_rate_mL_min,0.01
H-02AD5C9,Qwen3.6-27B,One-shot,Hydrogenolysis,$.response_envelope.proposal.temperature_C,temperature_C,60.0
H-02AD5C9,Qwen3.6-27B,One-shot,Hydrogenolysis,$.response_envelope.proposal.concentration_M,concentration_M,0.126
H-02AD5C9,Qwen3.6-27B,One-shot,Hydrogenolysis,$.response_envelope.proposal.BPR_bar,BPR_bar,21.0
H-02AD5C9,Qwen3.6-27B,One-shot,Hydrogenolysis,$.response_envelope.proposal.tubing_ID_mm,tubing_ID_mm,4.35
H-02AD5C9,Qwen3.6-27B,One-shot,Hydrogenolysis,$.response_envelope.proposal.reactor_volume_mL,reactor_volume_mL,3.0
H-02AD5C9,Qwen3.6-27B,One-shot,Hydrogenolysis,$.response_envelope.proposal.residence_time_inlet_min,residence_time_inlet_min,300.0
H-02AD5C9,Qwen3.6-27B,One-shot,Hydrogenolysis,$.response_envelope.proposal.residence_time_in_channel_min,residence_time_in_channel_min,300.0
H-02AD5C9,Qwen3.6-27B,One-shot,Hydrogenolysis,$.response_envelope.proposal.streams[0].concentration_M,concentration_M,0.126
H-02AD5C9,Qwen3.6-27B,One-shot,Hydrogenolysis,$.response_envelope.proposal.streams[0].flow_rate_mL_min,flow_rate_mL_min,0.01
H-02AD5C9,Qwen3.6-27B,One-shot,Hydrogenolysis,$.response_envelope.proposal.streams[0].gas_flow_sccm,gas_flow_sccm,0
H-02AD5C9,Qwen3.6-27B,One-shot,Hydrogenolysis,$.response_envelope.proposal.streams[0].gas_flow_actual_mL_min,gas_flow_actual_mL_min,0
H-02AD5C9,Qwen3.6-27B,One-shot,Hydrogenolysis,$.response_envelope.proposal.streams[0].molar_equiv,molar_equiv,0
H-02AD5C9,Qwen3.6-27B,One-shot,Hydrogenolysis,$.response_envelope.proposal.streams[1].concentration_M,concentration_M,0
H-02AD5C9,Qwen3.6-27B,One-shot,Hydrogenolysis,$.response_envelope.proposal.streams[1].flow_rate_mL_min,flow_rate_mL_min,0
H-02AD5C9,Qwen3.6-27B,One-shot,Hydrogenolysis,$.response_envelope.proposal.streams[1].gas_flow_sccm,gas_flow_sccm,50
H-02AD5C9,Qwen3.6-27B,One-shot,Hydrogenolysis,$.response_envelope.proposal.streams[1].gas_flow_actual_mL_min,gas_flow_actual_mL_min,0.00238
H-02AD5C9,Qwen3.6-27B,One-shot,Hydrogenolysis,$.response_envelope.proposal.streams[1].molar_equiv,molar_equiv,23.8
H-02AD5C9,Qwen3.6-27B,One-shot,Hydrogenolysis,$.response_envelope.proposal.stage_parameters.reactor.temperature_C,temperature_C,60.0
H-02AD5C9,Qwen3.6-27B,One-shot,Hydrogenolysis,$.response_envelope.proposal.stage_parameters.reactor.pressure_bar,pressure_bar,21.0
H-02AD5C9,Qwen3.6-27B,One-shot,Hydrogenolysis,$.response_envelope.proposal.stage_parameters.reactor.volume_mL,volume_mL,3.0
H-02AD5C9,Qwen3.6-27B,One-shot,Hydrogenolysis,$.response_envelope.proposal.multiphase_metrics.liquid_flow_mL_min,liquid_flow_mL_min,0.01
H-02AD5C9,Qwen3.6-27B,One-shot,Hydrogenolysis,$.response_envelope.proposal.multiphase_metrics.h2_molar_flow_mmol_min,h2_molar_flow_mmol_min,0.00113
H-02AD5C9,Qwen3.6-27B,One-shot,Hydrogenolysis,$.response_envelope.proposal.multiphase_metrics.dmaol_molar_flow_mmol_min,dmaol_molar_flow_mmol_min,1.26e-06
H-02AD5C9,Qwen3.6-27B,One-shot,Hydrogenolysis,$.response_envelope.proposal.multiphase_metrics.h2_equivalents,h2_equivalents,23.8
H-DE9C0F9,Qwen3.6-27B,One-shot,Two-stage amidation,$.proposal.residence_time_min,residence_time_min,15.04
H-DE9C0F9,Qwen3.6-27B,One-shot,Two-stage amidation,$.proposal.flow_rate_mL_min,flow_rate_mL_min,1.5
H-DE9C0F9,Qwen3.6-27B,One-shot,Two-stage amidation,$.proposal.temperature_C,temperature_C,80.0
H-DE9C0F9,Qwen3.6-27B,One-shot,Two-stage amidation,$.proposal.concentration_M,concentration_M,0.667
H-DE9C0F9,Qwen3.6-27B,One-shot,Two-stage amidation,$.proposal.BPR_bar,BPR_bar,0.0
H-DE9C0F9,Qwen3.6-27B,One-shot,Two-stage amidation,$.proposal.tubing_ID_mm,tubing_ID_mm,0.5
H-DE9C0F9,Qwen3.6-27B,One-shot,Two-stage amidation,$.proposal.reactor_volume_mL,reactor_volume_mL,15.04
H-DE9C0F9,Qwen3.6-27B,One-shot,Two-stage amidation,$.proposal.streams[0].concentration_M,concentration_M,0.667
H-DE9C0F9,Qwen3.6-27B,One-shot,Two-stage amidation,$.proposal.streams[0].flow_rate_mL_min,flow_rate_mL_min,0.5
H-DE9C0F9,Qwen3.6-27B,One-shot,Two-stage amidation,$.proposal.streams[0].gas_flow_sccm,gas_flow_sccm,0.0
H-DE9C0F9,Qwen3.6-27B,One-shot,Two-stage amidation,$.proposal.streams[0].gas_flow_actual_mL_min,gas_flow_actual_mL_min,0.0
H-DE9C0F9,Qwen3.6-27B,One-shot,Two-stage amidation,$.proposal.streams[0].molar_equiv,molar_equiv,1.0
H-DE9C0F9,Qwen3.6-27B,One-shot,Two-stage amidation,$.proposal.streams[1].concentration_M,concentration_M,1.334
H-DE9C0F9,Qwen3.6-27B,One-shot,Two-stage amidation,$.proposal.streams[1].flow_rate_mL_min,flow_rate_mL_min,0.5
H-DE9C0F9,Qwen3.6-27B,One-shot,Two-stage amidation,$.proposal.streams[1].gas_flow_sccm,gas_flow_sccm,0.0
H-DE9C0F9,Qwen3.6-27B,One-shot,Two-stage amidation,$.proposal.streams[1].gas_flow_actual_mL_min,gas_flow_actual_mL_min,0.0
H-DE9C0F9,Qwen3.6-27B,One-shot,Two-stage amidation,$.proposal.streams[1].molar_equiv,molar_equiv,2.0
H-DE9C0F9,Qwen3.6-27B,One-shot,Two-stage amidation,$.proposal.streams[2].concentration_M,concentration_M,0.667
H-DE9C0F9,Qwen3.6-27B,One-shot,Two-stage amidation,$.proposal.streams[2].flow_rate_mL_min,flow_rate_mL_min,0.5
H-DE9C0F9,Qwen3.6-27B,One-shot,Two-stage amidation,$.proposal.streams[2].gas_flow_sccm,gas_flow_sccm,0.0
H-DE9C0F9,Qwen3.6-27B,One-shot,Two-stage amidation,$.proposal.streams[2].gas_flow_actual_mL_min,gas_flow_actual_mL_min,0.0
H-DE9C0F9,Qwen3.6-27B,One-shot,Two-stage amidation,$.proposal.streams[2].molar_equiv,molar_equiv,1.0
H-DE9C0F9,Qwen3.6-27B,One-shot,Two-stage amidation,$.proposal.stage_parameters[0].temperature_C,temperature_C,70.0
H-DE9C0F9,Qwen3.6-27B,One-shot,Two-stage amidation,$.proposal.stage_parameters[0].reactor_volume_mL,reactor_volume_mL,1.96
H-DE9C0F9,Qwen3.6-27B,One-shot,Two-stage amidation,$.proposal.stage_parameters[0].cumulative_flow_mL_min,cumulative_flow_mL_min,1.0
H-DE9C0F9,Qwen3.6-27B,One-shot,Two-stage amidation,$.proposal.stage_parameters[0].residence_time_min,residence_time_min,1.96
H-DE9C0F9,Qwen3.6-27B,One-shot,Two-stage amidation,$.proposal.stage_parameters[1].temperature_C,temperature_C,80.0
H-DE9C0F9,Qwen3.6-27B,One-shot,Two-stage amidation,$.proposal.stage_parameters[1].reactor_volume_mL,reactor_volume_mL,13.08
H-DE9C0F9,Qwen3.6-27B,One-shot,Two-stage amidation,$.proposal.stage_parameters[1].cumulative_flow_mL_min,cumulative_flow_mL_min,1.5
H-DE9C0F9,Qwen3.6-27B,One-shot,Two-stage amidation,$.proposal.stage_parameters[1].residence_time_min,residence_time_min,8.72
H-DE9C0F9,Qwen3.6-27B,One-shot,Two-stage amidation,$.raw_proposal.residence_time_min,residence_time_min,15.04
H-DE9C0F9,Qwen3.6-27B,One-shot,Two-stage amidation,$.raw_proposal.flow_rate_mL_min,flow_rate_mL_min,1.5
H-DE9C0F9,Qwen3.6-27B,One-shot,Two-stage amidation,$.raw_proposal.temperature_C,temperature_C,80.0
H-DE9C0F9,Qwen3.6-27B,One-shot,Two-stage amidation,$.raw_proposal.concentration_M,concentration_M,0.667
H-DE9C0F9,Qwen3.6-27B,One-shot,Two-stage amidation,$.raw_proposal.BPR_bar,BPR_bar,0.0
H-DE9C0F9,Qwen3.6-27B,One-shot,Two-stage amidation,$.raw_proposal.tubing_ID_mm,tubing_ID_mm,0.5
H-DE9C0F9,Qwen3.6-27B,One-shot,Two-stage amidation,$.raw_proposal.reactor_volume_mL,reactor_volume_mL,15.04
H-DE9C0F9,Qwen3.6-27B,One-shot,Two-stage amidation,$.raw_proposal.streams[0].concentration_M,concentration_M,0.667
H-DE9C0F9,Qwen3.6-27B,One-shot,Two-stage amidation,$.raw_proposal.streams[0].flow_rate_mL_min,flow_rate_mL_min,0.5
H-DE9C0F9,Qwen3.6-27B,One-shot,Two-stage amidation,$.raw_proposal.streams[0].gas_flow_sccm,gas_flow_sccm,0
H-DE9C0F9,Qwen3.6-27B,One-shot,Two-stage amidation,$.raw_proposal.streams[0].gas_flow_actual_mL_min,gas_flow_actual_mL_min,0
H-DE9C0F9,Qwen3.6-27B,One-shot,Two-stage amidation,$.raw_proposal.streams[0].molar_equiv,molar_equiv,1.0
H-DE9C0F9,Qwen3.6-27B,One-shot,Two-stage amidation,$.raw_proposal.streams[1].concentration_M,concentration_M,1.334
H-DE9C0F9,Qwen3.6-27B,One-shot,Two-stage amidation,$.raw_proposal.streams[1].flow_rate_mL_min,flow_rate_mL_min,0.5
H-DE9C0F9,Qwen3.6-27B,One-shot,Two-stage amidation,$.raw_proposal.streams[1].gas_flow_sccm,gas_flow_sccm,0
H-DE9C0F9,Qwen3.6-27B,One-shot,Two-stage amidation,$.raw_proposal.streams[1].gas_flow_actual_mL_min,gas_flow_actual_mL_min,0
H-DE9C0F9,Qwen3.6-27B,One-shot,Two-stage amidation,$.raw_proposal.streams[1].molar_equiv,molar_equiv,2.0
H-DE9C0F9,Qwen3.6-27B,One-shot,Two-stage amidation,$.raw_proposal.streams[2].concentration_M,concentration_M,0.667
H-DE9C0F9,Qwen3.6-27B,One-shot,Two-stage amidation,$.raw_proposal.streams[2].flow_rate_mL_min,flow_rate_mL_min,0.5
H-DE9C0F9,Qwen3.6-27B,One-shot,Two-stage amidation,$.raw_proposal.streams[2].gas_flow_sccm,gas_flow_sccm,0
H-DE9C0F9,Qwen3.6-27B,One-shot,Two-stage amidation,$.raw_proposal.streams[2].gas_flow_actual_mL_min,gas_flow_actual_mL_min,0
H-DE9C0F9,Qwen3.6-27B,One-shot,Two-stage amidation,$.raw_proposal.streams[2].molar_equiv,molar_equiv,1.0
H-DE9C0F9,Qwen3.6-27B,One-shot,Two-stage amidation,$.raw_proposal.stage_parameters[0].temperature_C,temperature_C,70.0
H-DE9C0F9,Qwen3.6-27B,One-shot,Two-stage amidation,$.raw_proposal.stage_parameters[0].reactor_volume_mL,reactor_volume_mL,1.96
H-DE9C0F9,Qwen3.6-27B,One-shot,Two-stage amidation,$.raw_proposal.stage_parameters[0].cumulative_flow_mL_min,cumulative_flow_mL_min,1.0
H-DE9C0F9,Qwen3.6-27B,One-shot,Two-stage amidation,$.raw_proposal.stage_parameters[0].residence_time_min,residence_time_min,1.96
H-DE9C0F9,Qwen3.6-27B,One-shot,Two-stage amidation,$.raw_proposal.stage_parameters[1].temperature_C,temperature_C,80.0
H-DE9C0F9,Qwen3.6-27B,One-shot,Two-stage amidation,$.raw_proposal.stage_parameters[1].reactor_volume_mL,reactor_volume_mL,13.08
H-DE9C0F9,Qwen3.6-27B,One-shot,Two-stage amidation,$.raw_proposal.stage_parameters[1].cumulative_flow_mL_min,cumulative_flow_mL_min,1.5
H-DE9C0F9,Qwen3.6-27B,One-shot,Two-stage amidation,$.raw_proposal.stage_parameters[1].residence_time_min,residence_time_min,8.72
H-DE9C0F9,Qwen3.6-27B,One-shot,Two-stage amidation,$.response_envelope.proposal.residence_time_min,residence_time_min,15.04
H-DE9C0F9,Qwen3.6-27B,One-shot,Two-stage amidation,$.response_envelope.proposal.flow_rate_mL_min,flow_rate_mL_min,1.5
H-DE9C0F9,Qwen3.6-27B,One-shot,Two-stage amidation,$.response_envelope.proposal.temperature_C,temperature_C,80.0
H-DE9C0F9,Qwen3.6-27B,One-shot,Two-stage amidation,$.response_envelope.proposal.concentration_M,concentration_M,0.667
H-DE9C0F9,Qwen3.6-27B,One-shot,Two-stage amidation,$.response_envelope.proposal.BPR_bar,BPR_bar,0.0
H-DE9C0F9,Qwen3.6-27B,One-shot,Two-stage amidation,$.response_envelope.proposal.tubing_ID_mm,tubing_ID_mm,0.5
H-DE9C0F9,Qwen3.6-27B,One-shot,Two-stage amidation,$.response_envelope.proposal.reactor_volume_mL,reactor_volume_mL,15.04
H-DE9C0F9,Qwen3.6-27B,One-shot,Two-stage amidation,$.response_envelope.proposal.streams[0].concentration_M,concentration_M,0.667
H-DE9C0F9,Qwen3.6-27B,One-shot,Two-stage amidation,$.response_envelope.proposal.streams[0].flow_rate_mL_min,flow_rate_mL_min,0.5
H-DE9C0F9,Qwen3.6-27B,One-shot,Two-stage amidation,$.response_envelope.proposal.streams[0].gas_flow_sccm,gas_flow_sccm,0
H-DE9C0F9,Qwen3.6-27B,One-shot,Two-stage amidation,$.response_envelope.proposal.streams[0].gas_flow_actual_mL_min,gas_flow_actual_mL_min,0
H-DE9C0F9,Qwen3.6-27B,One-shot,Two-stage amidation,$.response_envelope.proposal.streams[0].molar_equiv,molar_equiv,1.0
H-DE9C0F9,Qwen3.6-27B,One-shot,Two-stage amidation,$.response_envelope.proposal.streams[1].concentration_M,concentration_M,1.334
H-DE9C0F9,Qwen3.6-27B,One-shot,Two-stage amidation,$.response_envelope.proposal.streams[1].flow_rate_mL_min,flow_rate_mL_min,0.5
H-DE9C0F9,Qwen3.6-27B,One-shot,Two-stage amidation,$.response_envelope.proposal.streams[1].gas_flow_sccm,gas_flow_sccm,0
H-DE9C0F9,Qwen3.6-27B,One-shot,Two-stage amidation,$.response_envelope.proposal.streams[1].gas_flow_actual_mL_min,gas_flow_actual_mL_min,0
H-DE9C0F9,Qwen3.6-27B,One-shot,Two-stage amidation,$.response_envelope.proposal.streams[1].molar_equiv,molar_equiv,2.0
H-DE9C0F9,Qwen3.6-27B,One-shot,Two-stage amidation,$.response_envelope.proposal.streams[2].concentration_M,concentration_M,0.667
H-DE9C0F9,Qwen3.6-27B,One-shot,Two-stage amidation,$.response_envelope.proposal.streams[2].flow_rate_mL_min,flow_rate_mL_min,0.5
H-DE9C0F9,Qwen3.6-27B,One-shot,Two-stage amidation,$.response_envelope.proposal.streams[2].gas_flow_sccm,gas_flow_sccm,0
H-DE9C0F9,Qwen3.6-27B,One-shot,Two-stage amidation,$.response_envelope.proposal.streams[2].gas_flow_actual_mL_min,gas_flow_actual_mL_min,0
H-DE9C0F9,Qwen3.6-27B,One-shot,Two-stage amidation,$.response_envelope.proposal.streams[2].molar_equiv,molar_equiv,1.0
H-DE9C0F9,Qwen3.6-27B,One-shot,Two-stage amidation,$.response_envelope.proposal.stage_parameters[0].temperature_C,temperature_C,70.0
H-DE9C0F9,Qwen3.6-27B,One-shot,Two-stage amidation,$.response_envelope.proposal.stage_parameters[0].reactor_volume_mL,reactor_volume_mL,1.96
H-DE9C0F9,Qwen3.6-27B,One-shot,Two-stage amidation,$.response_envelope.proposal.stage_parameters[0].cumulative_flow_mL_min,cumulative_flow_mL_min,1.0
H-DE9C0F9,Qwen3.6-27B,One-shot,Two-stage amidation,$.response_envelope.proposal.stage_parameters[0].residence_time_min,residence_time_min,1.96
H-DE9C0F9,Qwen3.6-27B,One-shot,Two-stage amidation,$.response_envelope.proposal.stage_parameters[1].temperature_C,temperature_C,80.0
H-DE9C0F9,Qwen3.6-27B,One-shot,Two-stage amidation,$.response_envelope.proposal.stage_parameters[1].reactor_volume_mL,reactor_volume_mL,13.08
H-DE9C0F9,Qwen3.6-27B,One-shot,Two-stage amidation,$.response_envelope.proposal.stage_parameters[1].cumulative_flow_mL_min,cumulative_flow_mL_min,1.5
H-DE9C0F9,Qwen3.6-27B,One-shot,Two-stage amidation,$.response_envelope.proposal.stage_parameters[1].residence_time_min,residence_time_min,8.72
H-DF8A379,Qwen3.6-27B,FlowPilot,CuAAC,$.proposal.residence_time_min,residence_time_min,2.700027
H-DF8A379,Qwen3.6-27B,FlowPilot,CuAAC,$.proposal.flow_rate_mL_min,flow_rate_mL_min,0.11111
H-DF8A379,Qwen3.6-27B,FlowPilot,CuAAC,$.proposal.temperature_C,temperature_C,150.0
H-DF8A379,Qwen3.6-27B,FlowPilot,CuAAC,$.proposal.concentration_M,concentration_M,0.25
H-DF8A379,Qwen3.6-27B,FlowPilot,CuAAC,$.proposal.BPR_bar,BPR_bar,20.0
H-DF8A379,Qwen3.6-27B,FlowPilot,CuAAC,$.proposal.tubing_ID_mm,tubing_ID_mm,4.0
H-DF8A379,Qwen3.6-27B,FlowPilot,CuAAC,$.proposal.reactor_volume_mL,reactor_volume_mL,0.3
H-DF8A379,Qwen3.6-27B,FlowPilot,CuAAC,$.proposal.residence_time_inlet_min,residence_time_inlet_min,2.700027
H-DF8A379,Qwen3.6-27B,FlowPilot,CuAAC,$.proposal.residence_time_in_channel_min,residence_time_in_channel_min,2.700027
H-DF8A379,Qwen3.6-27B,FlowPilot,CuAAC,$.proposal.streams[0].concentration_M,concentration_M,0.25
H-DF8A379,Qwen3.6-27B,FlowPilot,CuAAC,$.proposal.streams[0].flow_rate_mL_min,flow_rate_mL_min,0.11111
H-DF8A379,Qwen3.6-27B,FlowPilot,CuAAC,$.proposal.streams[0].molar_equiv,molar_equiv,1.1
H-DF8A379,Qwen3.6-27B,FlowPilot,CuAAC,$.proposal.heat_transfer_metrics.surface_to_volume_m_inv,surface_to_volume_m_inv,1000.0
H-DF8A379,Qwen3.6-27B,FlowPilot,CuAAC,$.proposal.heat_transfer_metrics.UA_W_K,UA_W_K,0.090101
H-DF8A379,Qwen3.6-27B,FlowPilot,CuAAC,$.proposal.heat_transfer_metrics.thermal_damkohler,thermal_damkohler,0.086736
H-DF8A379,Qwen3.6-27B,FlowPilot,CuAAC,$.proposal.inventory_selection.volume_mL,volume_mL,0.3
H-DF8A379,Qwen3.6-27B,FlowPilot,CuAAC,$.proposal.inventory_constraints.selected_reactor.volume_mL,volume_mL,0.3
H-DF8A379,Qwen3.6-27B,FlowPilot,CuAAC,$.proposal.inventory_constraints.selected_pump.max_pressure_bar,max_pressure_bar,40.0
H-DF8A379,Qwen3.6-27B,FlowPilot,CuAAC,$.proposal.inventory_constraints.selected_pump.max_flow_rate_mL_min,max_flow_rate_mL_min,3.0
H-DF8A379,Qwen3.6-27B,FlowPilot,CuAAC,$.proposal.inventory_constraints.selected_pump.min_flow_rate_mL_min,min_flow_rate_mL_min,0.1
H-DF8A379,Qwen3.6-27B,FlowPilot,CuAAC,$.proposal.inventory_constraints.flow_recalculation.requested_residence_time_min,requested_residence_time_min,2.7
H-DF8A379,Qwen3.6-27B,FlowPilot,CuAAC,$.proposal.inventory_constraints.flow_recalculation.pump_min_flow_rate_mL_min,pump_min_flow_rate_mL_min,0.1
H-DF8A379,Qwen3.6-27B,FlowPilot,CuAAC,$.proposal.inventory_constraints.flow_recalculation.pump_max_flow_rate_mL_min,pump_max_flow_rate_mL_min,3.0
H-DF8A379,Qwen3.6-27B,FlowPilot,CuAAC,$.proposal.inventory_constraints.flow_recalculation.liquid_flow_rate_mL_min,liquid_flow_rate_mL_min,0.11111
H-DF8A379,Qwen3.6-27B,FlowPilot,CuAAC,$.proposal.inventory_constraints.final_validation.design_realization.decisions[0].selected_BPR_bar,selected_BPR_bar,20.0
H-DF8A379,Qwen3.6-27B,FlowPilot,CuAAC,$.proposal.inventory_constraints.final_validation.design_realization.decisions[1].total_reactive_liquid_flow_mL_min,total_reactive_liquid_flow_mL_min,0.11111
H-DF8A379,Qwen3.6-27B,FlowPilot,CuAAC,$.proposal.inventory_constraints.final_validation.design_realization.decisions[2].volume_mL,volume_mL,0.3
H-DF8A379,Qwen3.6-27B,FlowPilot,CuAAC,$.proposal.inventory_constraints.final_validation.design_realization.decisions[3].volume_mL,volume_mL,0.3
H-DF8A379,Qwen3.6-27B,FlowPilot,CuAAC,$.proposal.inventory_constraints.final_validation.design_realization.decisions[3].liquid_flow_mL_min,liquid_flow_mL_min,0.11111
H-DF8A379,Qwen3.6-27B,FlowPilot,CuAAC,$.proposal.inventory_constraints.final_validation.design_realization.feed_assignments[0].flow_rate_mL_min,flow_rate_mL_min,0.11111
H-DF8A379,Qwen3.6-27B,FlowPilot,CuAAC,$.proposal.inventory_constraints.final_validation.design_realization.feed_assignments[0].concentration_M,concentration_M,0.25
H-DF8A379,Qwen3.6-27B,FlowPilot,CuAAC,$.proposal.inventory_constraints.final_validation.design_realization.feed_assignments[0].molar_equiv,molar_equiv,1.1
H-DF8A379,Qwen3.6-27B,FlowPilot,CuAAC,$.proposal.inventory_constraints.design_realization.decisions[0].selected_BPR_bar,selected_BPR_bar,20.0
H-DF8A379,Qwen3.6-27B,FlowPilot,CuAAC,$.proposal.inventory_constraints.design_realization.decisions[1].total_reactive_liquid_flow_mL_min,total_reactive_liquid_flow_mL_min,0.11111
H-DF8A379,Qwen3.6-27B,FlowPilot,CuAAC,$.proposal.inventory_constraints.design_realization.decisions[2].volume_mL,volume_mL,0.3
H-DF8A379,Qwen3.6-27B,FlowPilot,CuAAC,$.proposal.inventory_constraints.design_realization.decisions[3].volume_mL,volume_mL,0.3
H-DF8A379,Qwen3.6-27B,FlowPilot,CuAAC,$.proposal.inventory_constraints.design_realization.decisions[3].liquid_flow_mL_min,liquid_flow_mL_min,0.11111
H-DF8A379,Qwen3.6-27B,FlowPilot,CuAAC,$.proposal.inventory_constraints.design_realization.feed_assignments[0].flow_rate_mL_min,flow_rate_mL_min,0.11111
H-DF8A379,Qwen3.6-27B,FlowPilot,CuAAC,$.proposal.inventory_constraints.design_realization.feed_assignments[0].concentration_M,concentration_M,0.25
H-DF8A379,Qwen3.6-27B,FlowPilot,CuAAC,$.proposal.inventory_constraints.design_realization.feed_assignments[0].molar_equiv,molar_equiv,1.1
H-DF8A379,Qwen3.6-27B,FlowPilot,CuAAC,$.chemistry_plan.stream_logic[0].molar_equiv,molar_equiv,1.0
H-DF8A379,Qwen3.6-27B,FlowPilot,CuAAC,$.chemistry_plan.stream_logic[0].concentration_M,concentration_M,0.25
H-DF8A379,Qwen3.6-27B,FlowPilot,CuAAC,$.design_calculations.steps[1].values.k_flow,k_flow,0.01736655915391485
H-DF8A379,Qwen3.6-27B,FlowPilot,CuAAC,$.design_calculations.steps[6].values.UA_W_K,UA_W_K,0.090101
H-DF8A379,Qwen3.6-27B,FlowPilot,CuAAC,$.design_calculations.steps[7].values.bpr_bar,bpr_bar,11.8
H-DF8A379,Qwen3.6-27B,FlowPilot,CuAAC,$.design_calculations.steps[7].values.gas_pressure_abs_bar,gas_pressure_abs_bar,1.01325
H-DF8A379,Qwen3.6-27B,FlowPilot,CuAAC,$.design_calculations.steps[7].values.gas_flow_sccm,gas_flow_sccm,0.0
H-DF8A379,Qwen3.6-27B,FlowPilot,CuAAC,$.design_calculations.steps[8].values.productivity_mmol_h,productivity_mmol_h,1.5666509999999998
H-DF8A379,Qwen3.6-27B,FlowPilot,CuAAC,$.design_calculations.steps[8].values.n_molar_flow_mmol_min,n_molar_flow_mmol_min,0.0278
H-DF8A379,Qwen3.6-27B,FlowPilot,CuAAC,$.design_calculations.steps[8].values.P_flow_mmol_h,P_flow_mmol_h,1.567
H-DF8A379,Qwen3.6-27B,FlowPilot,CuAAC,$.design_calculations.steps[8].values.startup_waste_mL,startup_waste_mL,0.9
H-DF8A379,Qwen3.6-27B,FlowPilot,CuAAC,$.design_calculations.steps[8].values.liquid_flow_rate_mL_min,liquid_flow_rate_mL_min,0.11111
H-DF8A379,Qwen3.6-27B,FlowPilot,CuAAC,$.design_calculations.steps[8].values.gas_flow_sccm,gas_flow_sccm,0.0
H-DF8A379,Qwen3.6-27B,FlowPilot,CuAAC,$.design_calculations.steps[8].values.liquid_holdup_volume_mL,liquid_holdup_volume_mL,0.0
H-DF8A379,Qwen3.6-27B,FlowPilot,CuAAC,$.design_calculations.steps[8].values.total_reactor_volume_mL,total_reactor_volume_mL,0.3
H-DF8A379,Qwen3.6-27B,FlowPilot,CuAAC,$.design_calculations.temperature_C,temperature_C,150.0
H-DF8A379,Qwen3.6-27B,FlowPilot,CuAAC,$.design_calculations.temperature_K,temperature_K,423.15
H-DF8A379,Qwen3.6-27B,FlowPilot,CuAAC,$.design_calculations.concentration_M,concentration_M,0.25
H-DF8A379,Qwen3.6-27B,FlowPilot,CuAAC,$.design_calculations.residence_time_s,residence_time_s,162.00162
H-DF8A379,Qwen3.6-27B,FlowPilot,CuAAC,$.design_calculations.residence_time_min,residence_time_min,2.700027
H-DF8A379,Qwen3.6-27B,FlowPilot,CuAAC,$.design_calculations.residence_time_inlet_min,residence_time_inlet_min,2.700027
H-DF8A379,Qwen3.6-27B,FlowPilot,CuAAC,$.design_calculations.residence_time_in_channel_min,residence_time_in_channel_min,2.700027
H-DF8A379,Qwen3.6-27B,FlowPilot,CuAAC,$.design_calculations.flow_rate_mL_min,flow_rate_mL_min,0.11111
H-DF8A379,Qwen3.6-27B,FlowPilot,CuAAC,$.design_calculations.flow_rate_m3_s,flow_rate_m3_s,1.8518333333333333e-09
H-DF8A379,Qwen3.6-27B,FlowPilot,CuAAC,$.design_calculations.reactor_volume_mL,reactor_volume_mL,0.3
H-DF8A379,Qwen3.6-27B,FlowPilot,CuAAC,$.design_calculations.reactor_volume_m3,reactor_volume_m3,2.9999999997e-07
H-DF8A379,Qwen3.6-27B,FlowPilot,CuAAC,$.design_calculations.tubing_ID_mm,tubing_ID_mm,4.0
H-DF8A379,Qwen3.6-27B,FlowPilot,CuAAC,$.design_calculations.tubing_ID_m,tubing_ID_m,0.004
H-DF8A379,Qwen3.6-27B,FlowPilot,CuAAC,$.design_calculations.reynolds_number,reynolds_number,1.49
H-DF8A379,Qwen3.6-27B,FlowPilot,CuAAC,$.design_calculations.pressure_drop_bar,pressure_drop_bar,0.0
H-DF8A379,Qwen3.6-27B,FlowPilot,CuAAC,$.design_calculations.liquid_flow_rate_mL_min,liquid_flow_rate_mL_min,0.11111
H-DF8A379,Qwen3.6-27B,FlowPilot,CuAAC,$.design_calculations.gas_flow_sccm,gas_flow_sccm,0.0
H-DF8A379,Qwen3.6-27B,FlowPilot,CuAAC,$.design_calculations.gas_flow_actual_mL_min,gas_flow_actual_mL_min,0.0
H-DF8A379,Qwen3.6-27B,FlowPilot,CuAAC,$.design_calculations.gas_pressure_abs_bar,gas_pressure_abs_bar,1.01325
H-DF8A379,Qwen3.6-27B,FlowPilot,CuAAC,$.design_calculations.liquid_holdup_volume_mL,liquid_holdup_volume_mL,0.0
H-DF8A379,Qwen3.6-27B,FlowPilot,CuAAC,$.design_calculations.two_phase_pressure_drop_bar,two_phase_pressure_drop_bar,0.0
H-DF8A379,Qwen3.6-27B,FlowPilot,CuAAC,$.design_calculations.target_gas_equiv_inlet,target_gas_equiv_inlet,0.0
H-DF8A379,Qwen3.6-27B,FlowPilot,CuAAC,$.design_calculations.explicit_gas_equiv_inlet,explicit_gas_equiv_inlet,0.0
H-DF8A379,Qwen3.6-27B,FlowPilot,CuAAC,$.design_calculations.o2_equiv_supplied,o2_equiv_supplied,0.0
H-DF8A379,Qwen3.6-27B,FlowPilot,CuAAC,$.design_calculations.gas_equiv_supplied,gas_equiv_supplied,0.0
H-DF8A379,Qwen3.6-27B,FlowPilot,CuAAC,$.design_calculations.damkohler_mass,damkohler_mass,277.8649
H-DF8A379,Qwen3.6-27B,FlowPilot,CuAAC,$.design_calculations.thermal_damkohler,thermal_damkohler,0.086736
H-DF8A379,Qwen3.6-27B,FlowPilot,CuAAC,$.design_calculations.surface_to_volume,surface_to_volume,1000.0
H-DF8A379,Qwen3.6-27B,FlowPilot,CuAAC,$.design_calculations.UA_W_K,UA_W_K,0.090101
H-DF8A379,Qwen3.6-27B,FlowPilot,CuAAC,$.design_calculations.bpr_pressure_bar,bpr_pressure_bar,20.0
H-DF8A379,Qwen3.6-27B,FlowPilot,CuAAC,$.design_calculations.vapor_pressure_bar,vapor_pressure_bar,11.3073
H-DF8A379,Qwen3.6-27B,FlowPilot,CuAAC,$.design_calculations.productivity_mmol_h,productivity_mmol_h,1.567
H-DF8A379,Qwen3.6-27B,FlowPilot,CuAAC,$.design_calculations.n_molar_flow_mmol_min,n_molar_flow_mmol_min,0.0278
H-DF8A379,Qwen3.6-27B,FlowPilot,CuAAC,$.design_calculations.P_flow_mmol_h,P_flow_mmol_h,1.567
H-DF8A379,Qwen3.6-27B,FlowPilot,CuAAC,$.design_calculations.startup_waste_mL,startup_waste_mL,0.9
H-DF8A379,Qwen3.6-27B,FlowPilot,CuAAC,$.design_calculations.topology_total_reactor_volume_mL,topology_total_reactor_volume_mL,0.3
H-DF8A379,Qwen3.6-27B,FlowPilot,CuAAC,$.inventory_enforcement.first_pass.old.reactor_volume_mL,reactor_volume_mL,7.952
H-DF8A379,Qwen3.6-27B,FlowPilot,CuAAC,$.inventory_enforcement.first_pass.old.tubing_ID_mm,tubing_ID_mm,0.75
H-DF8A379,Qwen3.6-27B,FlowPilot,CuAAC,$.inventory_enforcement.first_pass.old.flow_rate_mL_min,flow_rate_mL_min,2.9452
H-DF8A379,Qwen3.6-27B,FlowPilot,CuAAC,$.inventory_enforcement.first_pass.old.BPR_bar,BPR_bar,12.2
H-DF8A379,Qwen3.6-27B,FlowPilot,CuAAC,$.inventory_enforcement.first_pass.old.temperature_C,temperature_C,150.0
H-DF8A379,Qwen3.6-27B,FlowPilot,CuAAC,$.inventory_enforcement.first_pass.old.concentration_M,concentration_M,0.25
H-DF8A379,Qwen3.6-27B,FlowPilot,CuAAC,$.inventory_enforcement.first_pass.new.reactor_volume_mL,reactor_volume_mL,0.3
H-DF8A379,Qwen3.6-27B,FlowPilot,CuAAC,$.inventory_enforcement.first_pass.new.tubing_ID_mm,tubing_ID_mm,4.0
H-DF8A379,Qwen3.6-27B,FlowPilot,CuAAC,$.inventory_enforcement.first_pass.new.flow_rate_mL_min,flow_rate_mL_min,0.11111
H-DF8A379,Qwen3.6-27B,FlowPilot,CuAAC,$.inventory_enforcement.first_pass.new.BPR_bar,BPR_bar,20.0
H-DF8A379,Qwen3.6-27B,FlowPilot,CuAAC,$.inventory_enforcement.first_pass.new.temperature_C,temperature_C,150.0
H-DF8A379,Qwen3.6-27B,FlowPilot,CuAAC,$.inventory_enforcement.first_pass.new.concentration_M,concentration_M,0.25
H-DF8A379,Qwen3.6-27B,FlowPilot,CuAAC,$.inventory_enforcement.first_pass.selected_reactor.volume_mL,volume_mL,0.3
H-DF8A379,Qwen3.6-27B,FlowPilot,CuAAC,$.inventory_enforcement.final_pass.old.reactor_volume_mL,reactor_volume_mL,0.3
H-DF8A379,Qwen3.6-27B,FlowPilot,CuAAC,$.inventory_enforcement.final_pass.old.tubing_ID_mm,tubing_ID_mm,4.0
H-DF8A379,Qwen3.6-27B,FlowPilot,CuAAC,$.inventory_enforcement.final_pass.old.flow_rate_mL_min,flow_rate_mL_min,0.11111
H-DF8A379,Qwen3.6-27B,FlowPilot,CuAAC,$.inventory_enforcement.final_pass.old.BPR_bar,BPR_bar,11.8
H-DF8A379,Qwen3.6-27B,FlowPilot,CuAAC,$.inventory_enforcement.final_pass.old.temperature_C,temperature_C,150.0
H-DF8A379,Qwen3.6-27B,FlowPilot,CuAAC,$.inventory_enforcement.final_pass.old.concentration_M,concentration_M,0.25
H-DF8A379,Qwen3.6-27B,FlowPilot,CuAAC,$.inventory_enforcement.final_pass.new.reactor_volume_mL,reactor_volume_mL,0.3
H-DF8A379,Qwen3.6-27B,FlowPilot,CuAAC,$.inventory_enforcement.final_pass.new.tubing_ID_mm,tubing_ID_mm,4.0
H-DF8A379,Qwen3.6-27B,FlowPilot,CuAAC,$.inventory_enforcement.final_pass.new.flow_rate_mL_min,flow_rate_mL_min,0.11111
H-DF8A379,Qwen3.6-27B,FlowPilot,CuAAC,$.inventory_enforcement.final_pass.new.BPR_bar,BPR_bar,20.0
H-DF8A379,Qwen3.6-27B,FlowPilot,CuAAC,$.inventory_enforcement.final_pass.new.temperature_C,temperature_C,150.0
H-DF8A379,Qwen3.6-27B,FlowPilot,CuAAC,$.inventory_enforcement.final_pass.new.concentration_M,concentration_M,0.25
H-DF8A379,Qwen3.6-27B,FlowPilot,CuAAC,$.inventory_enforcement.final_pass.selected_reactor.volume_mL,volume_mL,0.3
H-DF8A379,Qwen3.6-27B,FlowPilot,CuAAC,$.final_validation.design_realization.decisions[0].selected_BPR_bar,selected_BPR_bar,20.0
H-DF8A379,Qwen3.6-27B,FlowPilot,CuAAC,$.final_validation.design_realization.decisions[1].total_reactive_liquid_flow_mL_min,total_reactive_liquid_flow_mL_min,0.11111
H-DF8A379,Qwen3.6-27B,FlowPilot,CuAAC,$.final_validation.design_realization.decisions[2].volume_mL,volume_mL,0.3
H-DF8A379,Qwen3.6-27B,FlowPilot,CuAAC,$.final_validation.design_realization.decisions[3].volume_mL,volume_mL,0.3
H-DF8A379,Qwen3.6-27B,FlowPilot,CuAAC,$.final_validation.design_realization.decisions[3].liquid_flow_mL_min,liquid_flow_mL_min,0.11111
H-DF8A379,Qwen3.6-27B,FlowPilot,CuAAC,$.final_validation.design_realization.feed_assignments[0].flow_rate_mL_min,flow_rate_mL_min,0.11111
H-DF8A379,Qwen3.6-27B,FlowPilot,CuAAC,$.final_validation.design_realization.feed_assignments[0].concentration_M,concentration_M,0.25
H-DF8A379,Qwen3.6-27B,FlowPilot,CuAAC,$.final_validation.design_realization.feed_assignments[0].molar_equiv,molar_equiv,1.1
H-DF8A379,Qwen3.6-27B,FlowPilot,CuAAC,$.design_realization.decisions[0].selected_BPR_bar,selected_BPR_bar,20.0
H-DF8A379,Qwen3.6-27B,FlowPilot,CuAAC,$.design_realization.decisions[1].total_reactive_liquid_flow_mL_min,total_reactive_liquid_flow_mL_min,0.11111
H-DF8A379,Qwen3.6-27B,FlowPilot,CuAAC,$.design_realization.decisions[2].volume_mL,volume_mL,0.3
H-DF8A379,Qwen3.6-27B,FlowPilot,CuAAC,$.design_realization.decisions[3].volume_mL,volume_mL,0.3
H-DF8A379,Qwen3.6-27B,FlowPilot,CuAAC,$.design_realization.decisions[3].liquid_flow_mL_min,liquid_flow_mL_min,0.11111
H-DF8A379,Qwen3.6-27B,FlowPilot,CuAAC,$.design_realization.feed_assignments[0].flow_rate_mL_min,flow_rate_mL_min,0.11111
H-DF8A379,Qwen3.6-27B,FlowPilot,CuAAC,$.design_realization.feed_assignments[0].concentration_M,concentration_M,0.25
H-DF8A379,Qwen3.6-27B,FlowPilot,CuAAC,$.design_realization.feed_assignments[0].molar_equiv,molar_equiv,1.1
H-DF8A379,Qwen3.6-27B,FlowPilot,CuAAC,$.process_requirements_topology.unit_operations[0].parameters.flow_rate_mL_min,flow_rate_mL_min,0.11111
H-DF8A379,Qwen3.6-27B,FlowPilot,CuAAC,$.process_requirements_topology.unit_operations[2].parameters.volume_mL,volume_mL,0.3
H-DF8A379,Qwen3.6-27B,FlowPilot,CuAAC,$.process_requirements_topology.unit_operations[2].parameters.temperature_C,temperature_C,150.0
H-DF8A379,Qwen3.6-27B,FlowPilot,CuAAC,$.process_requirements_topology.unit_operations[2].parameters.residence_time_min,residence_time_min,2.700027
H-DF8A379,Qwen3.6-27B,FlowPilot,CuAAC,$.process_requirements_topology.unit_operations[3].parameters.temperature_C,temperature_C,150.0
H-DF8A379,Qwen3.6-27B,FlowPilot,CuAAC,$.process_requirements_topology.unit_operations[4].parameters.pressure_bar,pressure_bar,20.0
H-DF8A379,Qwen3.6-27B,FlowPilot,CuAAC,$.process_requirements_topology.total_flow_rate_mL_min,total_flow_rate_mL_min,0.1111
H-DF8A379,Qwen3.6-27B,FlowPilot,CuAAC,$.process_requirements_topology.residence_time_min,residence_time_min,2.700027
H-DF8A379,Qwen3.6-27B,FlowPilot,CuAAC,$.process_requirements_topology.reactor_volume_mL,reactor_volume_mL,0.3
H-DF8A379,Qwen3.6-27B,FlowPilot,CuAAC,$.inventory_allocation.assignments[0].settings.flow_rate_mL_min,flow_rate_mL_min,0.11111
H-DF8A379,Qwen3.6-27B,FlowPilot,CuAAC,$.inventory_allocation.assignments[1].settings.volume_mL,volume_mL,0.3
H-DF8A379,Qwen3.6-27B,FlowPilot,CuAAC,$.inventory_allocation.assignments[1].settings.temperature_C,temperature_C,150.0
H-DF8A379,Qwen3.6-27B,FlowPilot,CuAAC,$.inventory_allocation.assignments[2].settings.temperature_C,temperature_C,150.0
H-DF8A379,Qwen3.6-27B,FlowPilot,CuAAC,$.inventory_allocation.assignments[3].settings.pressure_bar,pressure_bar,20.0
H-DF8A379,Qwen3.6-27B,FlowPilot,CuAAC,$.inventory_allocation.instrument_manifest[0].settings[0].flow_rate_mL_min,flow_rate_mL_min,0.11111
H-DF8A379,Qwen3.6-27B,FlowPilot,CuAAC,$.inventory_allocation.instrument_manifest[1].settings[0].volume_mL,volume_mL,0.3
H-DF8A379,Qwen3.6-27B,FlowPilot,CuAAC,$.inventory_allocation.instrument_manifest[1].settings[0].temperature_C,temperature_C,150.0
H-DF8A379,Qwen3.6-27B,FlowPilot,CuAAC,$.inventory_allocation.instrument_manifest[2].settings[0].temperature_C,temperature_C,150.0
H-DF8A379,Qwen3.6-27B,FlowPilot,CuAAC,$.inventory_allocation.instrument_manifest[3].settings[0].pressure_bar,pressure_bar,20.0
H-DF8A379,Qwen3.6-27B,FlowPilot,CuAAC,$.instrument_manifest[0].settings[0].flow_rate_mL_min,flow_rate_mL_min,0.11111
H-DF8A379,Qwen3.6-27B,FlowPilot,CuAAC,$.instrument_manifest[1].settings[0].volume_mL,volume_mL,0.3
H-DF8A379,Qwen3.6-27B,FlowPilot,CuAAC,$.instrument_manifest[1].settings[0].temperature_C,temperature_C,150.0
H-DF8A379,Qwen3.6-27B,FlowPilot,CuAAC,$.instrument_manifest[2].settings[0].temperature_C,temperature_C,150.0
H-DF8A379,Qwen3.6-27B,FlowPilot,CuAAC,$.instrument_manifest[3].settings[0].pressure_bar,pressure_bar,20.0
H-DF8A379,Qwen3.6-27B,FlowPilot,CuAAC,$._analogies[0].full_record.chemistry.additives[0].equiv,equiv,1
H-DF8A379,Qwen3.6-27B,FlowPilot,CuAAC,$._analogies[0].full_record.batch_baseline.temperature_C,temperature_C,80
H-DF8A379,Qwen3.6-27B,FlowPilot,CuAAC,$._analogies[0].full_record.flow_optimized.temperature_C,temperature_C,120
H-DF8A379,Qwen3.6-27B,FlowPilot,CuAAC,$._analogies[0].full_record.flow_optimized.residence_time_min,residence_time_min,30
H-DF8A379,Qwen3.6-27B,FlowPilot,CuAAC,$._analogies[0].full_record.flow_optimized.flow_rate_total_mL_min,flow_rate_total_mL_min,0.67
H-DF8A379,Qwen3.6-27B,FlowPilot,CuAAC,$._analogies[0].full_record.flow_optimized.concentration_M,concentration_M,0.45
H-DF8A379,Qwen3.6-27B,FlowPilot,CuAAC,$._analogies[0].full_record.flow_optimized.back_pressure_bar,back_pressure_bar,8
H-DF8A379,Qwen3.6-27B,FlowPilot,CuAAC,$._analogies[0].full_record.flow_optimized.throughput_mmol_h,throughput_mmol_h,8.4
H-DF8A379,Qwen3.6-27B,FlowPilot,CuAAC,$._analogies[0].full_record.reactor.volume_mL,volume_mL,20
H-DF8A379,Qwen3.6-27B,FlowPilot,CuAAC,$._analogies[0].full_record.reactor.tubing_diameter_mm,tubing_diameter_mm,1
H-DF8A379,Qwen3.6-27B,FlowPilot,CuAAC,$._analogies[0].full_record.field_confidence.flow_optimized,flow_optimized,2
H-DF8A379,Qwen3.6-27B,FlowPilot,CuAAC,$._analogies[1].full_record.chemistry.additives[0].equiv,equiv,0.1
H-DF8A379,Qwen3.6-27B,FlowPilot,CuAAC,$._analogies[1].full_record.chemistry.base.equiv,equiv,1.5
H-DF8A379,Qwen3.6-27B,FlowPilot,CuAAC,$._analogies[1].full_record.batch_baseline.temperature_C,temperature_C,150
H-DF8A379,Qwen3.6-27B,FlowPilot,CuAAC,$._analogies[1].full_record.batch_baseline.reaction_time_min,reaction_time_min,300
H-DF8A379,Qwen3.6-27B,FlowPilot,CuAAC,$._analogies[1].full_record.batch_baseline.concentration_M,concentration_M,0.65
H-DF8A379,Qwen3.6-27B,FlowPilot,CuAAC,$._analogies[1].full_record.flow_optimized.temperature_C,temperature_C,170
H-DF8A379,Qwen3.6-27B,FlowPilot,CuAAC,$._analogies[1].full_record.flow_optimized.residence_time_min,residence_time_min,10
H-DF8A379,Qwen3.6-27B,FlowPilot,CuAAC,$._analogies[1].full_record.flow_optimized.flow_rate_total_mL_min,flow_rate_total_mL_min,0.4
H-DF8A379,Qwen3.6-27B,FlowPilot,CuAAC,$._analogies[1].full_record.flow_optimized.concentration_M,concentration_M,0.65
H-DF8A379,Qwen3.6-27B,FlowPilot,CuAAC,$._analogies[1].full_record.flow_optimized.back_pressure_bar,back_pressure_bar,10
H-DF8A379,Qwen3.6-27B,FlowPilot,CuAAC,$._analogies[1].full_record.reactor.volume_mL,volume_mL,4
H-DF8A379,Qwen3.6-27B,FlowPilot,CuAAC,$._analogies[1].full_record.reactor.tubing_diameter_mm,tubing_diameter_mm,1.0
H-DF8A379,Qwen3.6-27B,FlowPilot,CuAAC,$._analogies[1].full_record.field_confidence.temperature_C,temperature_C,3
H-DF8A379,Qwen3.6-27B,FlowPilot,CuAAC,$._analogies[1].full_record.field_confidence.reaction_time_min,reaction_time_min,3
H-DF8A379,Qwen3.6-27B,FlowPilot,CuAAC,$._analogies[1].full_record.field_confidence.concentration_M,concentration_M,3
H-DF8A379,Qwen3.6-27B,FlowPilot,CuAAC,$._analogies[1].full_record.field_confidence.back_pressure_bar,back_pressure_bar,2
H-DF8A379,Qwen3.6-27B,FlowPilot,CuAAC,$._analogies[2].full_record.batch_baseline.temperature_C,temperature_C,55
H-DF8A379,Qwen3.6-27B,FlowPilot,CuAAC,$._analogies[2].full_record.batch_baseline.reaction_time_min,reaction_time_min,1440
H-DF8A379,Qwen3.6-27B,FlowPilot,CuAAC,$._analogies[2].full_record.flow_optimized.temperature_C,temperature_C,55
H-DF8A379,Qwen3.6-27B,FlowPilot,CuAAC,$._analogies[2].full_record.flow_optimized.residence_time_min,residence_time_min,180
H-DF8A379,Qwen3.6-27B,FlowPilot,CuAAC,$._analogies[2].full_record.flow_optimized.flow_rate_total_mL_min,flow_rate_total_mL_min,0.01
H-DF8A379,Qwen3.6-27B,FlowPilot,CuAAC,$._analogies[2].full_record.flow_optimized.concentration_M,concentration_M,0.05
H-DF8A379,Qwen3.6-27B,FlowPilot,CuAAC,$._analogies[2].full_record.reactor.volume_mL,volume_mL,3.1
H-DF8A379,Qwen3.6-27B,FlowPilot,CuAAC,$._analogies[2].full_record.reactor.tubing_diameter_mm,tubing_diameter_mm,4.0
H-DF8A379,Qwen3.6-27B,FlowPilot,CuAAC,$._analogies[2].full_record.field_confidence.batch_baseline_temperature_C,batch_baseline_temperature_C,3
H-DF8A379,Qwen3.6-27B,FlowPilot,CuAAC,$._analogies[2].full_record.field_confidence.batch_baseline_reaction_time_min,batch_baseline_reaction_time_min,3
H-DF8A379,Qwen3.6-27B,FlowPilot,CuAAC,$._analogies[2].full_record.field_confidence.flow_optimized_temperature_C,flow_optimized_temperature_C,3
H-DF8A379,Qwen3.6-27B,FlowPilot,CuAAC,$._analogies[2].full_record.field_confidence.flow_optimized_residence_time_min,flow_optimized_residence_time_min,3
H-DF8A379,Qwen3.6-27B,FlowPilot,CuAAC,$._analogies[2].full_record.field_confidence.flow_optimized_yield_percent,flow_optimized_yield_percent,3
H-DF8A379,Qwen3.6-27B,FlowPilot,CuAAC,$._analogies[2].full_record.field_confidence.flow_optimized_flow_rate_total_mL_min,flow_optimized_flow_rate_total_mL_min,3
H-DF8A379,Qwen3.6-27B,FlowPilot,CuAAC,$._analogies[2].full_record.field_confidence.flow_optimized_concentration_M,flow_optimized_concentration_M,3
H-DF8A379,Qwen3.6-27B,FlowPilot,CuAAC,$.pre_council_proposal.residence_time_min,residence_time_min,0.2
H-DF8A379,Qwen3.6-27B,FlowPilot,CuAAC,$.pre_council_proposal.flow_rate_mL_min,flow_rate_mL_min,1.5
H-DF8A379,Qwen3.6-27B,FlowPilot,CuAAC,$.pre_council_proposal.temperature_C,temperature_C,150.0
H-DF8A379,Qwen3.6-27B,FlowPilot,CuAAC,$.pre_council_proposal.concentration_M,concentration_M,0.25
H-DF8A379,Qwen3.6-27B,FlowPilot,CuAAC,$.pre_council_proposal.BPR_bar,BPR_bar,20.0
H-DF8A379,Qwen3.6-27B,FlowPilot,CuAAC,$.pre_council_proposal.tubing_ID_mm,tubing_ID_mm,4.0
H-DF8A379,Qwen3.6-27B,FlowPilot,CuAAC,$.pre_council_proposal.reactor_volume_mL,reactor_volume_mL,0.3
H-DF8A379,Qwen3.6-27B,FlowPilot,CuAAC,$.pre_council_proposal.streams[0].concentration_M,concentration_M,0.25
H-DF8A379,Qwen3.6-27B,FlowPilot,CuAAC,$.pre_council_proposal.streams[0].flow_rate_mL_min,flow_rate_mL_min,1.5
H-DF8A379,Qwen3.6-27B,FlowPilot,CuAAC,$.pre_council_proposal.streams[0].molar_equiv,molar_equiv,1.0
H-DF8A379,Qwen3.6-27B,FlowPilot,CuAAC,$.process_topology.unit_operations[0].parameters.flow_rate_mL_min,flow_rate_mL_min,0.11111
H-DF8A379,Qwen3.6-27B,FlowPilot,CuAAC,$.process_topology.unit_operations[1].parameters.volume_mL,volume_mL,0.3
H-DF8A379,Qwen3.6-27B,FlowPilot,CuAAC,$.process_topology.unit_operations[1].parameters.temperature_C,temperature_C,150.0
H-DF8A379,Qwen3.6-27B,FlowPilot,CuAAC,$.process_topology.unit_operations[1].parameters.residence_time_min,residence_time_min,2.700027
H-DF8A379,Qwen3.6-27B,FlowPilot,CuAAC,$.process_topology.unit_operations[2].parameters.temperature_C,temperature_C,150.0
H-DF8A379,Qwen3.6-27B,FlowPilot,CuAAC,$.process_topology.unit_operations[3].parameters.pressure_bar,pressure_bar,20.0
H-DF8A379,Qwen3.6-27B,FlowPilot,CuAAC,$.process_topology.total_flow_rate_mL_min,total_flow_rate_mL_min,0.1111
H-DF8A379,Qwen3.6-27B,FlowPilot,CuAAC,$.process_topology.residence_time_min,residence_time_min,2.700027
H-DF8A379,Qwen3.6-27B,FlowPilot,CuAAC,$.process_topology.reactor_volume_mL,reactor_volume_mL,0.3
H-DF8A379,Qwen3.6-27B,FlowPilot,CuAAC,$.process_topology.instrument_manifest[0].settings[0].flow_rate_mL_min,flow_rate_mL_min,0.11111
H-DF8A379,Qwen3.6-27B,FlowPilot,CuAAC,$.process_topology.instrument_manifest[1].settings[0].volume_mL,volume_mL,0.3
H-DF8A379,Qwen3.6-27B,FlowPilot,CuAAC,$.process_topology.instrument_manifest[1].settings[0].temperature_C,temperature_C,150.0
H-DF8A379,Qwen3.6-27B,FlowPilot,CuAAC,$.process_topology.instrument_manifest[2].settings[0].temperature_C,temperature_C,150.0
H-DF8A379,Qwen3.6-27B,FlowPilot,CuAAC,$.process_topology.instrument_manifest[3].settings[0].pressure_bar,pressure_bar,20.0
H-DF8A379,Qwen3.6-27B,FlowPilot,CuAAC,$.final_design.parameters.flow_rate_mL_min,flow_rate_mL_min,0.11111
H-DF8A379,Qwen3.6-27B,FlowPilot,CuAAC,$.final_design.parameters.temperature_C,temperature_C,150.0
H-DF8A379,Qwen3.6-27B,FlowPilot,CuAAC,$.final_design.parameters.concentration_M,concentration_M,0.25
H-DF8A379,Qwen3.6-27B,FlowPilot,CuAAC,$.final_design.parameters.BPR_bar,BPR_bar,20.0
H-DF8A379,Qwen3.6-27B,FlowPilot,CuAAC,$.final_design.parameters.tubing_ID_mm,tubing_ID_mm,4.0
H-DF8A379,Qwen3.6-27B,FlowPilot,CuAAC,$.final_design.parameters.reactor_volume_mL,reactor_volume_mL,0.3
H-DF8A379,Qwen3.6-27B,FlowPilot,CuAAC,$.final_design.parameters.residence_time_min,residence_time_min,2.700027
H-DF8A379,Qwen3.6-27B,FlowPilot,CuAAC,$.final_design.parameters.residence_time_inlet_min,residence_time_inlet_min,2.700027
H-DF8A379,Qwen3.6-27B,FlowPilot,CuAAC,$.final_design.parameters.residence_time_in_channel_min,residence_time_in_channel_min,2.700027
H-DF8A379,Qwen3.6-27B,FlowPilot,CuAAC,$.final_design.streams[0].concentration_M,concentration_M,0.25
H-DF8A379,Qwen3.6-27B,FlowPilot,CuAAC,$.final_design.streams[0].flow_rate_mL_min,flow_rate_mL_min,0.11111
H-DF8A379,Qwen3.6-27B,FlowPilot,CuAAC,$.final_design.streams[0].molar_equiv,molar_equiv,1.1
H-DF8A379,Qwen3.6-27B,FlowPilot,CuAAC,$.final_design.instrument_manifest[0].settings[0].flow_rate_mL_min,flow_rate_mL_min,0.11111
H-DF8A379,Qwen3.6-27B,FlowPilot,CuAAC,$.final_design.instrument_manifest[1].settings[0].volume_mL,volume_mL,0.3
H-DF8A379,Qwen3.6-27B,FlowPilot,CuAAC,$.final_design.instrument_manifest[1].settings[0].temperature_C,temperature_C,150.0
H-DF8A379,Qwen3.6-27B,FlowPilot,CuAAC,$.final_design.instrument_manifest[2].settings[0].temperature_C,temperature_C,150.0
H-DF8A379,Qwen3.6-27B,FlowPilot,CuAAC,$.final_design.instrument_manifest[3].settings[0].pressure_bar,pressure_bar,20.0
H-DF8A379,Qwen3.6-27B,FlowPilot,CuAAC,$.final_design.process_graph.topology.unit_operations[0].parameters.flow_rate_mL_min,flow_rate_mL_min,0.11111
H-DF8A379,Qwen3.6-27B,FlowPilot,CuAAC,$.final_design.process_graph.topology.unit_operations[1].parameters.volume_mL,volume_mL,0.3
H-DF8A379,Qwen3.6-27B,FlowPilot,CuAAC,$.final_design.process_graph.topology.unit_operations[1].parameters.temperature_C,temperature_C,150.0
H-DF8A379,Qwen3.6-27B,FlowPilot,CuAAC,$.final_design.process_graph.topology.unit_operations[1].parameters.residence_time_min,residence_time_min,2.700027
H-DF8A379,Qwen3.6-27B,FlowPilot,CuAAC,$.final_design.process_graph.topology.unit_operations[2].parameters.temperature_C,temperature_C,150.0
H-DF8A379,Qwen3.6-27B,FlowPilot,CuAAC,$.final_design.process_graph.topology.unit_operations[3].parameters.pressure_bar,pressure_bar,20.0
H-DF8A379,Qwen3.6-27B,FlowPilot,CuAAC,$.final_design.process_graph.topology.total_flow_rate_mL_min,total_flow_rate_mL_min,0.1111
H-DF8A379,Qwen3.6-27B,FlowPilot,CuAAC,$.final_design.process_graph.topology.residence_time_min,residence_time_min,2.700027
H-DF8A379,Qwen3.6-27B,FlowPilot,CuAAC,$.final_design.process_graph.topology.reactor_volume_mL,reactor_volume_mL,0.3
H-DF8A379,Qwen3.6-27B,FlowPilot,CuAAC,$.final_design.process_graph.topology.instrument_manifest[0].settings[0].flow_rate_mL_min,flow_rate_mL_min,0.11111
H-DF8A379,Qwen3.6-27B,FlowPilot,CuAAC,$.final_design.process_graph.topology.instrument_manifest[1].settings[0].volume_mL,volume_mL,0.3
H-DF8A379,Qwen3.6-27B,FlowPilot,CuAAC,$.final_design.process_graph.topology.instrument_manifest[1].settings[0].temperature_C,temperature_C,150.0
H-DF8A379,Qwen3.6-27B,FlowPilot,CuAAC,$.final_design.process_graph.topology.instrument_manifest[2].settings[0].temperature_C,temperature_C,150.0
H-DF8A379,Qwen3.6-27B,FlowPilot,CuAAC,$.final_design.process_graph.topology.instrument_manifest[3].settings[0].pressure_bar,pressure_bar,20.0
H-DF8A379,Qwen3.6-27B,FlowPilot,CuAAC,$.final_design.process_graph.feeds[0].flow_rate_mL_min,flow_rate_mL_min,0.11111
H-DF8A379,Qwen3.6-27B,FlowPilot,CuAAC,$.final_design.process_graph.stages[0].temperature_C,temperature_C,150.0
H-DF8A379,Qwen3.6-27B,FlowPilot,CuAAC,$.final_design.process_graph.stages[0].reactor_volume_mL,reactor_volume_mL,0.3
H-DF8A379,Qwen3.6-27B,FlowPilot,CuAAC,$.final_design.process_graph.stages[0].residence_flow_mL_min,residence_flow_mL_min,0.1111
H-DF8A379,Qwen3.6-27B,FlowPilot,CuAAC,$.final_design.process_graph.stages[0].residence_time_min,residence_time_min,2.700027
H-DF8A379,Qwen3.6-27B,FlowPilot,CuAAC,$.final_design.process_graph.total_liquid_flow_mL_min,total_liquid_flow_mL_min,0.1111
H-DF8A379,Qwen3.6-27B,FlowPilot,CuAAC,$.final_design.process_graph.total_reactor_volume_mL,total_reactor_volume_mL,0.3
H-DF8A379,Qwen3.6-27B,FlowPilot,CuAAC,$.final_design.process_graph.total_residence_time_min,total_residence_time_min,2.700027
H-DF8A379,Qwen3.6-27B,FlowPilot,CuAAC,$.final_design.diagnostic.preliminary_candidate.residence_time_min,residence_time_min,2.700027
H-DF8A379,Qwen3.6-27B,FlowPilot,CuAAC,$.final_design.diagnostic.preliminary_candidate.residence_time_inlet_min,residence_time_inlet_min,2.700027
H-DF8A379,Qwen3.6-27B,FlowPilot,CuAAC,$.final_design.diagnostic.preliminary_candidate.residence_time_in_channel_min,residence_time_in_channel_min,2.700027
H-DF8A379,Qwen3.6-27B,FlowPilot,CuAAC,$.final_design.diagnostic.preliminary_candidate.flow_rate_mL_min,flow_rate_mL_min,0.11111
H-DF8A379,Qwen3.6-27B,FlowPilot,CuAAC,$.final_design.diagnostic.preliminary_candidate.reactor_volume_mL,reactor_volume_mL,0.3
H-6FDB11C,Qwen3.6-27B,FlowPilot,Hydrogenolysis,$.proposal.residence_time_min,residence_time_min,19.00057
H-6FDB11C,Qwen3.6-27B,FlowPilot,Hydrogenolysis,$.proposal.flow_rate_mL_min,flow_rate_mL_min,0.15789
H-6FDB11C,Qwen3.6-27B,FlowPilot,Hydrogenolysis,$.proposal.temperature_C,temperature_C,60.0
H-6FDB11C,Qwen3.6-27B,FlowPilot,Hydrogenolysis,$.proposal.concentration_M,concentration_M,0.126
H-6FDB11C,Qwen3.6-27B,FlowPilot,Hydrogenolysis,$.proposal.BPR_bar,BPR_bar,21.0
H-6FDB11C,Qwen3.6-27B,FlowPilot,Hydrogenolysis,$.proposal.tubing_ID_mm,tubing_ID_mm,4.35
H-6FDB11C,Qwen3.6-27B,FlowPilot,Hydrogenolysis,$.proposal.reactor_volume_mL,reactor_volume_mL,3.0
H-6FDB11C,Qwen3.6-27B,FlowPilot,Hydrogenolysis,$.proposal.residence_time_inlet_min,residence_time_inlet_min,0.649814
H-6FDB11C,Qwen3.6-27B,FlowPilot,Hydrogenolysis,$.proposal.residence_time_in_channel_min,residence_time_in_channel_min,7.349213
H-6FDB11C,Qwen3.6-27B,FlowPilot,Hydrogenolysis,$.proposal.streams[0].concentration_M,concentration_M,0.126
H-6FDB11C,Qwen3.6-27B,FlowPilot,Hydrogenolysis,$.proposal.streams[0].flow_rate_mL_min,flow_rate_mL_min,0.15789
H-6FDB11C,Qwen3.6-27B,FlowPilot,Hydrogenolysis,$.proposal.streams[0].molar_equiv,molar_equiv,1.0
H-6FDB11C,Qwen3.6-27B,FlowPilot,Hydrogenolysis,$.proposal.streams[1].flow_rate_mL_min,flow_rate_mL_min,0.250317
H-6FDB11C,Qwen3.6-27B,FlowPilot,Hydrogenolysis,$.proposal.streams[1].gas_flow_sccm,gas_flow_sccm,4.458818
H-6FDB11C,Qwen3.6-27B,FlowPilot,Hydrogenolysis,$.proposal.streams[1].gas_flow_actual_mL_min,gas_flow_actual_mL_min,0.250317
H-6FDB11C,Qwen3.6-27B,FlowPilot,Hydrogenolysis,$.proposal.streams[1].molar_equiv,molar_equiv,10.0
H-6FDB11C,Qwen3.6-27B,FlowPilot,Hydrogenolysis,$.proposal.multiphase_metrics.liquid_flow_rate_mL_min,liquid_flow_rate_mL_min,0.15789
H-6FDB11C,Qwen3.6-27B,FlowPilot,Hydrogenolysis,$.proposal.multiphase_metrics.gas_flow_sccm,gas_flow_sccm,4.458818
H-6FDB11C,Qwen3.6-27B,FlowPilot,Hydrogenolysis,$.proposal.multiphase_metrics.gas_flow_actual_mL_min,gas_flow_actual_mL_min,0.250317
H-6FDB11C,Qwen3.6-27B,FlowPilot,Hydrogenolysis,$.proposal.multiphase_metrics.gas_pressure_abs_bar,gas_pressure_abs_bar,22.0132
H-6FDB11C,Qwen3.6-27B,FlowPilot,Hydrogenolysis,$.proposal.multiphase_metrics.liquid_holdup_volume_mL,liquid_holdup_volume_mL,2.5894
H-6FDB11C,Qwen3.6-27B,FlowPilot,Hydrogenolysis,$.proposal.multiphase_metrics.total_reactor_volume_mL,total_reactor_volume_mL,2.9999
H-6FDB11C,Qwen3.6-27B,FlowPilot,Hydrogenolysis,$.proposal.multiphase_metrics.residence_time_inlet_min,residence_time_inlet_min,4.9686
H-6FDB11C,Qwen3.6-27B,FlowPilot,Hydrogenolysis,$.proposal.multiphase_metrics.residence_time_in_channel_min,residence_time_in_channel_min,16.4
H-6FDB11C,Qwen3.6-27B,FlowPilot,Hydrogenolysis,$.proposal.multiphase_metrics.two_phase_pressure_drop_bar,two_phase_pressure_drop_bar,1e-06
H-6FDB11C,Qwen3.6-27B,FlowPilot,Hydrogenolysis,$.proposal.multiphase_metrics.target_gas_equiv_inlet,target_gas_equiv_inlet,10.0
H-6FDB11C,Qwen3.6-27B,FlowPilot,Hydrogenolysis,$.proposal.multiphase_metrics.explicit_gas_equiv_inlet,explicit_gas_equiv_inlet,1.0
H-6FDB11C,Qwen3.6-27B,FlowPilot,Hydrogenolysis,$.proposal.multiphase_metrics.o2_equiv_supplied,o2_equiv_supplied,10.0
H-6FDB11C,Qwen3.6-27B,FlowPilot,Hydrogenolysis,$.proposal.multiphase_metrics.gas_equiv_supplied,gas_equiv_supplied,10.0
H-6FDB11C,Qwen3.6-27B,FlowPilot,Hydrogenolysis,$.proposal.multiphase_metrics.nominal_liquid_empty_bed_time_min,nominal_liquid_empty_bed_time_min,19.00057
H-6FDB11C,Qwen3.6-27B,FlowPilot,Hydrogenolysis,$.proposal.multiphase_metrics.apparent_inlet_STP_time_min,apparent_inlet_STP_time_min,0.649814
H-6FDB11C,Qwen3.6-27B,FlowPilot,Hydrogenolysis,$.proposal.multiphase_metrics.apparent_in_channel_time_min,apparent_in_channel_time_min,7.349213
H-6FDB11C,Qwen3.6-27B,FlowPilot,Hydrogenolysis,$.proposal.heat_transfer_metrics.surface_to_volume_m_inv,surface_to_volume_m_inv,919.5
H-6FDB11C,Qwen3.6-27B,FlowPilot,Hydrogenolysis,$.proposal.heat_transfer_metrics.UA_W_K,UA_W_K,0.827745
H-6FDB11C,Qwen3.6-27B,FlowPilot,Hydrogenolysis,$.proposal.heat_transfer_metrics.thermal_damkohler,thermal_damkohler,0.0144
H-6FDB11C,Qwen3.6-27B,FlowPilot,Hydrogenolysis,$.proposal.inventory_selection.volume_mL,volume_mL,3.0
H-6FDB11C,Qwen3.6-27B,FlowPilot,Hydrogenolysis,$.proposal.inventory_constraints.selected_reactor.volume_mL,volume_mL,3.0
H-6FDB11C,Qwen3.6-27B,FlowPilot,Hydrogenolysis,$.proposal.inventory_constraints.selected_pump.max_pressure_bar,max_pressure_bar,40.0
H-6FDB11C,Qwen3.6-27B,FlowPilot,Hydrogenolysis,$.proposal.inventory_constraints.selected_pump.max_flow_rate_mL_min,max_flow_rate_mL_min,2.0
H-6FDB11C,Qwen3.6-27B,FlowPilot,Hydrogenolysis,$.proposal.inventory_constraints.selected_pump.min_flow_rate_mL_min,min_flow_rate_mL_min,0.1
H-6FDB11C,Qwen3.6-27B,FlowPilot,Hydrogenolysis,$.proposal.inventory_constraints.flow_recalculation.requested_residence_time_min,requested_residence_time_min,16.4
H-6FDB11C,Qwen3.6-27B,FlowPilot,Hydrogenolysis,$.proposal.inventory_constraints.flow_recalculation.pump_min_flow_rate_mL_min,pump_min_flow_rate_mL_min,0.1
H-6FDB11C,Qwen3.6-27B,FlowPilot,Hydrogenolysis,$.proposal.inventory_constraints.flow_recalculation.pump_max_flow_rate_mL_min,pump_max_flow_rate_mL_min,2.0
H-6FDB11C,Qwen3.6-27B,FlowPilot,Hydrogenolysis,$.proposal.inventory_constraints.flow_recalculation.liquid_flow_rate_mL_min,liquid_flow_rate_mL_min,0.15789
H-6FDB11C,Qwen3.6-27B,FlowPilot,Hydrogenolysis,$.proposal.inventory_constraints.flow_recalculation.gas_flow_actual_mL_min,gas_flow_actual_mL_min,0.02503
H-6FDB11C,Qwen3.6-27B,FlowPilot,Hydrogenolysis,$.proposal.inventory_constraints.flow_recalculation.gas_flow_sccm,gas_flow_sccm,0.44589
H-6FDB11C,Qwen3.6-27B,FlowPilot,Hydrogenolysis,$.proposal.inventory_constraints.flow_recalculation.target_gas_equiv_inlet,target_gas_equiv_inlet,1.0
H-6FDB11C,Qwen3.6-27B,FlowPilot,Hydrogenolysis,$.proposal.inventory_constraints.flow_recalculation.gas_equiv_supplied,gas_equiv_supplied,1.0
H-6FDB11C,Qwen3.6-27B,FlowPilot,Hydrogenolysis,$.proposal.inventory_constraints.final_validation.design_realization.decisions[0].selected_BPR_bar,selected_BPR_bar,21.0
H-6FDB11C,Qwen3.6-27B,FlowPilot,Hydrogenolysis,$.proposal.inventory_constraints.final_validation.design_realization.decisions[1].total_reactive_liquid_flow_mL_min,total_reactive_liquid_flow_mL_min,0.15789
H-6FDB11C,Qwen3.6-27B,FlowPilot,Hydrogenolysis,$.proposal.inventory_constraints.final_validation.design_realization.decisions[2].target_equiv,target_equiv,10.0
H-6FDB11C,Qwen3.6-27B,FlowPilot,Hydrogenolysis,$.proposal.inventory_constraints.final_validation.design_realization.decisions[2].supplied_equiv,supplied_equiv,10.0
H-6FDB11C,Qwen3.6-27B,FlowPilot,Hydrogenolysis,$.proposal.inventory_constraints.final_validation.design_realization.decisions[2].pressure_absolute_bar,pressure_absolute_bar,21.0
H-6FDB11C,Qwen3.6-27B,FlowPilot,Hydrogenolysis,$.proposal.inventory_constraints.final_validation.design_realization.decisions[4].volume_mL,volume_mL,3.0
H-6FDB11C,Qwen3.6-27B,FlowPilot,Hydrogenolysis,$.proposal.inventory_constraints.final_validation.design_realization.decisions[5].volume_mL,volume_mL,3.0
H-6FDB11C,Qwen3.6-27B,FlowPilot,Hydrogenolysis,$.proposal.inventory_constraints.final_validation.design_realization.decisions[5].liquid_flow_mL_min,liquid_flow_mL_min,0.15789
H-6FDB11C,Qwen3.6-27B,FlowPilot,Hydrogenolysis,$.proposal.inventory_constraints.final_validation.design_realization.feed_assignments[0].flow_rate_mL_min,flow_rate_mL_min,0.15789
H-6FDB11C,Qwen3.6-27B,FlowPilot,Hydrogenolysis,$.proposal.inventory_constraints.final_validation.design_realization.feed_assignments[0].concentration_M,concentration_M,0.126
H-6FDB11C,Qwen3.6-27B,FlowPilot,Hydrogenolysis,$.proposal.inventory_constraints.final_validation.design_realization.feed_assignments[0].molar_equiv,molar_equiv,1.0
H-6FDB11C,Qwen3.6-27B,FlowPilot,Hydrogenolysis,$.proposal.inventory_constraints.final_validation.design_realization.feed_assignments[1].flow_rate_mL_min,flow_rate_mL_min,0.250317
H-6FDB11C,Qwen3.6-27B,FlowPilot,Hydrogenolysis,$.proposal.inventory_constraints.final_validation.design_realization.feed_assignments[1].gas_flow_sccm,gas_flow_sccm,4.458818
H-6FDB11C,Qwen3.6-27B,FlowPilot,Hydrogenolysis,$.proposal.inventory_constraints.final_validation.design_realization.feed_assignments[1].gas_flow_actual_mL_min,gas_flow_actual_mL_min,0.250317
H-6FDB11C,Qwen3.6-27B,FlowPilot,Hydrogenolysis,$.proposal.inventory_constraints.final_validation.design_realization.feed_assignments[1].molar_equiv,molar_equiv,10.0
H-6FDB11C,Qwen3.6-27B,FlowPilot,Hydrogenolysis,$.proposal.inventory_constraints.design_realization.decisions[0].selected_BPR_bar,selected_BPR_bar,21.0
H-6FDB11C,Qwen3.6-27B,FlowPilot,Hydrogenolysis,$.proposal.inventory_constraints.design_realization.decisions[1].total_reactive_liquid_flow_mL_min,total_reactive_liquid_flow_mL_min,0.15789
H-6FDB11C,Qwen3.6-27B,FlowPilot,Hydrogenolysis,$.proposal.inventory_constraints.design_realization.decisions[2].target_equiv,target_equiv,10.0
H-6FDB11C,Qwen3.6-27B,FlowPilot,Hydrogenolysis,$.proposal.inventory_constraints.design_realization.decisions[2].supplied_equiv,supplied_equiv,10.0
H-6FDB11C,Qwen3.6-27B,FlowPilot,Hydrogenolysis,$.proposal.inventory_constraints.design_realization.decisions[2].pressure_absolute_bar,pressure_absolute_bar,21.0
H-6FDB11C,Qwen3.6-27B,FlowPilot,Hydrogenolysis,$.proposal.inventory_constraints.design_realization.decisions[4].volume_mL,volume_mL,3.0
H-6FDB11C,Qwen3.6-27B,FlowPilot,Hydrogenolysis,$.proposal.inventory_constraints.design_realization.decisions[5].volume_mL,volume_mL,3.0
H-6FDB11C,Qwen3.6-27B,FlowPilot,Hydrogenolysis,$.proposal.inventory_constraints.design_realization.decisions[5].liquid_flow_mL_min,liquid_flow_mL_min,0.15789
H-6FDB11C,Qwen3.6-27B,FlowPilot,Hydrogenolysis,$.proposal.inventory_constraints.design_realization.feed_assignments[0].flow_rate_mL_min,flow_rate_mL_min,0.15789
H-6FDB11C,Qwen3.6-27B,FlowPilot,Hydrogenolysis,$.proposal.inventory_constraints.design_realization.feed_assignments[0].concentration_M,concentration_M,0.126
H-6FDB11C,Qwen3.6-27B,FlowPilot,Hydrogenolysis,$.proposal.inventory_constraints.design_realization.feed_assignments[0].molar_equiv,molar_equiv,1.0
H-6FDB11C,Qwen3.6-27B,FlowPilot,Hydrogenolysis,$.proposal.inventory_constraints.design_realization.feed_assignments[1].flow_rate_mL_min,flow_rate_mL_min,0.250317
H-6FDB11C,Qwen3.6-27B,FlowPilot,Hydrogenolysis,$.proposal.inventory_constraints.design_realization.feed_assignments[1].gas_flow_sccm,gas_flow_sccm,4.458818
H-6FDB11C,Qwen3.6-27B,FlowPilot,Hydrogenolysis,$.proposal.inventory_constraints.design_realization.feed_assignments[1].gas_flow_actual_mL_min,gas_flow_actual_mL_min,0.250317
H-6FDB11C,Qwen3.6-27B,FlowPilot,Hydrogenolysis,$.proposal.inventory_constraints.design_realization.feed_assignments[1].molar_equiv,molar_equiv,10.0
H-6FDB11C,Qwen3.6-27B,FlowPilot,Hydrogenolysis,$.chemistry_plan.stream_logic[0].molar_equiv,molar_equiv,1.0
H-6FDB11C,Qwen3.6-27B,FlowPilot,Hydrogenolysis,$.chemistry_plan.stream_logic[0].concentration_M,concentration_M,0.126
H-6FDB11C,Qwen3.6-27B,FlowPilot,Hydrogenolysis,$.chemistry_plan.stream_logic[1].molar_equiv,molar_equiv,1.0
H-6FDB11C,Qwen3.6-27B,FlowPilot,Hydrogenolysis,$.design_calculations.steps[1].values.k_flow,k_flow,0.002627756494984089
H-6FDB11C,Qwen3.6-27B,FlowPilot,Hydrogenolysis,$.design_calculations.steps[2].values.residence_time_inlet_min,residence_time_inlet_min,1.68
H-6FDB11C,Qwen3.6-27B,FlowPilot,Hydrogenolysis,$.design_calculations.steps[2].values.residence_time_in_channel_min,residence_time_in_channel_min,19.0006
H-6FDB11C,Qwen3.6-27B,FlowPilot,Hydrogenolysis,$.design_calculations.steps[5].values.gas_flow_sccm,gas_flow_sccm,4.4588
H-6FDB11C,Qwen3.6-27B,FlowPilot,Hydrogenolysis,$.design_calculations.steps[5].values.gas_flow_actual_mL_min,gas_flow_actual_mL_min,0.2503
H-6FDB11C,Qwen3.6-27B,FlowPilot,Hydrogenolysis,$.design_calculations.steps[5].values.gas_pressure_abs_bar,gas_pressure_abs_bar,22.0132
H-6FDB11C,Qwen3.6-27B,FlowPilot,Hydrogenolysis,$.design_calculations.steps[5].values.target_gas_equiv_inlet,target_gas_equiv_inlet,10.0
H-6FDB11C,Qwen3.6-27B,FlowPilot,Hydrogenolysis,$.design_calculations.steps[5].values.explicit_gas_equiv_inlet,explicit_gas_equiv_inlet,10.0
H-6FDB11C,Qwen3.6-27B,FlowPilot,Hydrogenolysis,$.design_calculations.steps[5].values.o2_equiv_supplied,o2_equiv_supplied,0.0
H-6FDB11C,Qwen3.6-27B,FlowPilot,Hydrogenolysis,$.design_calculations.steps[5].values.gas_equiv_supplied,gas_equiv_supplied,10.0
H-6FDB11C,Qwen3.6-27B,FlowPilot,Hydrogenolysis,$.design_calculations.steps[6].values.UA_W_K,UA_W_K,2.139674
H-6FDB11C,Qwen3.6-27B,FlowPilot,Hydrogenolysis,$.design_calculations.steps[7].values.bpr_bar,bpr_bar,3.0
H-6FDB11C,Qwen3.6-27B,FlowPilot,Hydrogenolysis,$.design_calculations.steps[7].values.gas_pressure_abs_bar,gas_pressure_abs_bar,22.0132
H-6FDB11C,Qwen3.6-27B,FlowPilot,Hydrogenolysis,$.design_calculations.steps[7].values.gas_flow_sccm,gas_flow_sccm,4.4588
H-6FDB11C,Qwen3.6-27B,FlowPilot,Hydrogenolysis,$.design_calculations.steps[8].values.productivity_mmol_h,productivity_mmol_h,1.13396598
H-6FDB11C,Qwen3.6-27B,FlowPilot,Hydrogenolysis,$.design_calculations.steps[8].values.startup_waste_mL,startup_waste_mL,9.0
H-6FDB11C,Qwen3.6-27B,FlowPilot,Hydrogenolysis,$.design_calculations.steps[8].values.liquid_flow_rate_mL_min,liquid_flow_rate_mL_min,0.15789
H-6FDB11C,Qwen3.6-27B,FlowPilot,Hydrogenolysis,$.design_calculations.steps[8].values.gas_flow_sccm,gas_flow_sccm,4.4588
H-6FDB11C,Qwen3.6-27B,FlowPilot,Hydrogenolysis,$.design_calculations.steps[8].values.liquid_holdup_volume_mL,liquid_holdup_volume_mL,3.0
H-6FDB11C,Qwen3.6-27B,FlowPilot,Hydrogenolysis,$.design_calculations.steps[8].values.total_reactor_volume_mL,total_reactor_volume_mL,7.7562
H-6FDB11C,Qwen3.6-27B,FlowPilot,Hydrogenolysis,$.design_calculations.temperature_C,temperature_C,60.0
H-6FDB11C,Qwen3.6-27B,FlowPilot,Hydrogenolysis,$.design_calculations.temperature_K,temperature_K,333.15
H-6FDB11C,Qwen3.6-27B,FlowPilot,Hydrogenolysis,$.design_calculations.concentration_M,concentration_M,0.126
H-6FDB11C,Qwen3.6-27B,FlowPilot,Hydrogenolysis,$.design_calculations.residence_time_s,residence_time_s,1140.0342
H-6FDB11C,Qwen3.6-27B,FlowPilot,Hydrogenolysis,$.design_calculations.residence_time_min,residence_time_min,19.00057
H-6FDB11C,Qwen3.6-27B,FlowPilot,Hydrogenolysis,$.design_calculations.residence_time_inlet_min,residence_time_inlet_min,4.9686
H-6FDB11C,Qwen3.6-27B,FlowPilot,Hydrogenolysis,$.design_calculations.residence_time_in_channel_min,residence_time_in_channel_min,16.4
H-6FDB11C,Qwen3.6-27B,FlowPilot,Hydrogenolysis,$.design_calculations.flow_rate_mL_min,flow_rate_mL_min,0.15789
H-6FDB11C,Qwen3.6-27B,FlowPilot,Hydrogenolysis,$.design_calculations.flow_rate_m3_s,flow_rate_m3_s,2.6315e-09
H-6FDB11C,Qwen3.6-27B,FlowPilot,Hydrogenolysis,$.design_calculations.reactor_volume_mL,reactor_volume_mL,3.0
H-6FDB11C,Qwen3.6-27B,FlowPilot,Hydrogenolysis,$.design_calculations.reactor_volume_m3,reactor_volume_m3,7.756171116320185e-06
H-6FDB11C,Qwen3.6-27B,FlowPilot,Hydrogenolysis,$.design_calculations.tubing_ID_mm,tubing_ID_mm,4.35
H-6FDB11C,Qwen3.6-27B,FlowPilot,Hydrogenolysis,$.design_calculations.tubing_ID_m,tubing_ID_m,0.00435
H-6FDB11C,Qwen3.6-27B,FlowPilot,Hydrogenolysis,$.design_calculations.reynolds_number,reynolds_number,1.43
H-6FDB11C,Qwen3.6-27B,FlowPilot,Hydrogenolysis,$.design_calculations.pressure_drop_bar,pressure_drop_bar,1e-05
H-6FDB11C,Qwen3.6-27B,FlowPilot,Hydrogenolysis,$.design_calculations.liquid_flow_rate_mL_min,liquid_flow_rate_mL_min,0.15789
H-6FDB11C,Qwen3.6-27B,FlowPilot,Hydrogenolysis,$.design_calculations.gas_flow_sccm,gas_flow_sccm,4.458818
H-6FDB11C,Qwen3.6-27B,FlowPilot,Hydrogenolysis,$.design_calculations.gas_flow_actual_mL_min,gas_flow_actual_mL_min,0.250317
H-6FDB11C,Qwen3.6-27B,FlowPilot,Hydrogenolysis,$.design_calculations.gas_pressure_abs_bar,gas_pressure_abs_bar,22.0132
H-6FDB11C,Qwen3.6-27B,FlowPilot,Hydrogenolysis,$.design_calculations.liquid_holdup_volume_mL,liquid_holdup_volume_mL,2.5894
H-6FDB11C,Qwen3.6-27B,FlowPilot,Hydrogenolysis,$.design_calculations.two_phase_pressure_drop_bar,two_phase_pressure_drop_bar,1e-06
H-6FDB11C,Qwen3.6-27B,FlowPilot,Hydrogenolysis,$.design_calculations.target_gas_equiv_inlet,target_gas_equiv_inlet,10.0
H-6FDB11C,Qwen3.6-27B,FlowPilot,Hydrogenolysis,$.design_calculations.explicit_gas_equiv_inlet,explicit_gas_equiv_inlet,1.0
H-6FDB11C,Qwen3.6-27B,FlowPilot,Hydrogenolysis,$.design_calculations.o2_equiv_supplied,o2_equiv_supplied,0.0
H-6FDB11C,Qwen3.6-27B,FlowPilot,Hydrogenolysis,$.design_calculations.gas_equiv_supplied,gas_equiv_supplied,10.0
H-6FDB11C,Qwen3.6-27B,FlowPilot,Hydrogenolysis,$.design_calculations.damkohler_mass,damkohler_mass,49.7237
H-6FDB11C,Qwen3.6-27B,FlowPilot,Hydrogenolysis,$.design_calculations.thermal_damkohler,thermal_damkohler,0.005571
H-6FDB11C,Qwen3.6-27B,FlowPilot,Hydrogenolysis,$.design_calculations.surface_to_volume,surface_to_volume,919.5
H-6FDB11C,Qwen3.6-27B,FlowPilot,Hydrogenolysis,$.design_calculations.UA_W_K,UA_W_K,2.139674
H-6FDB11C,Qwen3.6-27B,FlowPilot,Hydrogenolysis,$.design_calculations.bpr_pressure_bar,bpr_pressure_bar,21.0
H-6FDB11C,Qwen3.6-27B,FlowPilot,Hydrogenolysis,$.design_calculations.vapor_pressure_bar,vapor_pressure_bar,0.0
H-6FDB11C,Qwen3.6-27B,FlowPilot,Hydrogenolysis,$.design_calculations.productivity_mmol_h,productivity_mmol_h,1.134
H-6FDB11C,Qwen3.6-27B,FlowPilot,Hydrogenolysis,$.design_calculations.startup_waste_mL,startup_waste_mL,9.0
H-6FDB11C,Qwen3.6-27B,FlowPilot,Hydrogenolysis,$.design_calculations.total_reactor_volume_mL,total_reactor_volume_mL,2.9999
H-6FDB11C,Qwen3.6-27B,FlowPilot,Hydrogenolysis,$.design_calculations.nominal_liquid_empty_bed_time_min,nominal_liquid_empty_bed_time_min,19.00057
H-6FDB11C,Qwen3.6-27B,FlowPilot,Hydrogenolysis,$.design_calculations.apparent_inlet_STP_time_min,apparent_inlet_STP_time_min,0.649814
H-6FDB11C,Qwen3.6-27B,FlowPilot,Hydrogenolysis,$.design_calculations.apparent_in_channel_time_min,apparent_in_channel_time_min,7.349213
H-6FDB11C,Qwen3.6-27B,FlowPilot,Hydrogenolysis,$.design_calculations.topology_total_reactor_volume_mL,topology_total_reactor_volume_mL,3.0
H-6FDB11C,Qwen3.6-27B,FlowPilot,Hydrogenolysis,$.inventory_enforcement.first_pass.old.reactor_volume_mL,reactor_volume_mL,4.2374
H-6FDB11C,Qwen3.6-27B,FlowPilot,Hydrogenolysis,$.inventory_enforcement.first_pass.old.tubing_ID_mm,tubing_ID_mm,0.75
H-6FDB11C,Qwen3.6-27B,FlowPilot,Hydrogenolysis,$.inventory_enforcement.first_pass.old.flow_rate_mL_min,flow_rate_mL_min,0.1382
H-6FDB11C,Qwen3.6-27B,FlowPilot,Hydrogenolysis,$.inventory_enforcement.first_pass.old.BPR_bar,BPR_bar,3.0
H-6FDB11C,Qwen3.6-27B,FlowPilot,Hydrogenolysis,$.inventory_enforcement.first_pass.old.temperature_C,temperature_C,60.0
H-6FDB11C,Qwen3.6-27B,FlowPilot,Hydrogenolysis,$.inventory_enforcement.first_pass.old.concentration_M,concentration_M,0.126
H-6FDB11C,Qwen3.6-27B,FlowPilot,Hydrogenolysis,$.inventory_enforcement.first_pass.new.reactor_volume_mL,reactor_volume_mL,3.0
H-6FDB11C,Qwen3.6-27B,FlowPilot,Hydrogenolysis,$.inventory_enforcement.first_pass.new.tubing_ID_mm,tubing_ID_mm,4.35
H-6FDB11C,Qwen3.6-27B,FlowPilot,Hydrogenolysis,$.inventory_enforcement.first_pass.new.flow_rate_mL_min,flow_rate_mL_min,0.15789
H-6FDB11C,Qwen3.6-27B,FlowPilot,Hydrogenolysis,$.inventory_enforcement.first_pass.new.BPR_bar,BPR_bar,21.0
H-6FDB11C,Qwen3.6-27B,FlowPilot,Hydrogenolysis,$.inventory_enforcement.first_pass.new.temperature_C,temperature_C,60.0
H-6FDB11C,Qwen3.6-27B,FlowPilot,Hydrogenolysis,$.inventory_enforcement.first_pass.new.concentration_M,concentration_M,0.126
H-6FDB11C,Qwen3.6-27B,FlowPilot,Hydrogenolysis,$.inventory_enforcement.first_pass.selected_reactor.volume_mL,volume_mL,3.0
H-6FDB11C,Qwen3.6-27B,FlowPilot,Hydrogenolysis,$.inventory_enforcement.final_pass.old.reactor_volume_mL,reactor_volume_mL,2.9999
H-6FDB11C,Qwen3.6-27B,FlowPilot,Hydrogenolysis,$.inventory_enforcement.final_pass.old.tubing_ID_mm,tubing_ID_mm,4.35
H-6FDB11C,Qwen3.6-27B,FlowPilot,Hydrogenolysis,$.inventory_enforcement.final_pass.old.flow_rate_mL_min,flow_rate_mL_min,0.15789
H-6FDB11C,Qwen3.6-27B,FlowPilot,Hydrogenolysis,$.inventory_enforcement.final_pass.old.BPR_bar,BPR_bar,3.0
H-6FDB11C,Qwen3.6-27B,FlowPilot,Hydrogenolysis,$.inventory_enforcement.final_pass.old.temperature_C,temperature_C,60.0
H-6FDB11C,Qwen3.6-27B,FlowPilot,Hydrogenolysis,$.inventory_enforcement.final_pass.old.concentration_M,concentration_M,0.126
H-6FDB11C,Qwen3.6-27B,FlowPilot,Hydrogenolysis,$.inventory_enforcement.final_pass.new.reactor_volume_mL,reactor_volume_mL,3.0
H-6FDB11C,Qwen3.6-27B,FlowPilot,Hydrogenolysis,$.inventory_enforcement.final_pass.new.tubing_ID_mm,tubing_ID_mm,4.35
H-6FDB11C,Qwen3.6-27B,FlowPilot,Hydrogenolysis,$.inventory_enforcement.final_pass.new.flow_rate_mL_min,flow_rate_mL_min,0.15789
H-6FDB11C,Qwen3.6-27B,FlowPilot,Hydrogenolysis,$.inventory_enforcement.final_pass.new.BPR_bar,BPR_bar,21.0
H-6FDB11C,Qwen3.6-27B,FlowPilot,Hydrogenolysis,$.inventory_enforcement.final_pass.new.temperature_C,temperature_C,60.0
H-6FDB11C,Qwen3.6-27B,FlowPilot,Hydrogenolysis,$.inventory_enforcement.final_pass.new.concentration_M,concentration_M,0.126
H-6FDB11C,Qwen3.6-27B,FlowPilot,Hydrogenolysis,$.inventory_enforcement.final_pass.selected_reactor.volume_mL,volume_mL,3.0
H-6FDB11C,Qwen3.6-27B,FlowPilot,Hydrogenolysis,$.final_validation.design_realization.decisions[0].selected_BPR_bar,selected_BPR_bar,21.0
H-6FDB11C,Qwen3.6-27B,FlowPilot,Hydrogenolysis,$.final_validation.design_realization.decisions[1].total_reactive_liquid_flow_mL_min,total_reactive_liquid_flow_mL_min,0.15789
H-6FDB11C,Qwen3.6-27B,FlowPilot,Hydrogenolysis,$.final_validation.design_realization.decisions[2].target_equiv,target_equiv,10.0
H-6FDB11C,Qwen3.6-27B,FlowPilot,Hydrogenolysis,$.final_validation.design_realization.decisions[2].supplied_equiv,supplied_equiv,10.0
H-6FDB11C,Qwen3.6-27B,FlowPilot,Hydrogenolysis,$.final_validation.design_realization.decisions[2].pressure_absolute_bar,pressure_absolute_bar,21.0
H-6FDB11C,Qwen3.6-27B,FlowPilot,Hydrogenolysis,$.final_validation.design_realization.decisions[4].volume_mL,volume_mL,3.0
H-6FDB11C,Qwen3.6-27B,FlowPilot,Hydrogenolysis,$.final_validation.design_realization.decisions[5].volume_mL,volume_mL,3.0
H-6FDB11C,Qwen3.6-27B,FlowPilot,Hydrogenolysis,$.final_validation.design_realization.decisions[5].liquid_flow_mL_min,liquid_flow_mL_min,0.15789
H-6FDB11C,Qwen3.6-27B,FlowPilot,Hydrogenolysis,$.final_validation.design_realization.feed_assignments[0].flow_rate_mL_min,flow_rate_mL_min,0.15789
H-6FDB11C,Qwen3.6-27B,FlowPilot,Hydrogenolysis,$.final_validation.design_realization.feed_assignments[0].concentration_M,concentration_M,0.126
H-6FDB11C,Qwen3.6-27B,FlowPilot,Hydrogenolysis,$.final_validation.design_realization.feed_assignments[0].molar_equiv,molar_equiv,1.0
H-6FDB11C,Qwen3.6-27B,FlowPilot,Hydrogenolysis,$.final_validation.design_realization.feed_assignments[1].flow_rate_mL_min,flow_rate_mL_min,0.250317
H-6FDB11C,Qwen3.6-27B,FlowPilot,Hydrogenolysis,$.final_validation.design_realization.feed_assignments[1].gas_flow_sccm,gas_flow_sccm,4.458818
H-6FDB11C,Qwen3.6-27B,FlowPilot,Hydrogenolysis,$.final_validation.design_realization.feed_assignments[1].gas_flow_actual_mL_min,gas_flow_actual_mL_min,0.250317
H-6FDB11C,Qwen3.6-27B,FlowPilot,Hydrogenolysis,$.final_validation.design_realization.feed_assignments[1].molar_equiv,molar_equiv,10.0
H-6FDB11C,Qwen3.6-27B,FlowPilot,Hydrogenolysis,$.final_validation.design_disposition.requirements.temperature_exact_C,temperature_exact_C,60.0
H-6FDB11C,Qwen3.6-27B,FlowPilot,Hydrogenolysis,$.design_realization.decisions[0].selected_BPR_bar,selected_BPR_bar,21.0
H-6FDB11C,Qwen3.6-27B,FlowPilot,Hydrogenolysis,$.design_realization.decisions[1].total_reactive_liquid_flow_mL_min,total_reactive_liquid_flow_mL_min,0.15789
H-6FDB11C,Qwen3.6-27B,FlowPilot,Hydrogenolysis,$.design_realization.decisions[2].target_equiv,target_equiv,10.0
H-6FDB11C,Qwen3.6-27B,FlowPilot,Hydrogenolysis,$.design_realization.decisions[2].supplied_equiv,supplied_equiv,10.0
H-6FDB11C,Qwen3.6-27B,FlowPilot,Hydrogenolysis,$.design_realization.decisions[2].pressure_absolute_bar,pressure_absolute_bar,21.0
H-6FDB11C,Qwen3.6-27B,FlowPilot,Hydrogenolysis,$.design_realization.decisions[4].volume_mL,volume_mL,3.0
H-6FDB11C,Qwen3.6-27B,FlowPilot,Hydrogenolysis,$.design_realization.decisions[5].volume_mL,volume_mL,3.0
H-6FDB11C,Qwen3.6-27B,FlowPilot,Hydrogenolysis,$.design_realization.decisions[5].liquid_flow_mL_min,liquid_flow_mL_min,0.15789
H-6FDB11C,Qwen3.6-27B,FlowPilot,Hydrogenolysis,$.design_realization.feed_assignments[0].flow_rate_mL_min,flow_rate_mL_min,0.15789
H-6FDB11C,Qwen3.6-27B,FlowPilot,Hydrogenolysis,$.design_realization.feed_assignments[0].concentration_M,concentration_M,0.126
H-6FDB11C,Qwen3.6-27B,FlowPilot,Hydrogenolysis,$.design_realization.feed_assignments[0].molar_equiv,molar_equiv,1.0
H-6FDB11C,Qwen3.6-27B,FlowPilot,Hydrogenolysis,$.design_realization.feed_assignments[1].flow_rate_mL_min,flow_rate_mL_min,0.250317
H-6FDB11C,Qwen3.6-27B,FlowPilot,Hydrogenolysis,$.design_realization.feed_assignments[1].gas_flow_sccm,gas_flow_sccm,4.458818
H-6FDB11C,Qwen3.6-27B,FlowPilot,Hydrogenolysis,$.design_realization.feed_assignments[1].gas_flow_actual_mL_min,gas_flow_actual_mL_min,0.250317
H-6FDB11C,Qwen3.6-27B,FlowPilot,Hydrogenolysis,$.design_realization.feed_assignments[1].molar_equiv,molar_equiv,10.0
H-6FDB11C,Qwen3.6-27B,FlowPilot,Hydrogenolysis,$.design_space[0].liquid_holdup_volume_mL,liquid_holdup_volume_mL,0.45
H-6FDB11C,Qwen3.6-27B,FlowPilot,Hydrogenolysis,$.design_space[0].delta_P_bar,delta_P_bar,0.0
H-6FDB11C,Qwen3.6-27B,FlowPilot,Hydrogenolysis,$.design_space[0].productivity_mg_h,productivity_mg_h,70.64
H-6FDB11C,Qwen3.6-27B,FlowPilot,Hydrogenolysis,$.design_space[0].gas_flow_actual_mL_min,gas_flow_actual_mL_min,0.4462
H-6FDB11C,Qwen3.6-27B,FlowPilot,Hydrogenolysis,$.design_space[0].required_bpr_bar,required_bpr_bar,5.0
H-6FDB11C,Qwen3.6-27B,FlowPilot,Hydrogenolysis,$.design_space[0].score_breakdown.productivity,productivity,1.0
H-6FDB11C,Qwen3.6-27B,FlowPilot,Hydrogenolysis,$.process_requirements_topology.unit_operations[0].parameters.flow_rate_mL_min,flow_rate_mL_min,0.15789
H-6FDB11C,Qwen3.6-27B,FlowPilot,Hydrogenolysis,$.process_requirements_topology.unit_operations[1].parameters.flow_rate_mL_min,flow_rate_mL_min,0.250317
H-6FDB11C,Qwen3.6-27B,FlowPilot,Hydrogenolysis,$.process_requirements_topology.unit_operations[1].parameters.gas_flow_sccm,gas_flow_sccm,4.458818
H-6FDB11C,Qwen3.6-27B,FlowPilot,Hydrogenolysis,$.process_requirements_topology.unit_operations[1].parameters.gas_flow_actual_mL_min,gas_flow_actual_mL_min,0.250317
H-6FDB11C,Qwen3.6-27B,FlowPilot,Hydrogenolysis,$.process_requirements_topology.unit_operations[3].parameters.volume_mL,volume_mL,3.0
H-6FDB11C,Qwen3.6-27B,FlowPilot,Hydrogenolysis,$.process_requirements_topology.unit_operations[3].parameters.temperature_C,temperature_C,60.0
H-6FDB11C,Qwen3.6-27B,FlowPilot,Hydrogenolysis,$.process_requirements_topology.unit_operations[3].parameters.residence_time_min,residence_time_min,19.00057
H-6FDB11C,Qwen3.6-27B,FlowPilot,Hydrogenolysis,$.process_requirements_topology.unit_operations[4].parameters.temperature_C,temperature_C,60.0
H-6FDB11C,Qwen3.6-27B,FlowPilot,Hydrogenolysis,$.process_requirements_topology.unit_operations[5].parameters.pressure_bar,pressure_bar,21.0
H-6FDB11C,Qwen3.6-27B,FlowPilot,Hydrogenolysis,$.process_requirements_topology.total_flow_rate_mL_min,total_flow_rate_mL_min,0.1579
H-6FDB11C,Qwen3.6-27B,FlowPilot,Hydrogenolysis,$.process_requirements_topology.residence_time_min,residence_time_min,19.00057
H-6FDB11C,Qwen3.6-27B,FlowPilot,Hydrogenolysis,$.process_requirements_topology.reactor_volume_mL,reactor_volume_mL,3.0
H-6FDB11C,Qwen3.6-27B,FlowPilot,Hydrogenolysis,$.inventory_allocation.assignments[0].settings.flow_rate_mL_min,flow_rate_mL_min,0.15789
H-6FDB11C,Qwen3.6-27B,FlowPilot,Hydrogenolysis,$.inventory_allocation.assignments[1].settings.flow_sccm,flow_sccm,4.458818
H-6FDB11C,Qwen3.6-27B,FlowPilot,Hydrogenolysis,$.inventory_allocation.assignments[2].settings.total_flow_mL_min,total_flow_mL_min,0.15789
H-6FDB11C,Qwen3.6-27B,FlowPilot,Hydrogenolysis,$.inventory_allocation.assignments[3].settings.volume_mL,volume_mL,3.0
H-6FDB11C,Qwen3.6-27B,FlowPilot,Hydrogenolysis,$.inventory_allocation.assignments[3].settings.temperature_C,temperature_C,60.0
H-6FDB11C,Qwen3.6-27B,FlowPilot,Hydrogenolysis,$.inventory_allocation.assignments[4].settings.temperature_C,temperature_C,60.0
H-6FDB11C,Qwen3.6-27B,FlowPilot,Hydrogenolysis,$.inventory_allocation.assignments[5].settings.pressure_bar,pressure_bar,21.0
H-6FDB11C,Qwen3.6-27B,FlowPilot,Hydrogenolysis,$.inventory_allocation.instrument_manifest[0].settings[0].flow_rate_mL_min,flow_rate_mL_min,0.15789
H-6FDB11C,Qwen3.6-27B,FlowPilot,Hydrogenolysis,$.inventory_allocation.instrument_manifest[1].settings[0].flow_sccm,flow_sccm,4.458818
H-6FDB11C,Qwen3.6-27B,FlowPilot,Hydrogenolysis,$.inventory_allocation.instrument_manifest[2].settings[0].total_flow_mL_min,total_flow_mL_min,0.15789
H-6FDB11C,Qwen3.6-27B,FlowPilot,Hydrogenolysis,$.inventory_allocation.instrument_manifest[3].settings[0].volume_mL,volume_mL,3.0
H-6FDB11C,Qwen3.6-27B,FlowPilot,Hydrogenolysis,$.inventory_allocation.instrument_manifest[3].settings[0].temperature_C,temperature_C,60.0
H-6FDB11C,Qwen3.6-27B,FlowPilot,Hydrogenolysis,$.inventory_allocation.instrument_manifest[4].settings[0].temperature_C,temperature_C,60.0
H-6FDB11C,Qwen3.6-27B,FlowPilot,Hydrogenolysis,$.inventory_allocation.instrument_manifest[5].settings[0].pressure_bar,pressure_bar,21.0
H-6FDB11C,Qwen3.6-27B,FlowPilot,Hydrogenolysis,$.instrument_manifest[0].settings[0].flow_rate_mL_min,flow_rate_mL_min,0.15789
H-6FDB11C,Qwen3.6-27B,FlowPilot,Hydrogenolysis,$.instrument_manifest[1].settings[0].flow_sccm,flow_sccm,4.458818
H-6FDB11C,Qwen3.6-27B,FlowPilot,Hydrogenolysis,$.instrument_manifest[2].settings[0].total_flow_mL_min,total_flow_mL_min,0.15789
H-6FDB11C,Qwen3.6-27B,FlowPilot,Hydrogenolysis,$.instrument_manifest[3].settings[0].volume_mL,volume_mL,3.0
H-6FDB11C,Qwen3.6-27B,FlowPilot,Hydrogenolysis,$.instrument_manifest[3].settings[0].temperature_C,temperature_C,60.0
H-6FDB11C,Qwen3.6-27B,FlowPilot,Hydrogenolysis,$.instrument_manifest[4].settings[0].temperature_C,temperature_C,60.0
H-6FDB11C,Qwen3.6-27B,FlowPilot,Hydrogenolysis,$.instrument_manifest[5].settings[0].pressure_bar,pressure_bar,21.0
H-6FDB11C,Qwen3.6-27B,FlowPilot,Hydrogenolysis,$.design_disposition.requirements.temperature_exact_C,temperature_exact_C,60.0
H-6FDB11C,Qwen3.6-27B,FlowPilot,Hydrogenolysis,$._analogies[0].full_record.batch_baseline.temperature_C,temperature_C,25
H-6FDB11C,Qwen3.6-27B,FlowPilot,Hydrogenolysis,$._analogies[0].full_record.batch_baseline.reaction_time_min,reaction_time_min,1080
H-6FDB11C,Qwen3.6-27B,FlowPilot,Hydrogenolysis,$._analogies[0].full_record.batch_baseline.concentration_M,concentration_M,0.05
H-6FDB11C,Qwen3.6-27B,FlowPilot,Hydrogenolysis,$._analogies[0].full_record.flow_optimized.residence_time_min,residence_time_min,25
H-6FDB11C,Qwen3.6-27B,FlowPilot,Hydrogenolysis,$._analogies[0].full_record.flow_optimized.flow_rate_total_mL_min,flow_rate_total_mL_min,0.083
H-6FDB11C,Qwen3.6-27B,FlowPilot,Hydrogenolysis,$._analogies[0].full_record.flow_optimized.back_pressure_bar,back_pressure_bar,20
H-6FDB11C,Qwen3.6-27B,FlowPilot,Hydrogenolysis,$._analogies[0].full_record.flow_optimized.throughput_mmol_h,throughput_mmol_h,180
H-6FDB11C,Qwen3.6-27B,FlowPilot,Hydrogenolysis,$._analogies[0].full_record.field_confidence.batch_baseline.temperature_C,batch_baseline.temperature_C,3
H-6FDB11C,Qwen3.6-27B,FlowPilot,Hydrogenolysis,$._analogies[0].full_record.field_confidence.batch_baseline.reaction_time_min,batch_baseline.reaction_time_min,3
H-6FDB11C,Qwen3.6-27B,FlowPilot,Hydrogenolysis,$._analogies[0].full_record.field_confidence.batch_baseline.concentration_M,batch_baseline.concentration_M,3
H-6FDB11C,Qwen3.6-27B,FlowPilot,Hydrogenolysis,$._analogies[0].full_record.field_confidence.flow_optimized.residence_time_min,flow_optimized.residence_time_min,3
H-6FDB11C,Qwen3.6-27B,FlowPilot,Hydrogenolysis,$._analogies[0].full_record.field_confidence.flow_optimized.flow_rate_total_mL_min,flow_optimized.flow_rate_total_mL_min,3
H-6FDB11C,Qwen3.6-27B,FlowPilot,Hydrogenolysis,$._analogies[0].full_record.field_confidence.flow_optimized.back_pressure_bar,flow_optimized.back_pressure_bar,3
H-6FDB11C,Qwen3.6-27B,FlowPilot,Hydrogenolysis,$._analogies[0].full_record.field_confidence.flow_optimized.yield_percent,flow_optimized.yield_percent,3
H-6FDB11C,Qwen3.6-27B,FlowPilot,Hydrogenolysis,$._analogies[0].full_record.field_confidence.flow_optimized.ee_percent,flow_optimized.ee_percent,3
H-6FDB11C,Qwen3.6-27B,FlowPilot,Hydrogenolysis,$._analogies[0].full_record.field_confidence.flow_optimized.scale_mmol,flow_optimized.scale_mmol,3
H-6FDB11C,Qwen3.6-27B,FlowPilot,Hydrogenolysis,$._analogies[0].full_record.field_confidence.flow_optimized.throughput_mmol_h,flow_optimized.throughput_mmol_h,3
H-6FDB11C,Qwen3.6-27B,FlowPilot,Hydrogenolysis,$._analogies[1].full_record.batch_baseline.temperature_C,temperature_C,55
H-6FDB11C,Qwen3.6-27B,FlowPilot,Hydrogenolysis,$._analogies[1].full_record.batch_baseline.reaction_time_min,reaction_time_min,1440
H-6FDB11C,Qwen3.6-27B,FlowPilot,Hydrogenolysis,$._analogies[1].full_record.flow_optimized.temperature_C,temperature_C,55
H-6FDB11C,Qwen3.6-27B,FlowPilot,Hydrogenolysis,$._analogies[1].full_record.flow_optimized.residence_time_min,residence_time_min,180
H-6FDB11C,Qwen3.6-27B,FlowPilot,Hydrogenolysis,$._analogies[1].full_record.flow_optimized.flow_rate_total_mL_min,flow_rate_total_mL_min,0.01
H-6FDB11C,Qwen3.6-27B,FlowPilot,Hydrogenolysis,$._analogies[1].full_record.flow_optimized.concentration_M,concentration_M,0.05
H-6FDB11C,Qwen3.6-27B,FlowPilot,Hydrogenolysis,$._analogies[1].full_record.reactor.volume_mL,volume_mL,3.1
H-6FDB11C,Qwen3.6-27B,FlowPilot,Hydrogenolysis,$._analogies[1].full_record.reactor.tubing_diameter_mm,tubing_diameter_mm,4.0
H-6FDB11C,Qwen3.6-27B,FlowPilot,Hydrogenolysis,$._analogies[1].full_record.field_confidence.batch_baseline_temperature_C,batch_baseline_temperature_C,3
H-6FDB11C,Qwen3.6-27B,FlowPilot,Hydrogenolysis,$._analogies[1].full_record.field_confidence.batch_baseline_reaction_time_min,batch_baseline_reaction_time_min,3
H-6FDB11C,Qwen3.6-27B,FlowPilot,Hydrogenolysis,$._analogies[1].full_record.field_confidence.flow_optimized_temperature_C,flow_optimized_temperature_C,3
H-6FDB11C,Qwen3.6-27B,FlowPilot,Hydrogenolysis,$._analogies[1].full_record.field_confidence.flow_optimized_residence_time_min,flow_optimized_residence_time_min,3
H-6FDB11C,Qwen3.6-27B,FlowPilot,Hydrogenolysis,$._analogies[1].full_record.field_confidence.flow_optimized_yield_percent,flow_optimized_yield_percent,3
H-6FDB11C,Qwen3.6-27B,FlowPilot,Hydrogenolysis,$._analogies[1].full_record.field_confidence.flow_optimized_flow_rate_total_mL_min,flow_optimized_flow_rate_total_mL_min,3
H-6FDB11C,Qwen3.6-27B,FlowPilot,Hydrogenolysis,$._analogies[1].full_record.field_confidence.flow_optimized_concentration_M,flow_optimized_concentration_M,3
H-6FDB11C,Qwen3.6-27B,FlowPilot,Hydrogenolysis,$._analogies[2].full_record.batch_baseline.temperature_C,temperature_C,90
H-6FDB11C,Qwen3.6-27B,FlowPilot,Hydrogenolysis,$._analogies[2].full_record.batch_baseline.reaction_time_min,reaction_time_min,420
H-6FDB11C,Qwen3.6-27B,FlowPilot,Hydrogenolysis,$._analogies[2].full_record.flow_optimized.temperature_C,temperature_C,100
H-6FDB11C,Qwen3.6-27B,FlowPilot,Hydrogenolysis,$._analogies[2].full_record.flow_optimized.residence_time_min,residence_time_min,30
H-6FDB11C,Qwen3.6-27B,FlowPilot,Hydrogenolysis,$._analogies[2].full_record.flow_optimized.flow_rate_total_mL_min,flow_rate_total_mL_min,1.34
H-6FDB11C,Qwen3.6-27B,FlowPilot,Hydrogenolysis,$._analogies[2].full_record.flow_optimized.flow_rate_stream_A_mL_min,flow_rate_stream_A_mL_min,1.34
H-6FDB11C,Qwen3.6-27B,FlowPilot,Hydrogenolysis,$._analogies[2].full_record.flow_optimized.back_pressure_bar,back_pressure_bar,70
H-6FDB11C,Qwen3.6-27B,FlowPilot,Hydrogenolysis,$._analogies[2].full_record.reactor.volume_mL,volume_mL,13.4
H-6FDB11C,Qwen3.6-27B,FlowPilot,Hydrogenolysis,$._analogies[2].full_record.reactor.tubing_diameter_mm,tubing_diameter_mm,1
H-6FDB11C,Qwen3.6-27B,FlowPilot,Hydrogenolysis,$._analogies[2].full_record.field_confidence.flow_optimized,flow_optimized,2
H-6FDB11C,Qwen3.6-27B,FlowPilot,Hydrogenolysis,$._analogies[2].full_record.field_confidence.BPR_present,BPR_present,3
H-6FDB11C,Qwen3.6-27B,FlowPilot,Hydrogenolysis,$.pre_council_proposal.residence_time_min,residence_time_min,7.5
H-6FDB11C,Qwen3.6-27B,FlowPilot,Hydrogenolysis,$.pre_council_proposal.flow_rate_mL_min,flow_rate_mL_min,0.06
H-6FDB11C,Qwen3.6-27B,FlowPilot,Hydrogenolysis,$.pre_council_proposal.temperature_C,temperature_C,60.0
H-6FDB11C,Qwen3.6-27B,FlowPilot,Hydrogenolysis,$.pre_council_proposal.concentration_M,concentration_M,0.126
H-6FDB11C,Qwen3.6-27B,FlowPilot,Hydrogenolysis,$.pre_council_proposal.BPR_bar,BPR_bar,21.0
H-6FDB11C,Qwen3.6-27B,FlowPilot,Hydrogenolysis,$.pre_council_proposal.tubing_ID_mm,tubing_ID_mm,4.35
H-6FDB11C,Qwen3.6-27B,FlowPilot,Hydrogenolysis,$.pre_council_proposal.reactor_volume_mL,reactor_volume_mL,3.0
H-6FDB11C,Qwen3.6-27B,FlowPilot,Hydrogenolysis,$.pre_council_proposal.streams[0].concentration_M,concentration_M,0.126
H-6FDB11C,Qwen3.6-27B,FlowPilot,Hydrogenolysis,$.pre_council_proposal.streams[0].flow_rate_mL_min,flow_rate_mL_min,0.5
H-6FDB11C,Qwen3.6-27B,FlowPilot,Hydrogenolysis,$.pre_council_proposal.streams[0].molar_equiv,molar_equiv,1.0
H-6FDB11C,Qwen3.6-27B,FlowPilot,Hydrogenolysis,$.pre_council_proposal.streams[1].gas_flow_sccm,gas_flow_sccm,100.0
H-6FDB11C,Qwen3.6-27B,FlowPilot,Hydrogenolysis,$.pre_council_proposal.streams[1].gas_flow_actual_mL_min,gas_flow_actual_mL_min,1.72
H-6FDB11C,Qwen3.6-27B,FlowPilot,Hydrogenolysis,$.pre_council_proposal.streams[1].molar_equiv,molar_equiv,1.0
H-6FDB11C,Qwen3.6-27B,FlowPilot,Hydrogenolysis,$.process_topology.unit_operations[0].parameters.flow_rate_mL_min,flow_rate_mL_min,0.15789
H-6FDB11C,Qwen3.6-27B,FlowPilot,Hydrogenolysis,$.process_topology.unit_operations[1].parameters.flow_rate_mL_min,flow_rate_mL_min,0.250317
H-6FDB11C,Qwen3.6-27B,FlowPilot,Hydrogenolysis,$.process_topology.unit_operations[1].parameters.gas_flow_sccm,gas_flow_sccm,4.458818
H-6FDB11C,Qwen3.6-27B,FlowPilot,Hydrogenolysis,$.process_topology.unit_operations[1].parameters.gas_flow_actual_mL_min,gas_flow_actual_mL_min,0.250317
H-6FDB11C,Qwen3.6-27B,FlowPilot,Hydrogenolysis,$.process_topology.unit_operations[3].parameters.volume_mL,volume_mL,3.0
H-6FDB11C,Qwen3.6-27B,FlowPilot,Hydrogenolysis,$.process_topology.unit_operations[3].parameters.temperature_C,temperature_C,60.0
H-6FDB11C,Qwen3.6-27B,FlowPilot,Hydrogenolysis,$.process_topology.unit_operations[3].parameters.residence_time_min,residence_time_min,19.00057
H-6FDB11C,Qwen3.6-27B,FlowPilot,Hydrogenolysis,$.process_topology.unit_operations[4].parameters.temperature_C,temperature_C,60.0
H-6FDB11C,Qwen3.6-27B,FlowPilot,Hydrogenolysis,$.process_topology.unit_operations[5].parameters.pressure_bar,pressure_bar,21.0
H-6FDB11C,Qwen3.6-27B,FlowPilot,Hydrogenolysis,$.process_topology.total_flow_rate_mL_min,total_flow_rate_mL_min,0.1579
H-6FDB11C,Qwen3.6-27B,FlowPilot,Hydrogenolysis,$.process_topology.residence_time_min,residence_time_min,19.00057
H-6FDB11C,Qwen3.6-27B,FlowPilot,Hydrogenolysis,$.process_topology.reactor_volume_mL,reactor_volume_mL,3.0
H-6FDB11C,Qwen3.6-27B,FlowPilot,Hydrogenolysis,$.process_topology.instrument_manifest[0].settings[0].flow_rate_mL_min,flow_rate_mL_min,0.15789
H-6FDB11C,Qwen3.6-27B,FlowPilot,Hydrogenolysis,$.process_topology.instrument_manifest[1].settings[0].flow_sccm,flow_sccm,4.458818
H-6FDB11C,Qwen3.6-27B,FlowPilot,Hydrogenolysis,$.process_topology.instrument_manifest[2].settings[0].total_flow_mL_min,total_flow_mL_min,0.15789
H-6FDB11C,Qwen3.6-27B,FlowPilot,Hydrogenolysis,$.process_topology.instrument_manifest[3].settings[0].volume_mL,volume_mL,3.0
H-6FDB11C,Qwen3.6-27B,FlowPilot,Hydrogenolysis,$.process_topology.instrument_manifest[3].settings[0].temperature_C,temperature_C,60.0
H-6FDB11C,Qwen3.6-27B,FlowPilot,Hydrogenolysis,$.process_topology.instrument_manifest[4].settings[0].temperature_C,temperature_C,60.0
H-6FDB11C,Qwen3.6-27B,FlowPilot,Hydrogenolysis,$.process_topology.instrument_manifest[5].settings[0].pressure_bar,pressure_bar,21.0
H-6FDB11C,Qwen3.6-27B,FlowPilot,Hydrogenolysis,$.final_design.parameters.flow_rate_mL_min,flow_rate_mL_min,0.15789
H-6FDB11C,Qwen3.6-27B,FlowPilot,Hydrogenolysis,$.final_design.parameters.temperature_C,temperature_C,60.0
H-6FDB11C,Qwen3.6-27B,FlowPilot,Hydrogenolysis,$.final_design.parameters.concentration_M,concentration_M,0.126
H-6FDB11C,Qwen3.6-27B,FlowPilot,Hydrogenolysis,$.final_design.parameters.BPR_bar,BPR_bar,21.0
H-6FDB11C,Qwen3.6-27B,FlowPilot,Hydrogenolysis,$.final_design.parameters.tubing_ID_mm,tubing_ID_mm,4.35
H-6FDB11C,Qwen3.6-27B,FlowPilot,Hydrogenolysis,$.final_design.parameters.reactor_volume_mL,reactor_volume_mL,3.0
H-6FDB11C,Qwen3.6-27B,FlowPilot,Hydrogenolysis,$.final_design.parameters.residence_time_min,residence_time_min,19.00057
H-6FDB11C,Qwen3.6-27B,FlowPilot,Hydrogenolysis,$.final_design.parameters.residence_time_inlet_min,residence_time_inlet_min,0.649814
H-6FDB11C,Qwen3.6-27B,FlowPilot,Hydrogenolysis,$.final_design.parameters.residence_time_in_channel_min,residence_time_in_channel_min,7.349213
H-6FDB11C,Qwen3.6-27B,FlowPilot,Hydrogenolysis,$.final_design.streams[0].concentration_M,concentration_M,0.126
H-6FDB11C,Qwen3.6-27B,FlowPilot,Hydrogenolysis,$.final_design.streams[0].flow_rate_mL_min,flow_rate_mL_min,0.15789
H-6FDB11C,Qwen3.6-27B,FlowPilot,Hydrogenolysis,$.final_design.streams[0].molar_equiv,molar_equiv,1.0
H-6FDB11C,Qwen3.6-27B,FlowPilot,Hydrogenolysis,$.final_design.streams[1].flow_rate_mL_min,flow_rate_mL_min,0.250317
H-6FDB11C,Qwen3.6-27B,FlowPilot,Hydrogenolysis,$.final_design.streams[1].gas_flow_sccm,gas_flow_sccm,4.458818
H-6FDB11C,Qwen3.6-27B,FlowPilot,Hydrogenolysis,$.final_design.streams[1].gas_flow_actual_mL_min,gas_flow_actual_mL_min,0.250317
H-6FDB11C,Qwen3.6-27B,FlowPilot,Hydrogenolysis,$.final_design.streams[1].molar_equiv,molar_equiv,10.0
H-6FDB11C,Qwen3.6-27B,FlowPilot,Hydrogenolysis,$.final_design.instrument_manifest[0].settings[0].flow_rate_mL_min,flow_rate_mL_min,0.15789
H-6FDB11C,Qwen3.6-27B,FlowPilot,Hydrogenolysis,$.final_design.instrument_manifest[1].settings[0].flow_sccm,flow_sccm,4.458818
H-6FDB11C,Qwen3.6-27B,FlowPilot,Hydrogenolysis,$.final_design.instrument_manifest[2].settings[0].total_flow_mL_min,total_flow_mL_min,0.15789
H-6FDB11C,Qwen3.6-27B,FlowPilot,Hydrogenolysis,$.final_design.instrument_manifest[3].settings[0].volume_mL,volume_mL,3.0
H-6FDB11C,Qwen3.6-27B,FlowPilot,Hydrogenolysis,$.final_design.instrument_manifest[3].settings[0].temperature_C,temperature_C,60.0
H-6FDB11C,Qwen3.6-27B,FlowPilot,Hydrogenolysis,$.final_design.instrument_manifest[4].settings[0].temperature_C,temperature_C,60.0
H-6FDB11C,Qwen3.6-27B,FlowPilot,Hydrogenolysis,$.final_design.instrument_manifest[5].settings[0].pressure_bar,pressure_bar,21.0
H-6FDB11C,Qwen3.6-27B,FlowPilot,Hydrogenolysis,$.final_design.process_graph.topology.unit_operations[0].parameters.flow_rate_mL_min,flow_rate_mL_min,0.15789
H-6FDB11C,Qwen3.6-27B,FlowPilot,Hydrogenolysis,$.final_design.process_graph.topology.unit_operations[1].parameters.flow_rate_mL_min,flow_rate_mL_min,0.250317
H-6FDB11C,Qwen3.6-27B,FlowPilot,Hydrogenolysis,$.final_design.process_graph.topology.unit_operations[1].parameters.gas_flow_sccm,gas_flow_sccm,4.458818
H-6FDB11C,Qwen3.6-27B,FlowPilot,Hydrogenolysis,$.final_design.process_graph.topology.unit_operations[1].parameters.gas_flow_actual_mL_min,gas_flow_actual_mL_min,0.250317
H-6FDB11C,Qwen3.6-27B,FlowPilot,Hydrogenolysis,$.final_design.process_graph.topology.unit_operations[3].parameters.volume_mL,volume_mL,3.0
H-6FDB11C,Qwen3.6-27B,FlowPilot,Hydrogenolysis,$.final_design.process_graph.topology.unit_operations[3].parameters.temperature_C,temperature_C,60.0
H-6FDB11C,Qwen3.6-27B,FlowPilot,Hydrogenolysis,$.final_design.process_graph.topology.unit_operations[3].parameters.residence_time_min,residence_time_min,19.00057
H-6FDB11C,Qwen3.6-27B,FlowPilot,Hydrogenolysis,$.final_design.process_graph.topology.unit_operations[4].parameters.temperature_C,temperature_C,60.0
H-6FDB11C,Qwen3.6-27B,FlowPilot,Hydrogenolysis,$.final_design.process_graph.topology.unit_operations[5].parameters.pressure_bar,pressure_bar,21.0
H-6FDB11C,Qwen3.6-27B,FlowPilot,Hydrogenolysis,$.final_design.process_graph.topology.total_flow_rate_mL_min,total_flow_rate_mL_min,0.1579
H-6FDB11C,Qwen3.6-27B,FlowPilot,Hydrogenolysis,$.final_design.process_graph.topology.residence_time_min,residence_time_min,19.00057
H-6FDB11C,Qwen3.6-27B,FlowPilot,Hydrogenolysis,$.final_design.process_graph.topology.reactor_volume_mL,reactor_volume_mL,3.0
H-6FDB11C,Qwen3.6-27B,FlowPilot,Hydrogenolysis,$.final_design.process_graph.topology.instrument_manifest[0].settings[0].flow_rate_mL_min,flow_rate_mL_min,0.15789
H-6FDB11C,Qwen3.6-27B,FlowPilot,Hydrogenolysis,$.final_design.process_graph.topology.instrument_manifest[1].settings[0].flow_sccm,flow_sccm,4.458818
H-6FDB11C,Qwen3.6-27B,FlowPilot,Hydrogenolysis,$.final_design.process_graph.topology.instrument_manifest[2].settings[0].total_flow_mL_min,total_flow_mL_min,0.15789
H-6FDB11C,Qwen3.6-27B,FlowPilot,Hydrogenolysis,$.final_design.process_graph.topology.instrument_manifest[3].settings[0].volume_mL,volume_mL,3.0
H-6FDB11C,Qwen3.6-27B,FlowPilot,Hydrogenolysis,$.final_design.process_graph.topology.instrument_manifest[3].settings[0].temperature_C,temperature_C,60.0
H-6FDB11C,Qwen3.6-27B,FlowPilot,Hydrogenolysis,$.final_design.process_graph.topology.instrument_manifest[4].settings[0].temperature_C,temperature_C,60.0
H-6FDB11C,Qwen3.6-27B,FlowPilot,Hydrogenolysis,$.final_design.process_graph.topology.instrument_manifest[5].settings[0].pressure_bar,pressure_bar,21.0
H-6FDB11C,Qwen3.6-27B,FlowPilot,Hydrogenolysis,$.final_design.process_graph.feeds[0].flow_rate_mL_min,flow_rate_mL_min,0.15789
H-6FDB11C,Qwen3.6-27B,FlowPilot,Hydrogenolysis,$.final_design.process_graph.feeds[1].gas_flow_sccm,gas_flow_sccm,4.458818
H-6FDB11C,Qwen3.6-27B,FlowPilot,Hydrogenolysis,$.final_design.process_graph.feeds[1].gas_flow_actual_mL_min,gas_flow_actual_mL_min,0.250317
H-6FDB11C,Qwen3.6-27B,FlowPilot,Hydrogenolysis,$.final_design.process_graph.stages[0].temperature_C,temperature_C,60.0
H-6FDB11C,Qwen3.6-27B,FlowPilot,Hydrogenolysis,$.final_design.process_graph.stages[0].reactor_volume_mL,reactor_volume_mL,3.0
H-6FDB11C,Qwen3.6-27B,FlowPilot,Hydrogenolysis,$.final_design.process_graph.stages[0].residence_flow_mL_min,residence_flow_mL_min,0.1579
H-6FDB11C,Qwen3.6-27B,FlowPilot,Hydrogenolysis,$.final_design.process_graph.stages[0].residence_time_min,residence_time_min,19.00057
H-6FDB11C,Qwen3.6-27B,FlowPilot,Hydrogenolysis,$.final_design.process_graph.total_liquid_flow_mL_min,total_liquid_flow_mL_min,0.1579
H-6FDB11C,Qwen3.6-27B,FlowPilot,Hydrogenolysis,$.final_design.process_graph.total_reactor_volume_mL,total_reactor_volume_mL,3.0
H-6FDB11C,Qwen3.6-27B,FlowPilot,Hydrogenolysis,$.final_design.process_graph.total_residence_time_min,total_residence_time_min,19.00057
H-6FDB11C,Qwen3.6-27B,FlowPilot,Hydrogenolysis,$.final_design.diagnostic.preliminary_candidate.residence_time_min,residence_time_min,19.00057
H-6FDB11C,Qwen3.6-27B,FlowPilot,Hydrogenolysis,$.final_design.diagnostic.preliminary_candidate.residence_time_inlet_min,residence_time_inlet_min,0.649814
H-6FDB11C,Qwen3.6-27B,FlowPilot,Hydrogenolysis,$.final_design.diagnostic.preliminary_candidate.residence_time_in_channel_min,residence_time_in_channel_min,7.349213
H-6FDB11C,Qwen3.6-27B,FlowPilot,Hydrogenolysis,$.final_design.diagnostic.preliminary_candidate.flow_rate_mL_min,flow_rate_mL_min,0.15789
H-6FDB11C,Qwen3.6-27B,FlowPilot,Hydrogenolysis,$.final_design.diagnostic.preliminary_candidate.reactor_volume_mL,reactor_volume_mL,3.0
H-8623F1F,Qwen3.6-27B,FlowPilot,Two-stage amidation,$.proposal.residence_time_min,residence_time_min,78.4667
H-8623F1F,Qwen3.6-27B,FlowPilot,Two-stage amidation,$.proposal.flow_rate_mL_min,flow_rate_mL_min,0.2
H-8623F1F,Qwen3.6-27B,FlowPilot,Two-stage amidation,$.proposal.temperature_C,temperature_C,80.0
H-8623F1F,Qwen3.6-27B,FlowPilot,Two-stage amidation,$.proposal.concentration_M,concentration_M,0.667
H-8623F1F,Qwen3.6-27B,FlowPilot,Two-stage amidation,$.proposal.BPR_bar,BPR_bar,0.0
H-8623F1F,Qwen3.6-27B,FlowPilot,Two-stage amidation,$.proposal.tubing_ID_mm,tubing_ID_mm,0.5
H-8623F1F,Qwen3.6-27B,FlowPilot,Two-stage amidation,$.proposal.reactor_volume_mL,reactor_volume_mL,15.04
H-8623F1F,Qwen3.6-27B,FlowPilot,Two-stage amidation,$.proposal.residence_time_inlet_min,residence_time_inlet_min,78.4667
H-8623F1F,Qwen3.6-27B,FlowPilot,Two-stage amidation,$.proposal.residence_time_in_channel_min,residence_time_in_channel_min,78.4667
H-8623F1F,Qwen3.6-27B,FlowPilot,Two-stage amidation,$.proposal.streams[0].concentration_M,concentration_M,0.667
H-8623F1F,Qwen3.6-27B,FlowPilot,Two-stage amidation,$.proposal.streams[0].flow_rate_mL_min,flow_rate_mL_min,0.05
H-8623F1F,Qwen3.6-27B,FlowPilot,Two-stage amidation,$.proposal.streams[0].molar_equiv,molar_equiv,1.0
H-8623F1F,Qwen3.6-27B,FlowPilot,Two-stage amidation,$.proposal.streams[1].concentration_M,concentration_M,0.667
H-8623F1F,Qwen3.6-27B,FlowPilot,Two-stage amidation,$.proposal.streams[1].flow_rate_mL_min,flow_rate_mL_min,0.1
H-8623F1F,Qwen3.6-27B,FlowPilot,Two-stage amidation,$.proposal.streams[1].molar_equiv,molar_equiv,2.0
H-8623F1F,Qwen3.6-27B,FlowPilot,Two-stage amidation,$.proposal.streams[2].concentration_M,concentration_M,0.667
H-8623F1F,Qwen3.6-27B,FlowPilot,Two-stage amidation,$.proposal.streams[2].flow_rate_mL_min,flow_rate_mL_min,0.05
H-8623F1F,Qwen3.6-27B,FlowPilot,Two-stage amidation,$.proposal.streams[2].molar_equiv,molar_equiv,1.0
H-8623F1F,Qwen3.6-27B,FlowPilot,Two-stage amidation,$.proposal.stage_parameters[0].reactor_volume_mL,reactor_volume_mL,1.96
H-8623F1F,Qwen3.6-27B,FlowPilot,Two-stage amidation,$.proposal.stage_parameters[0].temperature_C,temperature_C,70.0
H-8623F1F,Qwen3.6-27B,FlowPilot,Two-stage amidation,$.proposal.stage_parameters[0].flow_rate_mL_min,flow_rate_mL_min,0.15
H-8623F1F,Qwen3.6-27B,FlowPilot,Two-stage amidation,$.proposal.stage_parameters[0].gas_flow_sccm,gas_flow_sccm,0.0
H-8623F1F,Qwen3.6-27B,FlowPilot,Two-stage amidation,$.proposal.stage_parameters[0].gas_flow_actual_mL_min,gas_flow_actual_mL_min,0.0
H-8623F1F,Qwen3.6-27B,FlowPilot,Two-stage amidation,$.proposal.stage_parameters[0].residence_time_min,residence_time_min,13.0667
H-8623F1F,Qwen3.6-27B,FlowPilot,Two-stage amidation,$.proposal.stage_parameters[0].residence_time_inlet_min,residence_time_inlet_min,13.0667
H-8623F1F,Qwen3.6-27B,FlowPilot,Two-stage amidation,$.proposal.stage_parameters[0].residence_time_in_channel_min,residence_time_in_channel_min,13.0667
H-8623F1F,Qwen3.6-27B,FlowPilot,Two-stage amidation,$.proposal.stage_parameters[1].reactor_volume_mL,reactor_volume_mL,13.08
H-8623F1F,Qwen3.6-27B,FlowPilot,Two-stage amidation,$.proposal.stage_parameters[1].temperature_C,temperature_C,80.0
H-8623F1F,Qwen3.6-27B,FlowPilot,Two-stage amidation,$.proposal.stage_parameters[1].flow_rate_mL_min,flow_rate_mL_min,0.2
H-8623F1F,Qwen3.6-27B,FlowPilot,Two-stage amidation,$.proposal.stage_parameters[1].gas_flow_sccm,gas_flow_sccm,0.0
H-8623F1F,Qwen3.6-27B,FlowPilot,Two-stage amidation,$.proposal.stage_parameters[1].gas_flow_actual_mL_min,gas_flow_actual_mL_min,0.0
H-8623F1F,Qwen3.6-27B,FlowPilot,Two-stage amidation,$.proposal.stage_parameters[1].residence_time_min,residence_time_min,65.4
H-8623F1F,Qwen3.6-27B,FlowPilot,Two-stage amidation,$.proposal.stage_parameters[1].residence_time_inlet_min,residence_time_inlet_min,65.4
H-8623F1F,Qwen3.6-27B,FlowPilot,Two-stage amidation,$.proposal.stage_parameters[1].residence_time_in_channel_min,residence_time_in_channel_min,65.4
H-8623F1F,Qwen3.6-27B,FlowPilot,Two-stage amidation,$.proposal.multiphase_metrics.total_reactor_volume_mL,total_reactor_volume_mL,15.04
H-8623F1F,Qwen3.6-27B,FlowPilot,Two-stage amidation,$.proposal.multiphase_metrics.multistage_residence_time_inlet_min,multistage_residence_time_inlet_min,78.4667
H-8623F1F,Qwen3.6-27B,FlowPilot,Two-stage amidation,$.proposal.multiphase_metrics.multistage_residence_time_in_channel_min,multistage_residence_time_in_channel_min,78.4667
H-8623F1F,Qwen3.6-27B,FlowPilot,Two-stage amidation,$.proposal.heat_transfer_metrics.surface_to_volume_m_inv,surface_to_volume_m_inv,8000.0
H-8623F1F,Qwen3.6-27B,FlowPilot,Two-stage amidation,$.proposal.heat_transfer_metrics.UA_W_K,UA_W_K,31.391296
H-8623F1F,Qwen3.6-27B,FlowPilot,Two-stage amidation,$.proposal.heat_transfer_metrics.thermal_damkohler,thermal_damkohler,0.000441
H-8623F1F,Qwen3.6-27B,FlowPilot,Two-stage amidation,$.proposal.inventory_selection.volume_mL,volume_mL,13.08
H-8623F1F,Qwen3.6-27B,FlowPilot,Two-stage amidation,$.proposal.inventory_selection.total_volume_mL,total_volume_mL,15.04
H-8623F1F,Qwen3.6-27B,FlowPilot,Two-stage amidation,$.proposal.inventory_constraints.selected_reactor.volume_mL,volume_mL,13.08
H-8623F1F,Qwen3.6-27B,FlowPilot,Two-stage amidation,$.proposal.inventory_constraints.selected_pump.max_pressure_bar,max_pressure_bar,10.0
H-8623F1F,Qwen3.6-27B,FlowPilot,Two-stage amidation,$.proposal.inventory_constraints.selected_pump.max_flow_rate_mL_min,max_flow_rate_mL_min,1.5
H-8623F1F,Qwen3.6-27B,FlowPilot,Two-stage amidation,$.proposal.inventory_constraints.selected_pump.min_flow_rate_mL_min,min_flow_rate_mL_min,0.05
H-8623F1F,Qwen3.6-27B,FlowPilot,Two-stage amidation,$.proposal.inventory_constraints.flow_recalculation.requested_residence_time_min,requested_residence_time_min,90.0
H-8623F1F,Qwen3.6-27B,FlowPilot,Two-stage amidation,$.proposal.inventory_constraints.flow_recalculation.pump_min_flow_rate_mL_min,pump_min_flow_rate_mL_min,0.05
H-8623F1F,Qwen3.6-27B,FlowPilot,Two-stage amidation,$.proposal.inventory_constraints.flow_recalculation.pump_max_flow_rate_mL_min,pump_max_flow_rate_mL_min,1.5
H-8623F1F,Qwen3.6-27B,FlowPilot,Two-stage amidation,$.proposal.inventory_constraints.flow_recalculation.liquid_flow_rate_mL_min,liquid_flow_rate_mL_min,0.14533
H-8623F1F,Qwen3.6-27B,FlowPilot,Two-stage amidation,$.proposal.inventory_constraints.final_validation.design_realization.decisions[1].selected_BPR_bar,selected_BPR_bar,0.0
H-8623F1F,Qwen3.6-27B,FlowPilot,Two-stage amidation,$.proposal.inventory_constraints.final_validation.design_realization.decisions[2].total_reactive_liquid_flow_mL_min,total_reactive_liquid_flow_mL_min,0.2
H-8623F1F,Qwen3.6-27B,FlowPilot,Two-stage amidation,$.proposal.inventory_constraints.final_validation.design_realization.decisions[3].temperature_C,temperature_C,70.0
H-8623F1F,Qwen3.6-27B,FlowPilot,Two-stage amidation,$.proposal.inventory_constraints.final_validation.design_realization.decisions[4].temperature_C,temperature_C,80.0
H-8623F1F,Qwen3.6-27B,FlowPilot,Two-stage amidation,$.proposal.inventory_constraints.final_validation.design_realization.feed_assignments[0].flow_rate_mL_min,flow_rate_mL_min,0.05
H-8623F1F,Qwen3.6-27B,FlowPilot,Two-stage amidation,$.proposal.inventory_constraints.final_validation.design_realization.feed_assignments[0].concentration_M,concentration_M,0.667
H-8623F1F,Qwen3.6-27B,FlowPilot,Two-stage amidation,$.proposal.inventory_constraints.final_validation.design_realization.feed_assignments[0].molar_equiv,molar_equiv,1.0
H-8623F1F,Qwen3.6-27B,FlowPilot,Two-stage amidation,$.proposal.inventory_constraints.final_validation.design_realization.feed_assignments[1].flow_rate_mL_min,flow_rate_mL_min,0.1
H-8623F1F,Qwen3.6-27B,FlowPilot,Two-stage amidation,$.proposal.inventory_constraints.final_validation.design_realization.feed_assignments[1].concentration_M,concentration_M,0.667
H-8623F1F,Qwen3.6-27B,FlowPilot,Two-stage amidation,$.proposal.inventory_constraints.final_validation.design_realization.feed_assignments[1].molar_equiv,molar_equiv,2.0
H-8623F1F,Qwen3.6-27B,FlowPilot,Two-stage amidation,$.proposal.inventory_constraints.final_validation.design_realization.feed_assignments[2].flow_rate_mL_min,flow_rate_mL_min,0.05
H-8623F1F,Qwen3.6-27B,FlowPilot,Two-stage amidation,$.proposal.inventory_constraints.final_validation.design_realization.feed_assignments[2].concentration_M,concentration_M,0.667
H-8623F1F,Qwen3.6-27B,FlowPilot,Two-stage amidation,$.proposal.inventory_constraints.final_validation.design_realization.feed_assignments[2].molar_equiv,molar_equiv,1.0
H-8623F1F,Qwen3.6-27B,FlowPilot,Two-stage amidation,$.proposal.inventory_constraints.final_validation.design_realization.multistage.total_reactor_volume_mL,total_reactor_volume_mL,15.04
H-8623F1F,Qwen3.6-27B,FlowPilot,Two-stage amidation,$.proposal.inventory_constraints.final_validation.design_realization.multistage.total_residence_time_inlet_min,total_residence_time_inlet_min,78.4667
H-8623F1F,Qwen3.6-27B,FlowPilot,Two-stage amidation,$.proposal.inventory_constraints.final_validation.design_realization.multistage.total_residence_time_in_channel_min,total_residence_time_in_channel_min,78.4667
H-8623F1F,Qwen3.6-27B,FlowPilot,Two-stage amidation,$.proposal.inventory_constraints.final_validation.design_realization.multistage.stage_parameters[0].reactor_volume_mL,reactor_volume_mL,1.96
H-8623F1F,Qwen3.6-27B,FlowPilot,Two-stage amidation,$.proposal.inventory_constraints.final_validation.design_realization.multistage.stage_parameters[0].temperature_C,temperature_C,70.0
H-8623F1F,Qwen3.6-27B,FlowPilot,Two-stage amidation,$.proposal.inventory_constraints.final_validation.design_realization.multistage.stage_parameters[0].flow_rate_mL_min,flow_rate_mL_min,0.15
H-8623F1F,Qwen3.6-27B,FlowPilot,Two-stage amidation,$.proposal.inventory_constraints.final_validation.design_realization.multistage.stage_parameters[0].gas_flow_sccm,gas_flow_sccm,0.0
H-8623F1F,Qwen3.6-27B,FlowPilot,Two-stage amidation,$.proposal.inventory_constraints.final_validation.design_realization.multistage.stage_parameters[0].gas_flow_actual_mL_min,gas_flow_actual_mL_min,0.0
H-8623F1F,Qwen3.6-27B,FlowPilot,Two-stage amidation,$.proposal.inventory_constraints.final_validation.design_realization.multistage.stage_parameters[0].residence_time_min,residence_time_min,13.0667
H-8623F1F,Qwen3.6-27B,FlowPilot,Two-stage amidation,$.proposal.inventory_constraints.final_validation.design_realization.multistage.stage_parameters[0].residence_time_inlet_min,residence_time_inlet_min,13.0667
H-8623F1F,Qwen3.6-27B,FlowPilot,Two-stage amidation,$.proposal.inventory_constraints.final_validation.design_realization.multistage.stage_parameters[0].residence_time_in_channel_min,residence_time_in_channel_min,13.0667
H-8623F1F,Qwen3.6-27B,FlowPilot,Two-stage amidation,$.proposal.inventory_constraints.final_validation.design_realization.multistage.stage_parameters[1].reactor_volume_mL,reactor_volume_mL,13.08
H-8623F1F,Qwen3.6-27B,FlowPilot,Two-stage amidation,$.proposal.inventory_constraints.final_validation.design_realization.multistage.stage_parameters[1].temperature_C,temperature_C,80.0
H-8623F1F,Qwen3.6-27B,FlowPilot,Two-stage amidation,$.proposal.inventory_constraints.final_validation.design_realization.multistage.stage_parameters[1].flow_rate_mL_min,flow_rate_mL_min,0.2
H-8623F1F,Qwen3.6-27B,FlowPilot,Two-stage amidation,$.proposal.inventory_constraints.final_validation.design_realization.multistage.stage_parameters[1].gas_flow_sccm,gas_flow_sccm,0.0
H-8623F1F,Qwen3.6-27B,FlowPilot,Two-stage amidation,$.proposal.inventory_constraints.final_validation.design_realization.multistage.stage_parameters[1].gas_flow_actual_mL_min,gas_flow_actual_mL_min,0.0
H-8623F1F,Qwen3.6-27B,FlowPilot,Two-stage amidation,$.proposal.inventory_constraints.final_validation.design_realization.multistage.stage_parameters[1].residence_time_min,residence_time_min,65.4
H-8623F1F,Qwen3.6-27B,FlowPilot,Two-stage amidation,$.proposal.inventory_constraints.final_validation.design_realization.multistage.stage_parameters[1].residence_time_inlet_min,residence_time_inlet_min,65.4
H-8623F1F,Qwen3.6-27B,FlowPilot,Two-stage amidation,$.proposal.inventory_constraints.final_validation.design_realization.multistage.stage_parameters[1].residence_time_in_channel_min,residence_time_in_channel_min,65.4
H-8623F1F,Qwen3.6-27B,FlowPilot,Two-stage amidation,$.proposal.inventory_constraints.multistage_inventory_plan.total_reactor_volume_mL,total_reactor_volume_mL,15.04
H-8623F1F,Qwen3.6-27B,FlowPilot,Two-stage amidation,$.proposal.inventory_constraints.multistage_inventory_plan.total_residence_time_inlet_min,total_residence_time_inlet_min,78.4667
H-8623F1F,Qwen3.6-27B,FlowPilot,Two-stage amidation,$.proposal.inventory_constraints.multistage_inventory_plan.total_residence_time_in_channel_min,total_residence_time_in_channel_min,78.4667
H-8623F1F,Qwen3.6-27B,FlowPilot,Two-stage amidation,$.proposal.inventory_constraints.multistage_inventory_plan.stage_parameters[0].reactor_volume_mL,reactor_volume_mL,1.96
H-8623F1F,Qwen3.6-27B,FlowPilot,Two-stage amidation,$.proposal.inventory_constraints.multistage_inventory_plan.stage_parameters[0].temperature_C,temperature_C,70.0
H-8623F1F,Qwen3.6-27B,FlowPilot,Two-stage amidation,$.proposal.inventory_constraints.multistage_inventory_plan.stage_parameters[0].flow_rate_mL_min,flow_rate_mL_min,0.15
H-8623F1F,Qwen3.6-27B,FlowPilot,Two-stage amidation,$.proposal.inventory_constraints.multistage_inventory_plan.stage_parameters[0].gas_flow_sccm,gas_flow_sccm,0.0
H-8623F1F,Qwen3.6-27B,FlowPilot,Two-stage amidation,$.proposal.inventory_constraints.multistage_inventory_plan.stage_parameters[0].gas_flow_actual_mL_min,gas_flow_actual_mL_min,0.0
H-8623F1F,Qwen3.6-27B,FlowPilot,Two-stage amidation,$.proposal.inventory_constraints.multistage_inventory_plan.stage_parameters[0].residence_time_min,residence_time_min,13.0667
H-8623F1F,Qwen3.6-27B,FlowPilot,Two-stage amidation,$.proposal.inventory_constraints.multistage_inventory_plan.stage_parameters[0].residence_time_inlet_min,residence_time_inlet_min,13.0667
H-8623F1F,Qwen3.6-27B,FlowPilot,Two-stage amidation,$.proposal.inventory_constraints.multistage_inventory_plan.stage_parameters[0].residence_time_in_channel_min,residence_time_in_channel_min,13.0667
H-8623F1F,Qwen3.6-27B,FlowPilot,Two-stage amidation,$.proposal.inventory_constraints.multistage_inventory_plan.stage_parameters[1].reactor_volume_mL,reactor_volume_mL,13.08
H-8623F1F,Qwen3.6-27B,FlowPilot,Two-stage amidation,$.proposal.inventory_constraints.multistage_inventory_plan.stage_parameters[1].temperature_C,temperature_C,80.0
H-8623F1F,Qwen3.6-27B,FlowPilot,Two-stage amidation,$.proposal.inventory_constraints.multistage_inventory_plan.stage_parameters[1].flow_rate_mL_min,flow_rate_mL_min,0.2
H-8623F1F,Qwen3.6-27B,FlowPilot,Two-stage amidation,$.proposal.inventory_constraints.multistage_inventory_plan.stage_parameters[1].gas_flow_sccm,gas_flow_sccm,0.0
H-8623F1F,Qwen3.6-27B,FlowPilot,Two-stage amidation,$.proposal.inventory_constraints.multistage_inventory_plan.stage_parameters[1].gas_flow_actual_mL_min,gas_flow_actual_mL_min,0.0
H-8623F1F,Qwen3.6-27B,FlowPilot,Two-stage amidation,$.proposal.inventory_constraints.multistage_inventory_plan.stage_parameters[1].residence_time_min,residence_time_min,65.4
H-8623F1F,Qwen3.6-27B,FlowPilot,Two-stage amidation,$.proposal.inventory_constraints.multistage_inventory_plan.stage_parameters[1].residence_time_inlet_min,residence_time_inlet_min,65.4
H-8623F1F,Qwen3.6-27B,FlowPilot,Two-stage amidation,$.proposal.inventory_constraints.multistage_inventory_plan.stage_parameters[1].residence_time_in_channel_min,residence_time_in_channel_min,65.4
H-8623F1F,Qwen3.6-27B,FlowPilot,Two-stage amidation,$.proposal.inventory_constraints.design_realization.decisions[1].selected_BPR_bar,selected_BPR_bar,0.0
H-8623F1F,Qwen3.6-27B,FlowPilot,Two-stage amidation,$.proposal.inventory_constraints.design_realization.decisions[2].total_reactive_liquid_flow_mL_min,total_reactive_liquid_flow_mL_min,0.2
H-8623F1F,Qwen3.6-27B,FlowPilot,Two-stage amidation,$.proposal.inventory_constraints.design_realization.decisions[3].temperature_C,temperature_C,70.0
H-8623F1F,Qwen3.6-27B,FlowPilot,Two-stage amidation,$.proposal.inventory_constraints.design_realization.decisions[4].temperature_C,temperature_C,80.0
H-8623F1F,Qwen3.6-27B,FlowPilot,Two-stage amidation,$.proposal.inventory_constraints.design_realization.feed_assignments[0].flow_rate_mL_min,flow_rate_mL_min,0.05
H-8623F1F,Qwen3.6-27B,FlowPilot,Two-stage amidation,$.proposal.inventory_constraints.design_realization.feed_assignments[0].concentration_M,concentration_M,0.667
H-8623F1F,Qwen3.6-27B,FlowPilot,Two-stage amidation,$.proposal.inventory_constraints.design_realization.feed_assignments[0].molar_equiv,molar_equiv,1.0
H-8623F1F,Qwen3.6-27B,FlowPilot,Two-stage amidation,$.proposal.inventory_constraints.design_realization.feed_assignments[1].flow_rate_mL_min,flow_rate_mL_min,0.1
H-8623F1F,Qwen3.6-27B,FlowPilot,Two-stage amidation,$.proposal.inventory_constraints.design_realization.feed_assignments[1].concentration_M,concentration_M,0.667
H-8623F1F,Qwen3.6-27B,FlowPilot,Two-stage amidation,$.proposal.inventory_constraints.design_realization.feed_assignments[1].molar_equiv,molar_equiv,2.0
H-8623F1F,Qwen3.6-27B,FlowPilot,Two-stage amidation,$.proposal.inventory_constraints.design_realization.feed_assignments[2].flow_rate_mL_min,flow_rate_mL_min,0.05
H-8623F1F,Qwen3.6-27B,FlowPilot,Two-stage amidation,$.proposal.inventory_constraints.design_realization.feed_assignments[2].concentration_M,concentration_M,0.667
H-8623F1F,Qwen3.6-27B,FlowPilot,Two-stage amidation,$.proposal.inventory_constraints.design_realization.feed_assignments[2].molar_equiv,molar_equiv,1.0
H-8623F1F,Qwen3.6-27B,FlowPilot,Two-stage amidation,$.proposal.inventory_constraints.design_realization.multistage.total_reactor_volume_mL,total_reactor_volume_mL,15.04
H-8623F1F,Qwen3.6-27B,FlowPilot,Two-stage amidation,$.proposal.inventory_constraints.design_realization.multistage.total_residence_time_inlet_min,total_residence_time_inlet_min,78.4667
H-8623F1F,Qwen3.6-27B,FlowPilot,Two-stage amidation,$.proposal.inventory_constraints.design_realization.multistage.total_residence_time_in_channel_min,total_residence_time_in_channel_min,78.4667
H-8623F1F,Qwen3.6-27B,FlowPilot,Two-stage amidation,$.proposal.inventory_constraints.design_realization.multistage.stage_parameters[0].reactor_volume_mL,reactor_volume_mL,1.96
H-8623F1F,Qwen3.6-27B,FlowPilot,Two-stage amidation,$.proposal.inventory_constraints.design_realization.multistage.stage_parameters[0].temperature_C,temperature_C,70.0
H-8623F1F,Qwen3.6-27B,FlowPilot,Two-stage amidation,$.proposal.inventory_constraints.design_realization.multistage.stage_parameters[0].flow_rate_mL_min,flow_rate_mL_min,0.15
H-8623F1F,Qwen3.6-27B,FlowPilot,Two-stage amidation,$.proposal.inventory_constraints.design_realization.multistage.stage_parameters[0].gas_flow_sccm,gas_flow_sccm,0.0
H-8623F1F,Qwen3.6-27B,FlowPilot,Two-stage amidation,$.proposal.inventory_constraints.design_realization.multistage.stage_parameters[0].gas_flow_actual_mL_min,gas_flow_actual_mL_min,0.0
H-8623F1F,Qwen3.6-27B,FlowPilot,Two-stage amidation,$.proposal.inventory_constraints.design_realization.multistage.stage_parameters[0].residence_time_min,residence_time_min,13.0667
H-8623F1F,Qwen3.6-27B,FlowPilot,Two-stage amidation,$.proposal.inventory_constraints.design_realization.multistage.stage_parameters[0].residence_time_inlet_min,residence_time_inlet_min,13.0667
H-8623F1F,Qwen3.6-27B,FlowPilot,Two-stage amidation,$.proposal.inventory_constraints.design_realization.multistage.stage_parameters[0].residence_time_in_channel_min,residence_time_in_channel_min,13.0667
H-8623F1F,Qwen3.6-27B,FlowPilot,Two-stage amidation,$.proposal.inventory_constraints.design_realization.multistage.stage_parameters[1].reactor_volume_mL,reactor_volume_mL,13.08
H-8623F1F,Qwen3.6-27B,FlowPilot,Two-stage amidation,$.proposal.inventory_constraints.design_realization.multistage.stage_parameters[1].temperature_C,temperature_C,80.0
H-8623F1F,Qwen3.6-27B,FlowPilot,Two-stage amidation,$.proposal.inventory_constraints.design_realization.multistage.stage_parameters[1].flow_rate_mL_min,flow_rate_mL_min,0.2
H-8623F1F,Qwen3.6-27B,FlowPilot,Two-stage amidation,$.proposal.inventory_constraints.design_realization.multistage.stage_parameters[1].gas_flow_sccm,gas_flow_sccm,0.0
H-8623F1F,Qwen3.6-27B,FlowPilot,Two-stage amidation,$.proposal.inventory_constraints.design_realization.multistage.stage_parameters[1].gas_flow_actual_mL_min,gas_flow_actual_mL_min,0.0
H-8623F1F,Qwen3.6-27B,FlowPilot,Two-stage amidation,$.proposal.inventory_constraints.design_realization.multistage.stage_parameters[1].residence_time_min,residence_time_min,65.4
H-8623F1F,Qwen3.6-27B,FlowPilot,Two-stage amidation,$.proposal.inventory_constraints.design_realization.multistage.stage_parameters[1].residence_time_inlet_min,residence_time_inlet_min,65.4
H-8623F1F,Qwen3.6-27B,FlowPilot,Two-stage amidation,$.proposal.inventory_constraints.design_realization.multistage.stage_parameters[1].residence_time_in_channel_min,residence_time_in_channel_min,65.4
H-8623F1F,Qwen3.6-27B,FlowPilot,Two-stage amidation,$.chemistry_plan.stages[0].temperature_C,temperature_C,70.0
H-8623F1F,Qwen3.6-27B,FlowPilot,Two-stage amidation,$.chemistry_plan.stages[0].feed_streams[0].molar_equiv,molar_equiv,1.0
H-8623F1F,Qwen3.6-27B,FlowPilot,Two-stage amidation,$.chemistry_plan.stages[1].temperature_C,temperature_C,80.0
H-8623F1F,Qwen3.6-27B,FlowPilot,Two-stage amidation,$.chemistry_plan.stages[1].feed_streams[0].molar_equiv,molar_equiv,1.0
H-8623F1F,Qwen3.6-27B,FlowPilot,Two-stage amidation,$.chemistry_plan.stream_logic[0].molar_equiv,molar_equiv,1.0
H-8623F1F,Qwen3.6-27B,FlowPilot,Two-stage amidation,$.chemistry_plan.stream_logic[0].concentration_M,concentration_M,0.667
H-8623F1F,Qwen3.6-27B,FlowPilot,Two-stage amidation,$.chemistry_plan.stream_logic[1].molar_equiv,molar_equiv,2.0
H-8623F1F,Qwen3.6-27B,FlowPilot,Two-stage amidation,$.chemistry_plan.stream_logic[2].molar_equiv,molar_equiv,1.0
H-8623F1F,Qwen3.6-27B,FlowPilot,Two-stage amidation,$.chemistry_plan.stream_logic[2].concentration_M,concentration_M,0.667
H-8623F1F,Qwen3.6-27B,FlowPilot,Two-stage amidation,$.design_calculations.steps[0].values.flow_design_temperature_C,flow_design_temperature_C,80.0
H-8623F1F,Qwen3.6-27B,FlowPilot,Two-stage amidation,$.design_calculations.steps[1].values.k_flow,k_flow,0.00030312569018452955
H-8623F1F,Qwen3.6-27B,FlowPilot,Two-stage amidation,$.design_calculations.steps[6].values.UA_W_K,UA_W_K,37.664005
H-8623F1F,Qwen3.6-27B,FlowPilot,Two-stage amidation,$.design_calculations.steps[7].values.bpr_bar,bpr_bar,0.0
H-8623F1F,Qwen3.6-27B,FlowPilot,Two-stage amidation,$.design_calculations.steps[7].values.gas_pressure_abs_bar,gas_pressure_abs_bar,1.01325
H-8623F1F,Qwen3.6-27B,FlowPilot,Two-stage amidation,$.design_calculations.steps[7].values.gas_flow_sccm,gas_flow_sccm,0.0
H-8623F1F,Qwen3.6-27B,FlowPilot,Two-stage amidation,$.design_calculations.steps[8].values.productivity_mmol_h,productivity_mmol_h,6.083040000000001
H-8623F1F,Qwen3.6-27B,FlowPilot,Two-stage amidation,$.design_calculations.steps[8].values.startup_waste_mL,startup_waste_mL,47.1
H-8623F1F,Qwen3.6-27B,FlowPilot,Two-stage amidation,$.design_calculations.steps[8].values.liquid_flow_rate_mL_min,liquid_flow_rate_mL_min,0.2
H-8623F1F,Qwen3.6-27B,FlowPilot,Two-stage amidation,$.design_calculations.steps[8].values.gas_flow_sccm,gas_flow_sccm,0.0
H-8623F1F,Qwen3.6-27B,FlowPilot,Two-stage amidation,$.design_calculations.steps[8].values.liquid_holdup_volume_mL,liquid_holdup_volume_mL,0.0
H-8623F1F,Qwen3.6-27B,FlowPilot,Two-stage amidation,$.design_calculations.steps[8].values.total_reactor_volume_mL,total_reactor_volume_mL,15.6933
H-8623F1F,Qwen3.6-27B,FlowPilot,Two-stage amidation,$.design_calculations.temperature_C,temperature_C,80.0
H-8623F1F,Qwen3.6-27B,FlowPilot,Two-stage amidation,$.design_calculations.temperature_K,temperature_K,353.15
H-8623F1F,Qwen3.6-27B,FlowPilot,Two-stage amidation,$.design_calculations.concentration_M,concentration_M,0.667
H-8623F1F,Qwen3.6-27B,FlowPilot,Two-stage amidation,$.design_calculations.residence_time_s,residence_time_s,4708.002
H-8623F1F,Qwen3.6-27B,FlowPilot,Two-stage amidation,$.design_calculations.residence_time_min,residence_time_min,78.4667
H-8623F1F,Qwen3.6-27B,FlowPilot,Two-stage amidation,$.design_calculations.residence_time_inlet_min,residence_time_inlet_min,78.4667
H-8623F1F,Qwen3.6-27B,FlowPilot,Two-stage amidation,$.design_calculations.residence_time_in_channel_min,residence_time_in_channel_min,78.4667
H-8623F1F,Qwen3.6-27B,FlowPilot,Two-stage amidation,$.design_calculations.flow_rate_mL_min,flow_rate_mL_min,0.2
H-8623F1F,Qwen3.6-27B,FlowPilot,Two-stage amidation,$.design_calculations.flow_rate_m3_s,flow_rate_m3_s,3.333333333333333e-09
H-8623F1F,Qwen3.6-27B,FlowPilot,Two-stage amidation,$.design_calculations.reactor_volume_mL,reactor_volume_mL,15.04
H-8623F1F,Qwen3.6-27B,FlowPilot,Two-stage amidation,$.design_calculations.reactor_volume_m3,reactor_volume_m3,1.569334e-05
H-8623F1F,Qwen3.6-27B,FlowPilot,Two-stage amidation,$.design_calculations.tubing_ID_mm,tubing_ID_mm,0.5
H-8623F1F,Qwen3.6-27B,FlowPilot,Two-stage amidation,$.design_calculations.tubing_ID_m,tubing_ID_m,0.0005
H-8623F1F,Qwen3.6-27B,FlowPilot,Two-stage amidation,$.design_calculations.reynolds_number,reynolds_number,7.44
H-8623F1F,Qwen3.6-27B,FlowPilot,Two-stage amidation,$.design_calculations.pressure_drop_bar,pressure_drop_bar,2.049398
H-8623F1F,Qwen3.6-27B,FlowPilot,Two-stage amidation,$.design_calculations.liquid_flow_rate_mL_min,liquid_flow_rate_mL_min,0.2
H-8623F1F,Qwen3.6-27B,FlowPilot,Two-stage amidation,$.design_calculations.gas_flow_sccm,gas_flow_sccm,0.0
H-8623F1F,Qwen3.6-27B,FlowPilot,Two-stage amidation,$.design_calculations.gas_flow_actual_mL_min,gas_flow_actual_mL_min,0.0
H-8623F1F,Qwen3.6-27B,FlowPilot,Two-stage amidation,$.design_calculations.gas_pressure_abs_bar,gas_pressure_abs_bar,1.01325
H-8623F1F,Qwen3.6-27B,FlowPilot,Two-stage amidation,$.design_calculations.liquid_holdup_volume_mL,liquid_holdup_volume_mL,0.0
H-8623F1F,Qwen3.6-27B,FlowPilot,Two-stage amidation,$.design_calculations.two_phase_pressure_drop_bar,two_phase_pressure_drop_bar,0.0
H-8623F1F,Qwen3.6-27B,FlowPilot,Two-stage amidation,$.design_calculations.target_gas_equiv_inlet,target_gas_equiv_inlet,0.0
H-8623F1F,Qwen3.6-27B,FlowPilot,Two-stage amidation,$.design_calculations.explicit_gas_equiv_inlet,explicit_gas_equiv_inlet,0.0
H-8623F1F,Qwen3.6-27B,FlowPilot,Two-stage amidation,$.design_calculations.o2_equiv_supplied,o2_equiv_supplied,0.0
H-8623F1F,Qwen3.6-27B,FlowPilot,Two-stage amidation,$.design_calculations.gas_equiv_supplied,gas_equiv_supplied,0.0
H-8623F1F,Qwen3.6-27B,FlowPilot,Two-stage amidation,$.design_calculations.damkohler_mass,damkohler_mass,0.0758
H-8623F1F,Qwen3.6-27B,FlowPilot,Two-stage amidation,$.design_calculations.thermal_damkohler,thermal_damkohler,0.000505
H-8623F1F,Qwen3.6-27B,FlowPilot,Two-stage amidation,$.design_calculations.surface_to_volume,surface_to_volume,8000.0
H-8623F1F,Qwen3.6-27B,FlowPilot,Two-stage amidation,$.design_calculations.UA_W_K,UA_W_K,37.664005
H-8623F1F,Qwen3.6-27B,FlowPilot,Two-stage amidation,$.design_calculations.bpr_pressure_bar,bpr_pressure_bar,0.0
H-8623F1F,Qwen3.6-27B,FlowPilot,Two-stage amidation,$.design_calculations.vapor_pressure_bar,vapor_pressure_bar,0.5068
H-8623F1F,Qwen3.6-27B,FlowPilot,Two-stage amidation,$.design_calculations.productivity_mmol_h,productivity_mmol_h,6.083
H-8623F1F,Qwen3.6-27B,FlowPilot,Two-stage amidation,$.design_calculations.startup_waste_mL,startup_waste_mL,47.1
H-8623F1F,Qwen3.6-27B,FlowPilot,Two-stage amidation,$.design_calculations.stage_calculations[0].reactor_volume_mL,reactor_volume_mL,1.96
H-8623F1F,Qwen3.6-27B,FlowPilot,Two-stage amidation,$.design_calculations.stage_calculations[0].temperature_C,temperature_C,70.0
H-8623F1F,Qwen3.6-27B,FlowPilot,Two-stage amidation,$.design_calculations.stage_calculations[0].flow_rate_mL_min,flow_rate_mL_min,0.15
H-8623F1F,Qwen3.6-27B,FlowPilot,Two-stage amidation,$.design_calculations.stage_calculations[0].gas_flow_sccm,gas_flow_sccm,0.0
H-8623F1F,Qwen3.6-27B,FlowPilot,Two-stage amidation,$.design_calculations.stage_calculations[0].gas_flow_actual_mL_min,gas_flow_actual_mL_min,0.0
H-8623F1F,Qwen3.6-27B,FlowPilot,Two-stage amidation,$.design_calculations.stage_calculations[0].residence_time_min,residence_time_min,13.0667
H-8623F1F,Qwen3.6-27B,FlowPilot,Two-stage amidation,$.design_calculations.stage_calculations[0].residence_time_inlet_min,residence_time_inlet_min,13.0667
H-8623F1F,Qwen3.6-27B,FlowPilot,Two-stage amidation,$.design_calculations.stage_calculations[0].residence_time_in_channel_min,residence_time_in_channel_min,13.0667
H-8623F1F,Qwen3.6-27B,FlowPilot,Two-stage amidation,$.design_calculations.stage_calculations[1].reactor_volume_mL,reactor_volume_mL,13.08
H-8623F1F,Qwen3.6-27B,FlowPilot,Two-stage amidation,$.design_calculations.stage_calculations[1].temperature_C,temperature_C,80.0
H-8623F1F,Qwen3.6-27B,FlowPilot,Two-stage amidation,$.design_calculations.stage_calculations[1].flow_rate_mL_min,flow_rate_mL_min,0.2
H-8623F1F,Qwen3.6-27B,FlowPilot,Two-stage amidation,$.design_calculations.stage_calculations[1].gas_flow_sccm,gas_flow_sccm,0.0
H-8623F1F,Qwen3.6-27B,FlowPilot,Two-stage amidation,$.design_calculations.stage_calculations[1].gas_flow_actual_mL_min,gas_flow_actual_mL_min,0.0
H-8623F1F,Qwen3.6-27B,FlowPilot,Two-stage amidation,$.design_calculations.stage_calculations[1].residence_time_min,residence_time_min,65.4
H-8623F1F,Qwen3.6-27B,FlowPilot,Two-stage amidation,$.design_calculations.stage_calculations[1].residence_time_inlet_min,residence_time_inlet_min,65.4
H-8623F1F,Qwen3.6-27B,FlowPilot,Two-stage amidation,$.design_calculations.stage_calculations[1].residence_time_in_channel_min,residence_time_in_channel_min,65.4
H-8623F1F,Qwen3.6-27B,FlowPilot,Two-stage amidation,$.design_calculations.total_reactor_volume_mL,total_reactor_volume_mL,15.04
H-8623F1F,Qwen3.6-27B,FlowPilot,Two-stage amidation,$.design_calculations.multistage_residence_time_inlet_min,multistage_residence_time_inlet_min,78.4667
H-8623F1F,Qwen3.6-27B,FlowPilot,Two-stage amidation,$.design_calculations.multistage_residence_time_in_channel_min,multistage_residence_time_in_channel_min,78.4667
H-8623F1F,Qwen3.6-27B,FlowPilot,Two-stage amidation,$.design_calculations.topology_total_reactor_volume_mL,topology_total_reactor_volume_mL,15.04
H-8623F1F,Qwen3.6-27B,FlowPilot,Two-stage amidation,$.inventory_enforcement.first_pass.old.reactor_volume_mL,reactor_volume_mL,5.967
H-8623F1F,Qwen3.6-27B,FlowPilot,Two-stage amidation,$.inventory_enforcement.first_pass.old.tubing_ID_mm,tubing_ID_mm,0.75
H-8623F1F,Qwen3.6-27B,FlowPilot,Two-stage amidation,$.inventory_enforcement.first_pass.old.flow_rate_mL_min,flow_rate_mL_min,0.0663
H-8623F1F,Qwen3.6-27B,FlowPilot,Two-stage amidation,$.inventory_enforcement.first_pass.old.BPR_bar,BPR_bar,3.0
H-8623F1F,Qwen3.6-27B,FlowPilot,Two-stage amidation,$.inventory_enforcement.first_pass.old.temperature_C,temperature_C,70.0
H-8623F1F,Qwen3.6-27B,FlowPilot,Two-stage amidation,$.inventory_enforcement.first_pass.old.concentration_M,concentration_M,0.667
H-8623F1F,Qwen3.6-27B,FlowPilot,Two-stage amidation,$.inventory_enforcement.first_pass.new.reactor_volume_mL,reactor_volume_mL,13.08
H-8623F1F,Qwen3.6-27B,FlowPilot,Two-stage amidation,$.inventory_enforcement.first_pass.new.tubing_ID_mm,tubing_ID_mm,0.5
H-8623F1F,Qwen3.6-27B,FlowPilot,Two-stage amidation,$.inventory_enforcement.first_pass.new.flow_rate_mL_min,flow_rate_mL_min,0.14533
H-8623F1F,Qwen3.6-27B,FlowPilot,Two-stage amidation,$.inventory_enforcement.first_pass.new.BPR_bar,BPR_bar,3.0
H-8623F1F,Qwen3.6-27B,FlowPilot,Two-stage amidation,$.inventory_enforcement.first_pass.new.temperature_C,temperature_C,80.0
H-8623F1F,Qwen3.6-27B,FlowPilot,Two-stage amidation,$.inventory_enforcement.first_pass.new.concentration_M,concentration_M,0.667
H-8623F1F,Qwen3.6-27B,FlowPilot,Two-stage amidation,$.inventory_enforcement.first_pass.selected_reactor.volume_mL,volume_mL,13.08
H-8623F1F,Qwen3.6-27B,FlowPilot,Two-stage amidation,$.inventory_enforcement.final_pass.old.reactor_volume_mL,reactor_volume_mL,13.0797
H-8623F1F,Qwen3.6-27B,FlowPilot,Two-stage amidation,$.inventory_enforcement.final_pass.old.tubing_ID_mm,tubing_ID_mm,0.5
H-8623F1F,Qwen3.6-27B,FlowPilot,Two-stage amidation,$.inventory_enforcement.final_pass.old.flow_rate_mL_min,flow_rate_mL_min,0.14533
H-8623F1F,Qwen3.6-27B,FlowPilot,Two-stage amidation,$.inventory_enforcement.final_pass.old.BPR_bar,BPR_bar,3.0
H-8623F1F,Qwen3.6-27B,FlowPilot,Two-stage amidation,$.inventory_enforcement.final_pass.old.temperature_C,temperature_C,80.0
H-8623F1F,Qwen3.6-27B,FlowPilot,Two-stage amidation,$.inventory_enforcement.final_pass.old.concentration_M,concentration_M,0.667
H-8623F1F,Qwen3.6-27B,FlowPilot,Two-stage amidation,$.inventory_enforcement.final_pass.new.reactor_volume_mL,reactor_volume_mL,13.08
H-8623F1F,Qwen3.6-27B,FlowPilot,Two-stage amidation,$.inventory_enforcement.final_pass.new.tubing_ID_mm,tubing_ID_mm,0.5
H-8623F1F,Qwen3.6-27B,FlowPilot,Two-stage amidation,$.inventory_enforcement.final_pass.new.flow_rate_mL_min,flow_rate_mL_min,0.14533
H-8623F1F,Qwen3.6-27B,FlowPilot,Two-stage amidation,$.inventory_enforcement.final_pass.new.BPR_bar,BPR_bar,3.0
H-8623F1F,Qwen3.6-27B,FlowPilot,Two-stage amidation,$.inventory_enforcement.final_pass.new.temperature_C,temperature_C,80.0
H-8623F1F,Qwen3.6-27B,FlowPilot,Two-stage amidation,$.inventory_enforcement.final_pass.new.concentration_M,concentration_M,0.667
H-8623F1F,Qwen3.6-27B,FlowPilot,Two-stage amidation,$.inventory_enforcement.final_pass.selected_reactor.volume_mL,volume_mL,13.08
H-8623F1F,Qwen3.6-27B,FlowPilot,Two-stage amidation,$.final_validation.design_realization.decisions[1].selected_BPR_bar,selected_BPR_bar,0.0
H-8623F1F,Qwen3.6-27B,FlowPilot,Two-stage amidation,$.final_validation.design_realization.decisions[2].total_reactive_liquid_flow_mL_min,total_reactive_liquid_flow_mL_min,0.2
H-8623F1F,Qwen3.6-27B,FlowPilot,Two-stage amidation,$.final_validation.design_realization.decisions[3].temperature_C,temperature_C,70.0
H-8623F1F,Qwen3.6-27B,FlowPilot,Two-stage amidation,$.final_validation.design_realization.decisions[4].temperature_C,temperature_C,80.0
H-8623F1F,Qwen3.6-27B,FlowPilot,Two-stage amidation,$.final_validation.design_realization.feed_assignments[0].flow_rate_mL_min,flow_rate_mL_min,0.05
H-8623F1F,Qwen3.6-27B,FlowPilot,Two-stage amidation,$.final_validation.design_realization.feed_assignments[0].concentration_M,concentration_M,0.667
H-8623F1F,Qwen3.6-27B,FlowPilot,Two-stage amidation,$.final_validation.design_realization.feed_assignments[0].molar_equiv,molar_equiv,1.0
H-8623F1F,Qwen3.6-27B,FlowPilot,Two-stage amidation,$.final_validation.design_realization.feed_assignments[1].flow_rate_mL_min,flow_rate_mL_min,0.1
H-8623F1F,Qwen3.6-27B,FlowPilot,Two-stage amidation,$.final_validation.design_realization.feed_assignments[1].concentration_M,concentration_M,0.667
H-8623F1F,Qwen3.6-27B,FlowPilot,Two-stage amidation,$.final_validation.design_realization.feed_assignments[1].molar_equiv,molar_equiv,2.0
H-8623F1F,Qwen3.6-27B,FlowPilot,Two-stage amidation,$.final_validation.design_realization.feed_assignments[2].flow_rate_mL_min,flow_rate_mL_min,0.05
H-8623F1F,Qwen3.6-27B,FlowPilot,Two-stage amidation,$.final_validation.design_realization.feed_assignments[2].concentration_M,concentration_M,0.667
H-8623F1F,Qwen3.6-27B,FlowPilot,Two-stage amidation,$.final_validation.design_realization.feed_assignments[2].molar_equiv,molar_equiv,1.0
H-8623F1F,Qwen3.6-27B,FlowPilot,Two-stage amidation,$.final_validation.design_realization.multistage.total_reactor_volume_mL,total_reactor_volume_mL,15.04
H-8623F1F,Qwen3.6-27B,FlowPilot,Two-stage amidation,$.final_validation.design_realization.multistage.total_residence_time_inlet_min,total_residence_time_inlet_min,78.4667
H-8623F1F,Qwen3.6-27B,FlowPilot,Two-stage amidation,$.final_validation.design_realization.multistage.total_residence_time_in_channel_min,total_residence_time_in_channel_min,78.4667
H-8623F1F,Qwen3.6-27B,FlowPilot,Two-stage amidation,$.final_validation.design_realization.multistage.stage_parameters[0].reactor_volume_mL,reactor_volume_mL,1.96
H-8623F1F,Qwen3.6-27B,FlowPilot,Two-stage amidation,$.final_validation.design_realization.multistage.stage_parameters[0].temperature_C,temperature_C,70.0
H-8623F1F,Qwen3.6-27B,FlowPilot,Two-stage amidation,$.final_validation.design_realization.multistage.stage_parameters[0].flow_rate_mL_min,flow_rate_mL_min,0.15
H-8623F1F,Qwen3.6-27B,FlowPilot,Two-stage amidation,$.final_validation.design_realization.multistage.stage_parameters[0].gas_flow_sccm,gas_flow_sccm,0.0
H-8623F1F,Qwen3.6-27B,FlowPilot,Two-stage amidation,$.final_validation.design_realization.multistage.stage_parameters[0].gas_flow_actual_mL_min,gas_flow_actual_mL_min,0.0
H-8623F1F,Qwen3.6-27B,FlowPilot,Two-stage amidation,$.final_validation.design_realization.multistage.stage_parameters[0].residence_time_min,residence_time_min,13.0667
H-8623F1F,Qwen3.6-27B,FlowPilot,Two-stage amidation,$.final_validation.design_realization.multistage.stage_parameters[0].residence_time_inlet_min,residence_time_inlet_min,13.0667
H-8623F1F,Qwen3.6-27B,FlowPilot,Two-stage amidation,$.final_validation.design_realization.multistage.stage_parameters[0].residence_time_in_channel_min,residence_time_in_channel_min,13.0667
H-8623F1F,Qwen3.6-27B,FlowPilot,Two-stage amidation,$.final_validation.design_realization.multistage.stage_parameters[1].reactor_volume_mL,reactor_volume_mL,13.08
H-8623F1F,Qwen3.6-27B,FlowPilot,Two-stage amidation,$.final_validation.design_realization.multistage.stage_parameters[1].temperature_C,temperature_C,80.0
H-8623F1F,Qwen3.6-27B,FlowPilot,Two-stage amidation,$.final_validation.design_realization.multistage.stage_parameters[1].flow_rate_mL_min,flow_rate_mL_min,0.2
H-8623F1F,Qwen3.6-27B,FlowPilot,Two-stage amidation,$.final_validation.design_realization.multistage.stage_parameters[1].gas_flow_sccm,gas_flow_sccm,0.0
H-8623F1F,Qwen3.6-27B,FlowPilot,Two-stage amidation,$.final_validation.design_realization.multistage.stage_parameters[1].gas_flow_actual_mL_min,gas_flow_actual_mL_min,0.0
H-8623F1F,Qwen3.6-27B,FlowPilot,Two-stage amidation,$.final_validation.design_realization.multistage.stage_parameters[1].residence_time_min,residence_time_min,65.4
H-8623F1F,Qwen3.6-27B,FlowPilot,Two-stage amidation,$.final_validation.design_realization.multistage.stage_parameters[1].residence_time_inlet_min,residence_time_inlet_min,65.4
H-8623F1F,Qwen3.6-27B,FlowPilot,Two-stage amidation,$.final_validation.design_realization.multistage.stage_parameters[1].residence_time_in_channel_min,residence_time_in_channel_min,65.4
H-8623F1F,Qwen3.6-27B,FlowPilot,Two-stage amidation,$.multistage_inventory_plan.total_reactor_volume_mL,total_reactor_volume_mL,15.04
H-8623F1F,Qwen3.6-27B,FlowPilot,Two-stage amidation,$.multistage_inventory_plan.total_residence_time_inlet_min,total_residence_time_inlet_min,78.4667
H-8623F1F,Qwen3.6-27B,FlowPilot,Two-stage amidation,$.multistage_inventory_plan.total_residence_time_in_channel_min,total_residence_time_in_channel_min,78.4667
H-8623F1F,Qwen3.6-27B,FlowPilot,Two-stage amidation,$.multistage_inventory_plan.stage_parameters[0].reactor_volume_mL,reactor_volume_mL,1.96
H-8623F1F,Qwen3.6-27B,FlowPilot,Two-stage amidation,$.multistage_inventory_plan.stage_parameters[0].temperature_C,temperature_C,70.0
H-8623F1F,Qwen3.6-27B,FlowPilot,Two-stage amidation,$.multistage_inventory_plan.stage_parameters[0].flow_rate_mL_min,flow_rate_mL_min,0.15
H-8623F1F,Qwen3.6-27B,FlowPilot,Two-stage amidation,$.multistage_inventory_plan.stage_parameters[0].gas_flow_sccm,gas_flow_sccm,0.0
H-8623F1F,Qwen3.6-27B,FlowPilot,Two-stage amidation,$.multistage_inventory_plan.stage_parameters[0].gas_flow_actual_mL_min,gas_flow_actual_mL_min,0.0
H-8623F1F,Qwen3.6-27B,FlowPilot,Two-stage amidation,$.multistage_inventory_plan.stage_parameters[0].residence_time_min,residence_time_min,13.0667
H-8623F1F,Qwen3.6-27B,FlowPilot,Two-stage amidation,$.multistage_inventory_plan.stage_parameters[0].residence_time_inlet_min,residence_time_inlet_min,13.0667
H-8623F1F,Qwen3.6-27B,FlowPilot,Two-stage amidation,$.multistage_inventory_plan.stage_parameters[0].residence_time_in_channel_min,residence_time_in_channel_min,13.0667
H-8623F1F,Qwen3.6-27B,FlowPilot,Two-stage amidation,$.multistage_inventory_plan.stage_parameters[1].reactor_volume_mL,reactor_volume_mL,13.08
H-8623F1F,Qwen3.6-27B,FlowPilot,Two-stage amidation,$.multistage_inventory_plan.stage_parameters[1].temperature_C,temperature_C,80.0
H-8623F1F,Qwen3.6-27B,FlowPilot,Two-stage amidation,$.multistage_inventory_plan.stage_parameters[1].flow_rate_mL_min,flow_rate_mL_min,0.2
H-8623F1F,Qwen3.6-27B,FlowPilot,Two-stage amidation,$.multistage_inventory_plan.stage_parameters[1].gas_flow_sccm,gas_flow_sccm,0.0
H-8623F1F,Qwen3.6-27B,FlowPilot,Two-stage amidation,$.multistage_inventory_plan.stage_parameters[1].gas_flow_actual_mL_min,gas_flow_actual_mL_min,0.0
H-8623F1F,Qwen3.6-27B,FlowPilot,Two-stage amidation,$.multistage_inventory_plan.stage_parameters[1].residence_time_min,residence_time_min,65.4
H-8623F1F,Qwen3.6-27B,FlowPilot,Two-stage amidation,$.multistage_inventory_plan.stage_parameters[1].residence_time_inlet_min,residence_time_inlet_min,65.4
H-8623F1F,Qwen3.6-27B,FlowPilot,Two-stage amidation,$.multistage_inventory_plan.stage_parameters[1].residence_time_in_channel_min,residence_time_in_channel_min,65.4
H-8623F1F,Qwen3.6-27B,FlowPilot,Two-stage amidation,$.design_realization.decisions[1].selected_BPR_bar,selected_BPR_bar,0.0
H-8623F1F,Qwen3.6-27B,FlowPilot,Two-stage amidation,$.design_realization.decisions[2].total_reactive_liquid_flow_mL_min,total_reactive_liquid_flow_mL_min,0.2
H-8623F1F,Qwen3.6-27B,FlowPilot,Two-stage amidation,$.design_realization.decisions[3].temperature_C,temperature_C,70.0
H-8623F1F,Qwen3.6-27B,FlowPilot,Two-stage amidation,$.design_realization.decisions[4].temperature_C,temperature_C,80.0
H-8623F1F,Qwen3.6-27B,FlowPilot,Two-stage amidation,$.design_realization.feed_assignments[0].flow_rate_mL_min,flow_rate_mL_min,0.05
H-8623F1F,Qwen3.6-27B,FlowPilot,Two-stage amidation,$.design_realization.feed_assignments[0].concentration_M,concentration_M,0.667
H-8623F1F,Qwen3.6-27B,FlowPilot,Two-stage amidation,$.design_realization.feed_assignments[0].molar_equiv,molar_equiv,1.0
H-8623F1F,Qwen3.6-27B,FlowPilot,Two-stage amidation,$.design_realization.feed_assignments[1].flow_rate_mL_min,flow_rate_mL_min,0.1
H-8623F1F,Qwen3.6-27B,FlowPilot,Two-stage amidation,$.design_realization.feed_assignments[1].concentration_M,concentration_M,0.667
H-8623F1F,Qwen3.6-27B,FlowPilot,Two-stage amidation,$.design_realization.feed_assignments[1].molar_equiv,molar_equiv,2.0
H-8623F1F,Qwen3.6-27B,FlowPilot,Two-stage amidation,$.design_realization.feed_assignments[2].flow_rate_mL_min,flow_rate_mL_min,0.05
H-8623F1F,Qwen3.6-27B,FlowPilot,Two-stage amidation,$.design_realization.feed_assignments[2].concentration_M,concentration_M,0.667
H-8623F1F,Qwen3.6-27B,FlowPilot,Two-stage amidation,$.design_realization.feed_assignments[2].molar_equiv,molar_equiv,1.0
H-8623F1F,Qwen3.6-27B,FlowPilot,Two-stage amidation,$.design_realization.multistage.total_reactor_volume_mL,total_reactor_volume_mL,15.04
H-8623F1F,Qwen3.6-27B,FlowPilot,Two-stage amidation,$.design_realization.multistage.total_residence_time_inlet_min,total_residence_time_inlet_min,78.4667
H-8623F1F,Qwen3.6-27B,FlowPilot,Two-stage amidation,$.design_realization.multistage.total_residence_time_in_channel_min,total_residence_time_in_channel_min,78.4667
H-8623F1F,Qwen3.6-27B,FlowPilot,Two-stage amidation,$.design_realization.multistage.stage_parameters[0].reactor_volume_mL,reactor_volume_mL,1.96
H-8623F1F,Qwen3.6-27B,FlowPilot,Two-stage amidation,$.design_realization.multistage.stage_parameters[0].temperature_C,temperature_C,70.0
H-8623F1F,Qwen3.6-27B,FlowPilot,Two-stage amidation,$.design_realization.multistage.stage_parameters[0].flow_rate_mL_min,flow_rate_mL_min,0.15
H-8623F1F,Qwen3.6-27B,FlowPilot,Two-stage amidation,$.design_realization.multistage.stage_parameters[0].gas_flow_sccm,gas_flow_sccm,0.0
H-8623F1F,Qwen3.6-27B,FlowPilot,Two-stage amidation,$.design_realization.multistage.stage_parameters[0].gas_flow_actual_mL_min,gas_flow_actual_mL_min,0.0
H-8623F1F,Qwen3.6-27B,FlowPilot,Two-stage amidation,$.design_realization.multistage.stage_parameters[0].residence_time_min,residence_time_min,13.0667
H-8623F1F,Qwen3.6-27B,FlowPilot,Two-stage amidation,$.design_realization.multistage.stage_parameters[0].residence_time_inlet_min,residence_time_inlet_min,13.0667
H-8623F1F,Qwen3.6-27B,FlowPilot,Two-stage amidation,$.design_realization.multistage.stage_parameters[0].residence_time_in_channel_min,residence_time_in_channel_min,13.0667
H-8623F1F,Qwen3.6-27B,FlowPilot,Two-stage amidation,$.design_realization.multistage.stage_parameters[1].reactor_volume_mL,reactor_volume_mL,13.08
H-8623F1F,Qwen3.6-27B,FlowPilot,Two-stage amidation,$.design_realization.multistage.stage_parameters[1].temperature_C,temperature_C,80.0
H-8623F1F,Qwen3.6-27B,FlowPilot,Two-stage amidation,$.design_realization.multistage.stage_parameters[1].flow_rate_mL_min,flow_rate_mL_min,0.2
H-8623F1F,Qwen3.6-27B,FlowPilot,Two-stage amidation,$.design_realization.multistage.stage_parameters[1].gas_flow_sccm,gas_flow_sccm,0.0
H-8623F1F,Qwen3.6-27B,FlowPilot,Two-stage amidation,$.design_realization.multistage.stage_parameters[1].gas_flow_actual_mL_min,gas_flow_actual_mL_min,0.0
H-8623F1F,Qwen3.6-27B,FlowPilot,Two-stage amidation,$.design_realization.multistage.stage_parameters[1].residence_time_min,residence_time_min,65.4
H-8623F1F,Qwen3.6-27B,FlowPilot,Two-stage amidation,$.design_realization.multistage.stage_parameters[1].residence_time_inlet_min,residence_time_inlet_min,65.4
H-8623F1F,Qwen3.6-27B,FlowPilot,Two-stage amidation,$.design_realization.multistage.stage_parameters[1].residence_time_in_channel_min,residence_time_in_channel_min,65.4
H-8623F1F,Qwen3.6-27B,FlowPilot,Two-stage amidation,$.process_requirements_topology.unit_operations[0].parameters.flow_rate_mL_min,flow_rate_mL_min,0.05
H-8623F1F,Qwen3.6-27B,FlowPilot,Two-stage amidation,$.process_requirements_topology.unit_operations[1].parameters.flow_rate_mL_min,flow_rate_mL_min,0.1
H-8623F1F,Qwen3.6-27B,FlowPilot,Two-stage amidation,$.process_requirements_topology.unit_operations[3].parameters.volume_mL,volume_mL,1.96
H-8623F1F,Qwen3.6-27B,FlowPilot,Two-stage amidation,$.process_requirements_topology.unit_operations[3].parameters.liquid_holdup_volume_mL,liquid_holdup_volume_mL,1.96
H-8623F1F,Qwen3.6-27B,FlowPilot,Two-stage amidation,$.process_requirements_topology.unit_operations[3].parameters.temperature_C,temperature_C,70.0
H-8623F1F,Qwen3.6-27B,FlowPilot,Two-stage amidation,$.process_requirements_topology.unit_operations[3].parameters.residence_time_min,residence_time_min,13.07
H-8623F1F,Qwen3.6-27B,FlowPilot,Two-stage amidation,$.process_requirements_topology.unit_operations[3].parameters.residence_time_inlet_min,residence_time_inlet_min,13.0667
H-8623F1F,Qwen3.6-27B,FlowPilot,Two-stage amidation,$.process_requirements_topology.unit_operations[3].parameters.residence_time_in_channel_min,residence_time_in_channel_min,13.0667
H-8623F1F,Qwen3.6-27B,FlowPilot,Two-stage amidation,$.process_requirements_topology.unit_operations[4].parameters.temperature_C,temperature_C,70.0
H-8623F1F,Qwen3.6-27B,FlowPilot,Two-stage amidation,$.process_requirements_topology.unit_operations[6].parameters.flow_rate_mL_min,flow_rate_mL_min,0.05
H-8623F1F,Qwen3.6-27B,FlowPilot,Two-stage amidation,$.process_requirements_topology.unit_operations[8].parameters.volume_mL,volume_mL,13.08
H-8623F1F,Qwen3.6-27B,FlowPilot,Two-stage amidation,$.process_requirements_topology.unit_operations[8].parameters.liquid_holdup_volume_mL,liquid_holdup_volume_mL,13.08
H-8623F1F,Qwen3.6-27B,FlowPilot,Two-stage amidation,$.process_requirements_topology.unit_operations[8].parameters.temperature_C,temperature_C,80.0
H-8623F1F,Qwen3.6-27B,FlowPilot,Two-stage amidation,$.process_requirements_topology.unit_operations[8].parameters.residence_time_min,residence_time_min,65.4
H-8623F1F,Qwen3.6-27B,FlowPilot,Two-stage amidation,$.process_requirements_topology.unit_operations[8].parameters.residence_time_inlet_min,residence_time_inlet_min,65.4
H-8623F1F,Qwen3.6-27B,FlowPilot,Two-stage amidation,$.process_requirements_topology.unit_operations[8].parameters.residence_time_in_channel_min,residence_time_in_channel_min,65.4
H-8623F1F,Qwen3.6-27B,FlowPilot,Two-stage amidation,$.process_requirements_topology.unit_operations[9].parameters.temperature_C,temperature_C,80.0
H-8623F1F,Qwen3.6-27B,FlowPilot,Two-stage amidation,$.process_requirements_topology.total_flow_rate_mL_min,total_flow_rate_mL_min,0.2
H-8623F1F,Qwen3.6-27B,FlowPilot,Two-stage amidation,$.process_requirements_topology.residence_time_min,residence_time_min,78.4667
H-8623F1F,Qwen3.6-27B,FlowPilot,Two-stage amidation,$.process_requirements_topology.reactor_volume_mL,reactor_volume_mL,15.04
H-8623F1F,Qwen3.6-27B,FlowPilot,Two-stage amidation,$.inventory_allocation.assignments[0].settings.flow_rate_mL_min,flow_rate_mL_min,0.05
H-8623F1F,Qwen3.6-27B,FlowPilot,Two-stage amidation,$.inventory_allocation.assignments[1].settings.flow_rate_mL_min,flow_rate_mL_min,0.1
H-8623F1F,Qwen3.6-27B,FlowPilot,Two-stage amidation,$.inventory_allocation.assignments[2].settings.total_flow_mL_min,total_flow_mL_min,0.2
H-8623F1F,Qwen3.6-27B,FlowPilot,Two-stage amidation,$.inventory_allocation.assignments[3].settings.volume_mL,volume_mL,1.96
H-8623F1F,Qwen3.6-27B,FlowPilot,Two-stage amidation,$.inventory_allocation.assignments[3].settings.temperature_C,temperature_C,70.0
H-8623F1F,Qwen3.6-27B,FlowPilot,Two-stage amidation,$.inventory_allocation.assignments[4].settings.temperature_C,temperature_C,70.0
H-8623F1F,Qwen3.6-27B,FlowPilot,Two-stage amidation,$.inventory_allocation.assignments[5].settings.flow_rate_mL_min,flow_rate_mL_min,0.05
H-8623F1F,Qwen3.6-27B,FlowPilot,Two-stage amidation,$.inventory_allocation.assignments[6].settings.total_flow_mL_min,total_flow_mL_min,0.2
H-8623F1F,Qwen3.6-27B,FlowPilot,Two-stage amidation,$.inventory_allocation.assignments[7].settings.volume_mL,volume_mL,13.08
H-8623F1F,Qwen3.6-27B,FlowPilot,Two-stage amidation,$.inventory_allocation.assignments[7].settings.temperature_C,temperature_C,80.0
H-8623F1F,Qwen3.6-27B,FlowPilot,Two-stage amidation,$.inventory_allocation.assignments[8].settings.temperature_C,temperature_C,80.0
H-8623F1F,Qwen3.6-27B,FlowPilot,Two-stage amidation,$.inventory_allocation.instrument_manifest[0].settings[0].flow_rate_mL_min,flow_rate_mL_min,0.05
H-8623F1F,Qwen3.6-27B,FlowPilot,Two-stage amidation,$.inventory_allocation.instrument_manifest[1].settings[0].flow_rate_mL_min,flow_rate_mL_min,0.1
H-8623F1F,Qwen3.6-27B,FlowPilot,Two-stage amidation,$.inventory_allocation.instrument_manifest[2].settings[0].total_flow_mL_min,total_flow_mL_min,0.2
H-8623F1F,Qwen3.6-27B,FlowPilot,Two-stage amidation,$.inventory_allocation.instrument_manifest[3].settings[0].volume_mL,volume_mL,1.96
H-8623F1F,Qwen3.6-27B,FlowPilot,Two-stage amidation,$.inventory_allocation.instrument_manifest[3].settings[0].temperature_C,temperature_C,70.0
H-8623F1F,Qwen3.6-27B,FlowPilot,Two-stage amidation,$.inventory_allocation.instrument_manifest[4].settings[0].temperature_C,temperature_C,70.0
H-8623F1F,Qwen3.6-27B,FlowPilot,Two-stage amidation,$.inventory_allocation.instrument_manifest[5].settings[0].flow_rate_mL_min,flow_rate_mL_min,0.05
H-8623F1F,Qwen3.6-27B,FlowPilot,Two-stage amidation,$.inventory_allocation.instrument_manifest[6].settings[0].total_flow_mL_min,total_flow_mL_min,0.2
H-8623F1F,Qwen3.6-27B,FlowPilot,Two-stage amidation,$.inventory_allocation.instrument_manifest[7].settings[0].volume_mL,volume_mL,13.08
H-8623F1F,Qwen3.6-27B,FlowPilot,Two-stage amidation,$.inventory_allocation.instrument_manifest[7].settings[0].temperature_C,temperature_C,80.0
H-8623F1F,Qwen3.6-27B,FlowPilot,Two-stage amidation,$.inventory_allocation.instrument_manifest[8].settings[0].temperature_C,temperature_C,80.0
H-8623F1F,Qwen3.6-27B,FlowPilot,Two-stage amidation,$.instrument_manifest[0].settings[0].flow_rate_mL_min,flow_rate_mL_min,0.05
H-8623F1F,Qwen3.6-27B,FlowPilot,Two-stage amidation,$.instrument_manifest[1].settings[0].flow_rate_mL_min,flow_rate_mL_min,0.1
H-8623F1F,Qwen3.6-27B,FlowPilot,Two-stage amidation,$.instrument_manifest[2].settings[0].total_flow_mL_min,total_flow_mL_min,0.2
H-8623F1F,Qwen3.6-27B,FlowPilot,Two-stage amidation,$.instrument_manifest[3].settings[0].volume_mL,volume_mL,1.96
H-8623F1F,Qwen3.6-27B,FlowPilot,Two-stage amidation,$.instrument_manifest[3].settings[0].temperature_C,temperature_C,70.0
H-8623F1F,Qwen3.6-27B,FlowPilot,Two-stage amidation,$.instrument_manifest[4].settings[0].temperature_C,temperature_C,70.0
H-8623F1F,Qwen3.6-27B,FlowPilot,Two-stage amidation,$.instrument_manifest[5].settings[0].flow_rate_mL_min,flow_rate_mL_min,0.05
H-8623F1F,Qwen3.6-27B,FlowPilot,Two-stage amidation,$.instrument_manifest[6].settings[0].total_flow_mL_min,total_flow_mL_min,0.2
H-8623F1F,Qwen3.6-27B,FlowPilot,Two-stage amidation,$.instrument_manifest[7].settings[0].volume_mL,volume_mL,13.08
H-8623F1F,Qwen3.6-27B,FlowPilot,Two-stage amidation,$.instrument_manifest[7].settings[0].temperature_C,temperature_C,80.0
H-8623F1F,Qwen3.6-27B,FlowPilot,Two-stage amidation,$.instrument_manifest[8].settings[0].temperature_C,temperature_C,80.0
H-8623F1F,Qwen3.6-27B,FlowPilot,Two-stage amidation,$._analogies[0].full_record.chemistry.additives[0].equiv,equiv,0.22
H-8623F1F,Qwen3.6-27B,FlowPilot,Two-stage amidation,$._analogies[0].full_record.chemistry.oxidant.equiv,equiv,1.1
H-8623F1F,Qwen3.6-27B,FlowPilot,Two-stage amidation,$._analogies[0].full_record.batch_baseline.reaction_time_min,reaction_time_min,480
H-8623F1F,Qwen3.6-27B,FlowPilot,Two-stage amidation,$._analogies[0].full_record.flow_optimized.temperature_C,temperature_C,100
H-8623F1F,Qwen3.6-27B,FlowPilot,Two-stage amidation,$._analogies[0].full_record.flow_optimized.residence_time_min,residence_time_min,20
H-8623F1F,Qwen3.6-27B,FlowPilot,Two-stage amidation,$._analogies[0].full_record.flow_optimized.concentration_M,concentration_M,0.22
H-8623F1F,Qwen3.6-27B,FlowPilot,Two-stage amidation,$._analogies[0].full_record.reactor.tubing_diameter_mm,tubing_diameter_mm,1
H-8623F1F,Qwen3.6-27B,FlowPilot,Two-stage amidation,$._analogies[0].full_record.field_confidence.reaction_time_min,reaction_time_min,3
H-8623F1F,Qwen3.6-27B,FlowPilot,Two-stage amidation,$._analogies[0].full_record.field_confidence.residence_time_min,residence_time_min,3
H-8623F1F,Qwen3.6-27B,FlowPilot,Two-stage amidation,$._analogies[1].full_record.chemistry.additives[0].equiv,equiv,3.0
H-8623F1F,Qwen3.6-27B,FlowPilot,Two-stage amidation,$._analogies[1].full_record.batch_baseline.reaction_time_min,reaction_time_min,1440
H-8623F1F,Qwen3.6-27B,FlowPilot,Two-stage amidation,$._analogies[1].full_record.flow_optimized.residence_time_min,residence_time_min,80
H-8623F1F,Qwen3.6-27B,FlowPilot,Two-stage amidation,$._analogies[1].full_record.flow_optimized.flow_rate_total_mL_min,flow_rate_total_mL_min,0.025
H-8623F1F,Qwen3.6-27B,FlowPilot,Two-stage amidation,$._analogies[1].full_record.flow_optimized.concentration_M,concentration_M,0.0625
H-8623F1F,Qwen3.6-27B,FlowPilot,Two-stage amidation,$._analogies[1].full_record.flow_optimized.throughput_mmol_h,throughput_mmol_h,1.688
H-8623F1F,Qwen3.6-27B,FlowPilot,Two-stage amidation,$._analogies[1].full_record.reactor.volume_mL,volume_mL,2
H-8623F1F,Qwen3.6-27B,FlowPilot,Two-stage amidation,$._analogies[1].full_record.field_confidence.reaction_time_min,reaction_time_min,3
H-8623F1F,Qwen3.6-27B,FlowPilot,Two-stage amidation,$._analogies[1].full_record.field_confidence.residence_time_min,residence_time_min,3
H-8623F1F,Qwen3.6-27B,FlowPilot,Two-stage amidation,$._analogies[1].full_record.field_confidence.flow_rate_total_mL_min,flow_rate_total_mL_min,3
H-8623F1F,Qwen3.6-27B,FlowPilot,Two-stage amidation,$._analogies[1].full_record.field_confidence.concentration_M,concentration_M,3
H-8623F1F,Qwen3.6-27B,FlowPilot,Two-stage amidation,$._analogies[1].full_record.field_confidence.throughput_mmol_h,throughput_mmol_h,3
H-8623F1F,Qwen3.6-27B,FlowPilot,Two-stage amidation,$._analogies[2].full_record.batch_baseline.temperature_C,temperature_C,60
H-8623F1F,Qwen3.6-27B,FlowPilot,Two-stage amidation,$._analogies[2].full_record.batch_baseline.reaction_time_min,reaction_time_min,10080
H-8623F1F,Qwen3.6-27B,FlowPilot,Two-stage amidation,$._analogies[2].full_record.batch_baseline.concentration_M,concentration_M,0.3
H-8623F1F,Qwen3.6-27B,FlowPilot,Two-stage amidation,$._analogies[2].full_record.flow_optimized.temperature_C,temperature_C,60
H-8623F1F,Qwen3.6-27B,FlowPilot,Two-stage amidation,$._analogies[2].full_record.flow_optimized.flow_rate_total_mL_min,flow_rate_total_mL_min,0.05
H-8623F1F,Qwen3.6-27B,FlowPilot,Two-stage amidation,$._analogies[2].full_record.flow_optimized.concentration_M,concentration_M,0.3
H-8623F1F,Qwen3.6-27B,FlowPilot,Two-stage amidation,$._analogies[2].full_record.reactor.tubing_diameter_mm,tubing_diameter_mm,9
H-8623F1F,Qwen3.6-27B,FlowPilot,Two-stage amidation,$._analogies[2].full_record.field_confidence.batch_baseline.reaction_time_min,batch_baseline.reaction_time_min,3
H-8623F1F,Qwen3.6-27B,FlowPilot,Two-stage amidation,$.pre_council_proposal.residence_time_min,residence_time_min,30.16
H-8623F1F,Qwen3.6-27B,FlowPilot,Two-stage amidation,$.pre_council_proposal.flow_rate_mL_min,flow_rate_mL_min,0.5
H-8623F1F,Qwen3.6-27B,FlowPilot,Two-stage amidation,$.pre_council_proposal.temperature_C,temperature_C,70.0
H-8623F1F,Qwen3.6-27B,FlowPilot,Two-stage amidation,$.pre_council_proposal.concentration_M,concentration_M,0.667
H-8623F1F,Qwen3.6-27B,FlowPilot,Two-stage amidation,$.pre_council_proposal.BPR_bar,BPR_bar,0.0
H-8623F1F,Qwen3.6-27B,FlowPilot,Two-stage amidation,$.pre_council_proposal.tubing_ID_mm,tubing_ID_mm,0.5
H-8623F1F,Qwen3.6-27B,FlowPilot,Two-stage amidation,$.pre_council_proposal.reactor_volume_mL,reactor_volume_mL,15.04
H-8623F1F,Qwen3.6-27B,FlowPilot,Two-stage amidation,$.pre_council_proposal.streams[0].concentration_M,concentration_M,0.667
H-8623F1F,Qwen3.6-27B,FlowPilot,Two-stage amidation,$.pre_council_proposal.streams[0].flow_rate_mL_min,flow_rate_mL_min,0.25
H-8623F1F,Qwen3.6-27B,FlowPilot,Two-stage amidation,$.pre_council_proposal.streams[0].molar_equiv,molar_equiv,1.0
H-8623F1F,Qwen3.6-27B,FlowPilot,Two-stage amidation,$.pre_council_proposal.streams[1].concentration_M,concentration_M,1.334
H-8623F1F,Qwen3.6-27B,FlowPilot,Two-stage amidation,$.pre_council_proposal.streams[1].flow_rate_mL_min,flow_rate_mL_min,0.25
H-8623F1F,Qwen3.6-27B,FlowPilot,Two-stage amidation,$.pre_council_proposal.streams[1].molar_equiv,molar_equiv,1.0
H-8623F1F,Qwen3.6-27B,FlowPilot,Two-stage amidation,$.pre_council_proposal.streams[2].concentration_M,concentration_M,0.667
H-8623F1F,Qwen3.6-27B,FlowPilot,Two-stage amidation,$.pre_council_proposal.streams[2].flow_rate_mL_min,flow_rate_mL_min,0.25
H-8623F1F,Qwen3.6-27B,FlowPilot,Two-stage amidation,$.pre_council_proposal.streams[2].molar_equiv,molar_equiv,1.0
H-8623F1F,Qwen3.6-27B,FlowPilot,Two-stage amidation,$.process_topology.unit_operations[0].parameters.flow_rate_mL_min,flow_rate_mL_min,0.05
H-8623F1F,Qwen3.6-27B,FlowPilot,Two-stage amidation,$.process_topology.unit_operations[1].parameters.flow_rate_mL_min,flow_rate_mL_min,0.1
H-8623F1F,Qwen3.6-27B,FlowPilot,Two-stage amidation,$.process_topology.unit_operations[3].parameters.volume_mL,volume_mL,1.96
H-8623F1F,Qwen3.6-27B,FlowPilot,Two-stage amidation,$.process_topology.unit_operations[3].parameters.liquid_holdup_volume_mL,liquid_holdup_volume_mL,1.96
H-8623F1F,Qwen3.6-27B,FlowPilot,Two-stage amidation,$.process_topology.unit_operations[3].parameters.temperature_C,temperature_C,70.0
H-8623F1F,Qwen3.6-27B,FlowPilot,Two-stage amidation,$.process_topology.unit_operations[3].parameters.residence_time_min,residence_time_min,13.07
H-8623F1F,Qwen3.6-27B,FlowPilot,Two-stage amidation,$.process_topology.unit_operations[3].parameters.residence_time_inlet_min,residence_time_inlet_min,13.0667
H-8623F1F,Qwen3.6-27B,FlowPilot,Two-stage amidation,$.process_topology.unit_operations[3].parameters.residence_time_in_channel_min,residence_time_in_channel_min,13.0667
H-8623F1F,Qwen3.6-27B,FlowPilot,Two-stage amidation,$.process_topology.unit_operations[4].parameters.temperature_C,temperature_C,70.0
H-8623F1F,Qwen3.6-27B,FlowPilot,Two-stage amidation,$.process_topology.unit_operations[5].parameters.flow_rate_mL_min,flow_rate_mL_min,0.05
H-8623F1F,Qwen3.6-27B,FlowPilot,Two-stage amidation,$.process_topology.unit_operations[7].parameters.volume_mL,volume_mL,13.08
H-8623F1F,Qwen3.6-27B,FlowPilot,Two-stage amidation,$.process_topology.unit_operations[7].parameters.liquid_holdup_volume_mL,liquid_holdup_volume_mL,13.08
H-8623F1F,Qwen3.6-27B,FlowPilot,Two-stage amidation,$.process_topology.unit_operations[7].parameters.temperature_C,temperature_C,80.0
H-8623F1F,Qwen3.6-27B,FlowPilot,Two-stage amidation,$.process_topology.unit_operations[7].parameters.residence_time_min,residence_time_min,65.4
H-8623F1F,Qwen3.6-27B,FlowPilot,Two-stage amidation,$.process_topology.unit_operations[7].parameters.residence_time_inlet_min,residence_time_inlet_min,65.4
H-8623F1F,Qwen3.6-27B,FlowPilot,Two-stage amidation,$.process_topology.unit_operations[7].parameters.residence_time_in_channel_min,residence_time_in_channel_min,65.4
H-8623F1F,Qwen3.6-27B,FlowPilot,Two-stage amidation,$.process_topology.unit_operations[8].parameters.temperature_C,temperature_C,80.0
H-8623F1F,Qwen3.6-27B,FlowPilot,Two-stage amidation,$.process_topology.total_flow_rate_mL_min,total_flow_rate_mL_min,0.2
H-8623F1F,Qwen3.6-27B,FlowPilot,Two-stage amidation,$.process_topology.residence_time_min,residence_time_min,78.4667
H-8623F1F,Qwen3.6-27B,FlowPilot,Two-stage amidation,$.process_topology.reactor_volume_mL,reactor_volume_mL,15.04
H-8623F1F,Qwen3.6-27B,FlowPilot,Two-stage amidation,$.process_topology.instrument_manifest[0].settings[0].flow_rate_mL_min,flow_rate_mL_min,0.05
H-8623F1F,Qwen3.6-27B,FlowPilot,Two-stage amidation,$.process_topology.instrument_manifest[1].settings[0].flow_rate_mL_min,flow_rate_mL_min,0.1
H-8623F1F,Qwen3.6-27B,FlowPilot,Two-stage amidation,$.process_topology.instrument_manifest[2].settings[0].total_flow_mL_min,total_flow_mL_min,0.2
H-8623F1F,Qwen3.6-27B,FlowPilot,Two-stage amidation,$.process_topology.instrument_manifest[3].settings[0].volume_mL,volume_mL,1.96
H-8623F1F,Qwen3.6-27B,FlowPilot,Two-stage amidation,$.process_topology.instrument_manifest[3].settings[0].temperature_C,temperature_C,70.0
H-8623F1F,Qwen3.6-27B,FlowPilot,Two-stage amidation,$.process_topology.instrument_manifest[4].settings[0].temperature_C,temperature_C,70.0
H-8623F1F,Qwen3.6-27B,FlowPilot,Two-stage amidation,$.process_topology.instrument_manifest[5].settings[0].flow_rate_mL_min,flow_rate_mL_min,0.05
H-8623F1F,Qwen3.6-27B,FlowPilot,Two-stage amidation,$.process_topology.instrument_manifest[6].settings[0].total_flow_mL_min,total_flow_mL_min,0.2
H-8623F1F,Qwen3.6-27B,FlowPilot,Two-stage amidation,$.process_topology.instrument_manifest[7].settings[0].volume_mL,volume_mL,13.08
H-8623F1F,Qwen3.6-27B,FlowPilot,Two-stage amidation,$.process_topology.instrument_manifest[7].settings[0].temperature_C,temperature_C,80.0
H-8623F1F,Qwen3.6-27B,FlowPilot,Two-stage amidation,$.process_topology.instrument_manifest[8].settings[0].temperature_C,temperature_C,80.0
H-8623F1F,Qwen3.6-27B,FlowPilot,Two-stage amidation,$.final_design.parameters.flow_rate_mL_min,flow_rate_mL_min,0.2
H-8623F1F,Qwen3.6-27B,FlowPilot,Two-stage amidation,$.final_design.parameters.concentration_M,concentration_M,0.667
H-8623F1F,Qwen3.6-27B,FlowPilot,Two-stage amidation,$.final_design.parameters.BPR_bar,BPR_bar,0.0
H-8623F1F,Qwen3.6-27B,FlowPilot,Two-stage amidation,$.final_design.parameters.tubing_ID_mm,tubing_ID_mm,0.5
H-8623F1F,Qwen3.6-27B,FlowPilot,Two-stage amidation,$.final_design.parameters.reactor_volume_mL,reactor_volume_mL,15.04
H-8623F1F,Qwen3.6-27B,FlowPilot,Two-stage amidation,$.final_design.parameters.residence_time_min,residence_time_min,78.4667
H-8623F1F,Qwen3.6-27B,FlowPilot,Two-stage amidation,$.final_design.parameters.residence_time_inlet_min,residence_time_inlet_min,78.4667
H-8623F1F,Qwen3.6-27B,FlowPilot,Two-stage amidation,$.final_design.parameters.residence_time_in_channel_min,residence_time_in_channel_min,78.4667
H-8623F1F,Qwen3.6-27B,FlowPilot,Two-stage amidation,$.final_design.stages[0].reactor_volume_mL,reactor_volume_mL,1.96
H-8623F1F,Qwen3.6-27B,FlowPilot,Two-stage amidation,$.final_design.stages[0].temperature_C,temperature_C,70.0
H-8623F1F,Qwen3.6-27B,FlowPilot,Two-stage amidation,$.final_design.stages[0].flow_rate_mL_min,flow_rate_mL_min,0.15
H-8623F1F,Qwen3.6-27B,FlowPilot,Two-stage amidation,$.final_design.stages[0].gas_flow_sccm,gas_flow_sccm,0.0
H-8623F1F,Qwen3.6-27B,FlowPilot,Two-stage amidation,$.final_design.stages[0].gas_flow_actual_mL_min,gas_flow_actual_mL_min,0.0
H-8623F1F,Qwen3.6-27B,FlowPilot,Two-stage amidation,$.final_design.stages[0].residence_time_min,residence_time_min,13.0667
H-8623F1F,Qwen3.6-27B,FlowPilot,Two-stage amidation,$.final_design.stages[0].residence_time_inlet_min,residence_time_inlet_min,13.0667
H-8623F1F,Qwen3.6-27B,FlowPilot,Two-stage amidation,$.final_design.stages[0].residence_time_in_channel_min,residence_time_in_channel_min,13.0667
H-8623F1F,Qwen3.6-27B,FlowPilot,Two-stage amidation,$.final_design.stages[1].reactor_volume_mL,reactor_volume_mL,13.08
H-8623F1F,Qwen3.6-27B,FlowPilot,Two-stage amidation,$.final_design.stages[1].temperature_C,temperature_C,80.0
H-8623F1F,Qwen3.6-27B,FlowPilot,Two-stage amidation,$.final_design.stages[1].flow_rate_mL_min,flow_rate_mL_min,0.2
H-8623F1F,Qwen3.6-27B,FlowPilot,Two-stage amidation,$.final_design.stages[1].gas_flow_sccm,gas_flow_sccm,0.0
H-8623F1F,Qwen3.6-27B,FlowPilot,Two-stage amidation,$.final_design.stages[1].gas_flow_actual_mL_min,gas_flow_actual_mL_min,0.0
H-8623F1F,Qwen3.6-27B,FlowPilot,Two-stage amidation,$.final_design.stages[1].residence_time_min,residence_time_min,65.4
H-8623F1F,Qwen3.6-27B,FlowPilot,Two-stage amidation,$.final_design.stages[1].residence_time_inlet_min,residence_time_inlet_min,65.4
H-8623F1F,Qwen3.6-27B,FlowPilot,Two-stage amidation,$.final_design.stages[1].residence_time_in_channel_min,residence_time_in_channel_min,65.4
H-8623F1F,Qwen3.6-27B,FlowPilot,Two-stage amidation,$.final_design.streams[0].concentration_M,concentration_M,0.667
H-8623F1F,Qwen3.6-27B,FlowPilot,Two-stage amidation,$.final_design.streams[0].flow_rate_mL_min,flow_rate_mL_min,0.05
H-8623F1F,Qwen3.6-27B,FlowPilot,Two-stage amidation,$.final_design.streams[0].molar_equiv,molar_equiv,1.0
H-8623F1F,Qwen3.6-27B,FlowPilot,Two-stage amidation,$.final_design.streams[1].concentration_M,concentration_M,0.667
H-8623F1F,Qwen3.6-27B,FlowPilot,Two-stage amidation,$.final_design.streams[1].flow_rate_mL_min,flow_rate_mL_min,0.1
H-8623F1F,Qwen3.6-27B,FlowPilot,Two-stage amidation,$.final_design.streams[1].molar_equiv,molar_equiv,2.0
H-8623F1F,Qwen3.6-27B,FlowPilot,Two-stage amidation,$.final_design.streams[2].concentration_M,concentration_M,0.667
H-8623F1F,Qwen3.6-27B,FlowPilot,Two-stage amidation,$.final_design.streams[2].flow_rate_mL_min,flow_rate_mL_min,0.05
H-8623F1F,Qwen3.6-27B,FlowPilot,Two-stage amidation,$.final_design.streams[2].molar_equiv,molar_equiv,1.0
H-8623F1F,Qwen3.6-27B,FlowPilot,Two-stage amidation,$.final_design.instrument_manifest[0].settings[0].flow_rate_mL_min,flow_rate_mL_min,0.05
H-8623F1F,Qwen3.6-27B,FlowPilot,Two-stage amidation,$.final_design.instrument_manifest[1].settings[0].flow_rate_mL_min,flow_rate_mL_min,0.1
H-8623F1F,Qwen3.6-27B,FlowPilot,Two-stage amidation,$.final_design.instrument_manifest[2].settings[0].total_flow_mL_min,total_flow_mL_min,0.2
H-8623F1F,Qwen3.6-27B,FlowPilot,Two-stage amidation,$.final_design.instrument_manifest[3].settings[0].volume_mL,volume_mL,1.96
H-8623F1F,Qwen3.6-27B,FlowPilot,Two-stage amidation,$.final_design.instrument_manifest[3].settings[0].temperature_C,temperature_C,70.0
H-8623F1F,Qwen3.6-27B,FlowPilot,Two-stage amidation,$.final_design.instrument_manifest[4].settings[0].temperature_C,temperature_C,70.0
H-8623F1F,Qwen3.6-27B,FlowPilot,Two-stage amidation,$.final_design.instrument_manifest[5].settings[0].flow_rate_mL_min,flow_rate_mL_min,0.05
H-8623F1F,Qwen3.6-27B,FlowPilot,Two-stage amidation,$.final_design.instrument_manifest[6].settings[0].total_flow_mL_min,total_flow_mL_min,0.2
H-8623F1F,Qwen3.6-27B,FlowPilot,Two-stage amidation,$.final_design.instrument_manifest[7].settings[0].volume_mL,volume_mL,13.08
H-8623F1F,Qwen3.6-27B,FlowPilot,Two-stage amidation,$.final_design.instrument_manifest[7].settings[0].temperature_C,temperature_C,80.0
H-8623F1F,Qwen3.6-27B,FlowPilot,Two-stage amidation,$.final_design.instrument_manifest[8].settings[0].temperature_C,temperature_C,80.0
H-8623F1F,Qwen3.6-27B,FlowPilot,Two-stage amidation,$.final_design.process_graph.topology.unit_operations[0].parameters.flow_rate_mL_min,flow_rate_mL_min,0.05
H-8623F1F,Qwen3.6-27B,FlowPilot,Two-stage amidation,$.final_design.process_graph.topology.unit_operations[1].parameters.flow_rate_mL_min,flow_rate_mL_min,0.1
H-8623F1F,Qwen3.6-27B,FlowPilot,Two-stage amidation,$.final_design.process_graph.topology.unit_operations[3].parameters.volume_mL,volume_mL,1.96
H-8623F1F,Qwen3.6-27B,FlowPilot,Two-stage amidation,$.final_design.process_graph.topology.unit_operations[3].parameters.liquid_holdup_volume_mL,liquid_holdup_volume_mL,1.96
H-8623F1F,Qwen3.6-27B,FlowPilot,Two-stage amidation,$.final_design.process_graph.topology.unit_operations[3].parameters.temperature_C,temperature_C,70.0
H-8623F1F,Qwen3.6-27B,FlowPilot,Two-stage amidation,$.final_design.process_graph.topology.unit_operations[3].parameters.residence_time_min,residence_time_min,13.07
H-8623F1F,Qwen3.6-27B,FlowPilot,Two-stage amidation,$.final_design.process_graph.topology.unit_operations[3].parameters.residence_time_inlet_min,residence_time_inlet_min,13.0667
H-8623F1F,Qwen3.6-27B,FlowPilot,Two-stage amidation,$.final_design.process_graph.topology.unit_operations[3].parameters.residence_time_in_channel_min,residence_time_in_channel_min,13.0667
H-8623F1F,Qwen3.6-27B,FlowPilot,Two-stage amidation,$.final_design.process_graph.topology.unit_operations[4].parameters.temperature_C,temperature_C,70.0
H-8623F1F,Qwen3.6-27B,FlowPilot,Two-stage amidation,$.final_design.process_graph.topology.unit_operations[5].parameters.flow_rate_mL_min,flow_rate_mL_min,0.05
H-8623F1F,Qwen3.6-27B,FlowPilot,Two-stage amidation,$.final_design.process_graph.topology.unit_operations[7].parameters.volume_mL,volume_mL,13.08
H-8623F1F,Qwen3.6-27B,FlowPilot,Two-stage amidation,$.final_design.process_graph.topology.unit_operations[7].parameters.liquid_holdup_volume_mL,liquid_holdup_volume_mL,13.08
H-8623F1F,Qwen3.6-27B,FlowPilot,Two-stage amidation,$.final_design.process_graph.topology.unit_operations[7].parameters.temperature_C,temperature_C,80.0
H-8623F1F,Qwen3.6-27B,FlowPilot,Two-stage amidation,$.final_design.process_graph.topology.unit_operations[7].parameters.residence_time_min,residence_time_min,65.4
H-8623F1F,Qwen3.6-27B,FlowPilot,Two-stage amidation,$.final_design.process_graph.topology.unit_operations[7].parameters.residence_time_inlet_min,residence_time_inlet_min,65.4
H-8623F1F,Qwen3.6-27B,FlowPilot,Two-stage amidation,$.final_design.process_graph.topology.unit_operations[7].parameters.residence_time_in_channel_min,residence_time_in_channel_min,65.4
H-8623F1F,Qwen3.6-27B,FlowPilot,Two-stage amidation,$.final_design.process_graph.topology.unit_operations[8].parameters.temperature_C,temperature_C,80.0
H-8623F1F,Qwen3.6-27B,FlowPilot,Two-stage amidation,$.final_design.process_graph.topology.total_flow_rate_mL_min,total_flow_rate_mL_min,0.2
H-8623F1F,Qwen3.6-27B,FlowPilot,Two-stage amidation,$.final_design.process_graph.topology.residence_time_min,residence_time_min,78.4667
H-8623F1F,Qwen3.6-27B,FlowPilot,Two-stage amidation,$.final_design.process_graph.topology.reactor_volume_mL,reactor_volume_mL,15.04
H-8623F1F,Qwen3.6-27B,FlowPilot,Two-stage amidation,$.final_design.process_graph.topology.instrument_manifest[0].settings[0].flow_rate_mL_min,flow_rate_mL_min,0.05
H-8623F1F,Qwen3.6-27B,FlowPilot,Two-stage amidation,$.final_design.process_graph.topology.instrument_manifest[1].settings[0].flow_rate_mL_min,flow_rate_mL_min,0.1
H-8623F1F,Qwen3.6-27B,FlowPilot,Two-stage amidation,$.final_design.process_graph.topology.instrument_manifest[2].settings[0].total_flow_mL_min,total_flow_mL_min,0.2
H-8623F1F,Qwen3.6-27B,FlowPilot,Two-stage amidation,$.final_design.process_graph.topology.instrument_manifest[3].settings[0].volume_mL,volume_mL,1.96
H-8623F1F,Qwen3.6-27B,FlowPilot,Two-stage amidation,$.final_design.process_graph.topology.instrument_manifest[3].settings[0].temperature_C,temperature_C,70.0
H-8623F1F,Qwen3.6-27B,FlowPilot,Two-stage amidation,$.final_design.process_graph.topology.instrument_manifest[4].settings[0].temperature_C,temperature_C,70.0
H-8623F1F,Qwen3.6-27B,FlowPilot,Two-stage amidation,$.final_design.process_graph.topology.instrument_manifest[5].settings[0].flow_rate_mL_min,flow_rate_mL_min,0.05
H-8623F1F,Qwen3.6-27B,FlowPilot,Two-stage amidation,$.final_design.process_graph.topology.instrument_manifest[6].settings[0].total_flow_mL_min,total_flow_mL_min,0.2
H-8623F1F,Qwen3.6-27B,FlowPilot,Two-stage amidation,$.final_design.process_graph.topology.instrument_manifest[7].settings[0].volume_mL,volume_mL,13.08
H-8623F1F,Qwen3.6-27B,FlowPilot,Two-stage amidation,$.final_design.process_graph.topology.instrument_manifest[7].settings[0].temperature_C,temperature_C,80.0
H-8623F1F,Qwen3.6-27B,FlowPilot,Two-stage amidation,$.final_design.process_graph.topology.instrument_manifest[8].settings[0].temperature_C,temperature_C,80.0
H-8623F1F,Qwen3.6-27B,FlowPilot,Two-stage amidation,$.final_design.process_graph.feeds[0].flow_rate_mL_min,flow_rate_mL_min,0.05
H-8623F1F,Qwen3.6-27B,FlowPilot,Two-stage amidation,$.final_design.process_graph.feeds[1].flow_rate_mL_min,flow_rate_mL_min,0.1
H-8623F1F,Qwen3.6-27B,FlowPilot,Two-stage amidation,$.final_design.process_graph.feeds[2].flow_rate_mL_min,flow_rate_mL_min,0.05
H-8623F1F,Qwen3.6-27B,FlowPilot,Two-stage amidation,$.final_design.process_graph.stages[0].temperature_C,temperature_C,70.0
H-8623F1F,Qwen3.6-27B,FlowPilot,Two-stage amidation,$.final_design.process_graph.stages[0].reactor_volume_mL,reactor_volume_mL,1.96
H-8623F1F,Qwen3.6-27B,FlowPilot,Two-stage amidation,$.final_design.process_graph.stages[0].residence_flow_mL_min,residence_flow_mL_min,0.15
H-8623F1F,Qwen3.6-27B,FlowPilot,Two-stage amidation,$.final_design.process_graph.stages[0].residence_time_min,residence_time_min,13.07
H-8623F1F,Qwen3.6-27B,FlowPilot,Two-stage amidation,$.final_design.process_graph.stages[1].temperature_C,temperature_C,80.0
H-8623F1F,Qwen3.6-27B,FlowPilot,Two-stage amidation,$.final_design.process_graph.stages[1].reactor_volume_mL,reactor_volume_mL,13.08
H-8623F1F,Qwen3.6-27B,FlowPilot,Two-stage amidation,$.final_design.process_graph.stages[1].residence_flow_mL_min,residence_flow_mL_min,0.2
H-8623F1F,Qwen3.6-27B,FlowPilot,Two-stage amidation,$.final_design.process_graph.stages[1].residence_time_min,residence_time_min,65.4
H-8623F1F,Qwen3.6-27B,FlowPilot,Two-stage amidation,$.final_design.process_graph.total_liquid_flow_mL_min,total_liquid_flow_mL_min,0.2
H-8623F1F,Qwen3.6-27B,FlowPilot,Two-stage amidation,$.final_design.process_graph.total_reactor_volume_mL,total_reactor_volume_mL,15.04
H-8623F1F,Qwen3.6-27B,FlowPilot,Two-stage amidation,$.final_design.process_graph.total_residence_time_min,total_residence_time_min,78.4667
H-8623F1F,Qwen3.6-27B,FlowPilot,Two-stage amidation,$.final_design.diagnostic.preliminary_candidate.residence_time_min,residence_time_min,78.4667
H-8623F1F,Qwen3.6-27B,FlowPilot,Two-stage amidation,$.final_design.diagnostic.preliminary_candidate.residence_time_inlet_min,residence_time_inlet_min,78.4667
H-8623F1F,Qwen3.6-27B,FlowPilot,Two-stage amidation,$.final_design.diagnostic.preliminary_candidate.residence_time_in_channel_min,residence_time_in_channel_min,78.4667
H-8623F1F,Qwen3.6-27B,FlowPilot,Two-stage amidation,$.final_design.diagnostic.preliminary_candidate.flow_rate_mL_min,flow_rate_mL_min,0.2
H-8623F1F,Qwen3.6-27B,FlowPilot,Two-stage amidation,$.final_design.diagnostic.preliminary_candidate.reactor_volume_mL,reactor_volume_mL,15.04
H-8623F1F,Qwen3.6-27B,FlowPilot,Two-stage amidation,$.final_design.diagnostic.stage_requirements[0].reactor_volume_mL,reactor_volume_mL,1.96
H-8623F1F,Qwen3.6-27B,FlowPilot,Two-stage amidation,$.final_design.diagnostic.stage_requirements[0].flow_rate_mL_min,flow_rate_mL_min,0.15
H-8623F1F,Qwen3.6-27B,FlowPilot,Two-stage amidation,$.final_design.diagnostic.stage_requirements[0].residence_time_inlet_min,residence_time_inlet_min,13.0667
H-8623F1F,Qwen3.6-27B,FlowPilot,Two-stage amidation,$.final_design.diagnostic.stage_requirements[0].residence_time_in_channel_min,residence_time_in_channel_min,13.0667
H-8623F1F,Qwen3.6-27B,FlowPilot,Two-stage amidation,$.final_design.diagnostic.stage_requirements[1].reactor_volume_mL,reactor_volume_mL,13.08
H-8623F1F,Qwen3.6-27B,FlowPilot,Two-stage amidation,$.final_design.diagnostic.stage_requirements[1].flow_rate_mL_min,flow_rate_mL_min,0.2
H-8623F1F,Qwen3.6-27B,FlowPilot,Two-stage amidation,$.final_design.diagnostic.stage_requirements[1].residence_time_inlet_min,residence_time_inlet_min,65.4
H-8623F1F,Qwen3.6-27B,FlowPilot,Two-stage amidation,$.final_design.diagnostic.stage_requirements[1].residence_time_in_channel_min,residence_time_in_channel_min,65.4
H-3F4393D,GPT-5.4,One-shot,CuAAC,$.proposal.residence_time_min,residence_time_min,3.0
H-3F4393D,GPT-5.4,One-shot,CuAAC,$.proposal.flow_rate_mL_min,flow_rate_mL_min,0.1
H-3F4393D,GPT-5.4,One-shot,CuAAC,$.proposal.temperature_C,temperature_C,150.0
H-3F4393D,GPT-5.4,One-shot,CuAAC,$.proposal.concentration_M,concentration_M,0.25
H-3F4393D,GPT-5.4,One-shot,CuAAC,$.proposal.BPR_bar,BPR_bar,20.0
H-3F4393D,GPT-5.4,One-shot,CuAAC,$.proposal.tubing_ID_mm,tubing_ID_mm,4.0
H-3F4393D,GPT-5.4,One-shot,CuAAC,$.proposal.reactor_volume_mL,reactor_volume_mL,0.3
H-3F4393D,GPT-5.4,One-shot,CuAAC,$.proposal.residence_time_inlet_min,residence_time_inlet_min,3.0
H-3F4393D,GPT-5.4,One-shot,CuAAC,$.proposal.residence_time_in_channel_min,residence_time_in_channel_min,3.0
H-3F4393D,GPT-5.4,One-shot,CuAAC,$.proposal.streams[0].concentration_M,concentration_M,0.25
H-3F4393D,GPT-5.4,One-shot,CuAAC,$.proposal.streams[0].flow_rate_mL_min,flow_rate_mL_min,0.1
H-3F4393D,GPT-5.4,One-shot,CuAAC,$.proposal.streams[0].molar_equiv,molar_equiv,1.0
H-3F4393D,GPT-5.4,One-shot,CuAAC,$.proposal.stage_parameters[0].temperature_C,temperature_C,20.0
H-3F4393D,GPT-5.4,One-shot,CuAAC,$.proposal.stage_parameters[0].flow_rate_mL_min,flow_rate_mL_min,0.1
H-3F4393D,GPT-5.4,One-shot,CuAAC,$.proposal.stage_parameters[0].pressure_bar,pressure_bar,20.0
H-3F4393D,GPT-5.4,One-shot,CuAAC,$.proposal.stage_parameters[1].temperature_C,temperature_C,150.0
H-3F4393D,GPT-5.4,One-shot,CuAAC,$.proposal.stage_parameters[1].flow_rate_mL_min,flow_rate_mL_min,0.1
H-3F4393D,GPT-5.4,One-shot,CuAAC,$.proposal.stage_parameters[1].pressure_bar,pressure_bar,20.0
H-3F4393D,GPT-5.4,One-shot,CuAAC,$.proposal.stage_parameters[2].temperature_C,temperature_C,150.0
H-3F4393D,GPT-5.4,One-shot,CuAAC,$.proposal.stage_parameters[2].flow_rate_mL_min,flow_rate_mL_min,0.1
H-3F4393D,GPT-5.4,One-shot,CuAAC,$.proposal.stage_parameters[2].pressure_bar,pressure_bar,20.0
H-3F4393D,GPT-5.4,One-shot,CuAAC,$.proposal.stage_parameters[3].temperature_C,temperature_C,20.0
H-3F4393D,GPT-5.4,One-shot,CuAAC,$.proposal.stage_parameters[3].flow_rate_mL_min,flow_rate_mL_min,0.1
H-3F4393D,GPT-5.4,One-shot,CuAAC,$.proposal.stage_parameters[3].pressure_bar,pressure_bar,20.0
H-3F4393D,GPT-5.4,One-shot,CuAAC,$.raw_proposal.residence_time_min,residence_time_min,3.0
H-3F4393D,GPT-5.4,One-shot,CuAAC,$.raw_proposal.flow_rate_mL_min,flow_rate_mL_min,0.1
H-3F4393D,GPT-5.4,One-shot,CuAAC,$.raw_proposal.temperature_C,temperature_C,150.0
H-3F4393D,GPT-5.4,One-shot,CuAAC,$.raw_proposal.concentration_M,concentration_M,0.25
H-3F4393D,GPT-5.4,One-shot,CuAAC,$.raw_proposal.BPR_bar,BPR_bar,20.0
H-3F4393D,GPT-5.4,One-shot,CuAAC,$.raw_proposal.tubing_ID_mm,tubing_ID_mm,4.0
H-3F4393D,GPT-5.4,One-shot,CuAAC,$.raw_proposal.reactor_volume_mL,reactor_volume_mL,0.3
H-3F4393D,GPT-5.4,One-shot,CuAAC,$.raw_proposal.residence_time_inlet_min,residence_time_inlet_min,3.0
H-3F4393D,GPT-5.4,One-shot,CuAAC,$.raw_proposal.residence_time_in_channel_min,residence_time_in_channel_min,3.0
H-3F4393D,GPT-5.4,One-shot,CuAAC,$.raw_proposal.streams[0].flow_rate_mL_min,flow_rate_mL_min,0.1
H-3F4393D,GPT-5.4,One-shot,CuAAC,$.raw_proposal.streams[0].concentration_M,concentration_M,0.25
H-3F4393D,GPT-5.4,One-shot,CuAAC,$.raw_proposal.streams[0].molar_equiv,molar_equiv,1.0
H-3F4393D,GPT-5.4,One-shot,CuAAC,$.raw_proposal.stage_parameters[0].temperature_C,temperature_C,20.0
H-3F4393D,GPT-5.4,One-shot,CuAAC,$.raw_proposal.stage_parameters[0].flow_rate_mL_min,flow_rate_mL_min,0.1
H-3F4393D,GPT-5.4,One-shot,CuAAC,$.raw_proposal.stage_parameters[0].pressure_bar,pressure_bar,20.0
H-3F4393D,GPT-5.4,One-shot,CuAAC,$.raw_proposal.stage_parameters[1].temperature_C,temperature_C,150.0
H-3F4393D,GPT-5.4,One-shot,CuAAC,$.raw_proposal.stage_parameters[1].flow_rate_mL_min,flow_rate_mL_min,0.1
H-3F4393D,GPT-5.4,One-shot,CuAAC,$.raw_proposal.stage_parameters[1].pressure_bar,pressure_bar,20.0
H-3F4393D,GPT-5.4,One-shot,CuAAC,$.raw_proposal.stage_parameters[2].temperature_C,temperature_C,150.0
H-3F4393D,GPT-5.4,One-shot,CuAAC,$.raw_proposal.stage_parameters[2].flow_rate_mL_min,flow_rate_mL_min,0.1
H-3F4393D,GPT-5.4,One-shot,CuAAC,$.raw_proposal.stage_parameters[2].pressure_bar,pressure_bar,20.0
H-3F4393D,GPT-5.4,One-shot,CuAAC,$.raw_proposal.stage_parameters[3].temperature_C,temperature_C,20.0
H-3F4393D,GPT-5.4,One-shot,CuAAC,$.raw_proposal.stage_parameters[3].flow_rate_mL_min,flow_rate_mL_min,0.1
H-3F4393D,GPT-5.4,One-shot,CuAAC,$.raw_proposal.stage_parameters[3].pressure_bar,pressure_bar,20.0
H-389F7B0,GPT-5.4,One-shot,Hydrogenolysis,$.proposal.residence_time_min,residence_time_min,30.0
H-389F7B0,GPT-5.4,One-shot,Hydrogenolysis,$.proposal.flow_rate_mL_min,flow_rate_mL_min,0.1
H-389F7B0,GPT-5.4,One-shot,Hydrogenolysis,$.proposal.temperature_C,temperature_C,60.0
H-389F7B0,GPT-5.4,One-shot,Hydrogenolysis,$.proposal.concentration_M,concentration_M,0.126
H-389F7B0,GPT-5.4,One-shot,Hydrogenolysis,$.proposal.BPR_bar,BPR_bar,21.0
H-389F7B0,GPT-5.4,One-shot,Hydrogenolysis,$.proposal.tubing_ID_mm,tubing_ID_mm,4.35
H-389F7B0,GPT-5.4,One-shot,Hydrogenolysis,$.proposal.reactor_volume_mL,reactor_volume_mL,3.0
H-389F7B0,GPT-5.4,One-shot,Hydrogenolysis,$.proposal.residence_time_inlet_min,residence_time_inlet_min,30.0
H-389F7B0,GPT-5.4,One-shot,Hydrogenolysis,$.proposal.residence_time_in_channel_min,residence_time_in_channel_min,12.0
H-389F7B0,GPT-5.4,One-shot,Hydrogenolysis,$.proposal.streams[0].concentration_M,concentration_M,0.126
H-389F7B0,GPT-5.4,One-shot,Hydrogenolysis,$.proposal.streams[0].flow_rate_mL_min,flow_rate_mL_min,0.1
H-389F7B0,GPT-5.4,One-shot,Hydrogenolysis,$.proposal.streams[0].molar_equiv,molar_equiv,1.0
H-389F7B0,GPT-5.4,One-shot,Hydrogenolysis,$.proposal.streams[1].gas_flow_sccm,gas_flow_sccm,1.0
H-389F7B0,GPT-5.4,One-shot,Hydrogenolysis,$.proposal.streams[1].gas_flow_actual_mL_min,gas_flow_actual_mL_min,0.0613
H-389F7B0,GPT-5.4,One-shot,Hydrogenolysis,$.proposal.streams[1].molar_equiv,molar_equiv,2.95
H-389F7B0,GPT-5.4,One-shot,Hydrogenolysis,$.proposal.stage_parameters[0].parameters.calculated_concentration_M,calculated_concentration_M,0.126
H-389F7B0,GPT-5.4,One-shot,Hydrogenolysis,$.proposal.stage_parameters[1].parameters.liquid_flow_mL_min,liquid_flow_mL_min,0.1
H-389F7B0,GPT-5.4,One-shot,Hydrogenolysis,$.proposal.stage_parameters[1].parameters.H2_flow_sccm,H2_flow_sccm,1.0
H-389F7B0,GPT-5.4,One-shot,Hydrogenolysis,$.proposal.stage_parameters[2].parameters.temperature_C,temperature_C,60.0
H-389F7B0,GPT-5.4,One-shot,Hydrogenolysis,$.proposal.stage_parameters[2].parameters.BPR_setpoint_bar_absolute,BPR_setpoint_bar_absolute,21.0
H-389F7B0,GPT-5.4,One-shot,Hydrogenolysis,$.proposal.stage_parameters[2].parameters.estimated_liquid_contact_time_min,estimated_liquid_contact_time_min,12.0
H-389F7B0,GPT-5.4,One-shot,Hydrogenolysis,$.proposal.stage_parameters[3].parameters.STP_basis_molar_volume_mL_mol,STP_basis_molar_volume_mL_mol,22414.0
H-389F7B0,GPT-5.4,One-shot,Hydrogenolysis,$.proposal.stage_parameters[3].parameters.reactor_temperature_K,reactor_temperature_K,333.15
H-389F7B0,GPT-5.4,One-shot,Hydrogenolysis,$.proposal.stage_parameters[3].parameters.STP_temperature_K,STP_temperature_K,273.15
H-389F7B0,GPT-5.4,One-shot,Hydrogenolysis,$.proposal.stage_parameters[3].parameters.reactor_pressure_bar_absolute,reactor_pressure_bar_absolute,21.0
H-389F7B0,GPT-5.4,One-shot,Hydrogenolysis,$.proposal.stage_parameters[3].parameters.STP_pressure_bar,STP_pressure_bar,1.01325
H-389F7B0,GPT-5.4,One-shot,Hydrogenolysis,$.proposal.stage_parameters[3].parameters.H2_actual_flow_mL_min,H2_actual_flow_mL_min,0.0613
H-389F7B0,GPT-5.4,One-shot,Hydrogenolysis,$.proposal.stage_parameters[3].parameters.H2_molar_flow_mol_min,H2_molar_flow_mol_min,4.46e-05
H-389F7B0,GPT-5.4,One-shot,Hydrogenolysis,$.proposal.stage_parameters[3].parameters.DMAOL_molar_flow_mol_min,DMAOL_molar_flow_mol_min,1.26e-05
H-389F7B0,GPT-5.4,One-shot,Hydrogenolysis,$.proposal.stage_parameters[3].parameters.H2_equiv,H2_equiv,3.54
H-389F7B0,GPT-5.4,One-shot,Hydrogenolysis,$.proposal.stage_parameters[4].parameters.collection_pressure_bar,collection_pressure_bar,1.0
H-389F7B0,GPT-5.4,One-shot,Hydrogenolysis,$.raw_proposal.residence_time_min,residence_time_min,30.0
H-389F7B0,GPT-5.4,One-shot,Hydrogenolysis,$.raw_proposal.flow_rate_mL_min,flow_rate_mL_min,0.1
H-389F7B0,GPT-5.4,One-shot,Hydrogenolysis,$.raw_proposal.temperature_C,temperature_C,60.0
H-389F7B0,GPT-5.4,One-shot,Hydrogenolysis,$.raw_proposal.concentration_M,concentration_M,0.126
H-389F7B0,GPT-5.4,One-shot,Hydrogenolysis,$.raw_proposal.BPR_bar,BPR_bar,21.0
H-389F7B0,GPT-5.4,One-shot,Hydrogenolysis,$.raw_proposal.tubing_ID_mm,tubing_ID_mm,4.35
H-389F7B0,GPT-5.4,One-shot,Hydrogenolysis,$.raw_proposal.reactor_volume_mL,reactor_volume_mL,3.0
H-389F7B0,GPT-5.4,One-shot,Hydrogenolysis,$.raw_proposal.residence_time_inlet_min,residence_time_inlet_min,30.0
H-389F7B0,GPT-5.4,One-shot,Hydrogenolysis,$.raw_proposal.residence_time_in_channel_min,residence_time_in_channel_min,12.0
H-389F7B0,GPT-5.4,One-shot,Hydrogenolysis,$.raw_proposal.streams[0].flow_rate_mL_min,flow_rate_mL_min,0.1
H-389F7B0,GPT-5.4,One-shot,Hydrogenolysis,$.raw_proposal.streams[0].concentration_M,concentration_M,0.126
H-389F7B0,GPT-5.4,One-shot,Hydrogenolysis,$.raw_proposal.streams[0].molar_equiv,molar_equiv,1.0
H-389F7B0,GPT-5.4,One-shot,Hydrogenolysis,$.raw_proposal.streams[1].molar_equiv,molar_equiv,2.95
H-389F7B0,GPT-5.4,One-shot,Hydrogenolysis,$.raw_proposal.streams[1].gas_flow_sccm,gas_flow_sccm,1.0
H-389F7B0,GPT-5.4,One-shot,Hydrogenolysis,$.raw_proposal.streams[1].gas_flow_actual_mL_min,gas_flow_actual_mL_min,0.0613
H-389F7B0,GPT-5.4,One-shot,Hydrogenolysis,$.raw_proposal.stage_parameters[0].parameters.calculated_concentration_M,calculated_concentration_M,0.126
H-389F7B0,GPT-5.4,One-shot,Hydrogenolysis,$.raw_proposal.stage_parameters[1].parameters.liquid_flow_mL_min,liquid_flow_mL_min,0.1
H-389F7B0,GPT-5.4,One-shot,Hydrogenolysis,$.raw_proposal.stage_parameters[1].parameters.H2_flow_sccm,H2_flow_sccm,1.0
H-389F7B0,GPT-5.4,One-shot,Hydrogenolysis,$.raw_proposal.stage_parameters[2].parameters.temperature_C,temperature_C,60.0
H-389F7B0,GPT-5.4,One-shot,Hydrogenolysis,$.raw_proposal.stage_parameters[2].parameters.BPR_setpoint_bar_absolute,BPR_setpoint_bar_absolute,21.0
H-389F7B0,GPT-5.4,One-shot,Hydrogenolysis,$.raw_proposal.stage_parameters[2].parameters.estimated_liquid_contact_time_min,estimated_liquid_contact_time_min,12.0
H-389F7B0,GPT-5.4,One-shot,Hydrogenolysis,$.raw_proposal.stage_parameters[3].parameters.STP_basis_molar_volume_mL_mol,STP_basis_molar_volume_mL_mol,22414.0
H-389F7B0,GPT-5.4,One-shot,Hydrogenolysis,$.raw_proposal.stage_parameters[3].parameters.reactor_temperature_K,reactor_temperature_K,333.15
H-389F7B0,GPT-5.4,One-shot,Hydrogenolysis,$.raw_proposal.stage_parameters[3].parameters.STP_temperature_K,STP_temperature_K,273.15
H-389F7B0,GPT-5.4,One-shot,Hydrogenolysis,$.raw_proposal.stage_parameters[3].parameters.reactor_pressure_bar_absolute,reactor_pressure_bar_absolute,21.0
H-389F7B0,GPT-5.4,One-shot,Hydrogenolysis,$.raw_proposal.stage_parameters[3].parameters.STP_pressure_bar,STP_pressure_bar,1.01325
H-389F7B0,GPT-5.4,One-shot,Hydrogenolysis,$.raw_proposal.stage_parameters[3].parameters.H2_actual_flow_mL_min,H2_actual_flow_mL_min,0.0613
H-389F7B0,GPT-5.4,One-shot,Hydrogenolysis,$.raw_proposal.stage_parameters[3].parameters.H2_molar_flow_mol_min,H2_molar_flow_mol_min,4.46e-05
H-389F7B0,GPT-5.4,One-shot,Hydrogenolysis,$.raw_proposal.stage_parameters[3].parameters.DMAOL_molar_flow_mol_min,DMAOL_molar_flow_mol_min,1.26e-05
H-389F7B0,GPT-5.4,One-shot,Hydrogenolysis,$.raw_proposal.stage_parameters[3].parameters.H2_equiv,H2_equiv,3.54
H-389F7B0,GPT-5.4,One-shot,Hydrogenolysis,$.raw_proposal.stage_parameters[4].parameters.collection_pressure_bar,collection_pressure_bar,1.0
H-53840AF,GPT-5.4,One-shot,Two-stage amidation,$.proposal.residence_time_min,residence_time_min,27.43
H-53840AF,GPT-5.4,One-shot,Two-stage amidation,$.proposal.flow_rate_mL_min,flow_rate_mL_min,0.55
H-53840AF,GPT-5.4,One-shot,Two-stage amidation,$.proposal.temperature_C,temperature_C,80.0
H-53840AF,GPT-5.4,One-shot,Two-stage amidation,$.proposal.concentration_M,concentration_M,0.667
H-53840AF,GPT-5.4,One-shot,Two-stage amidation,$.proposal.BPR_bar,BPR_bar,0.0
H-53840AF,GPT-5.4,One-shot,Two-stage amidation,$.proposal.tubing_ID_mm,tubing_ID_mm,0.5
H-53840AF,GPT-5.4,One-shot,Two-stage amidation,$.proposal.reactor_volume_mL,reactor_volume_mL,15.04
H-53840AF,GPT-5.4,One-shot,Two-stage amidation,$.proposal.residence_time_inlet_min,residence_time_inlet_min,27.43
H-53840AF,GPT-5.4,One-shot,Two-stage amidation,$.proposal.residence_time_in_channel_min,residence_time_in_channel_min,27.43
H-53840AF,GPT-5.4,One-shot,Two-stage amidation,$.proposal.streams[0].concentration_M,concentration_M,0.667
H-53840AF,GPT-5.4,One-shot,Two-stage amidation,$.proposal.streams[0].flow_rate_mL_min,flow_rate_mL_min,0.15
H-53840AF,GPT-5.4,One-shot,Two-stage amidation,$.proposal.streams[0].gas_flow_sccm,gas_flow_sccm,0.0
H-53840AF,GPT-5.4,One-shot,Two-stage amidation,$.proposal.streams[0].gas_flow_actual_mL_min,gas_flow_actual_mL_min,0.0
H-53840AF,GPT-5.4,One-shot,Two-stage amidation,$.proposal.streams[0].molar_equiv,molar_equiv,1.0
H-53840AF,GPT-5.4,One-shot,Two-stage amidation,$.proposal.streams[1].concentration_M,concentration_M,0.004
H-53840AF,GPT-5.4,One-shot,Two-stage amidation,$.proposal.streams[1].flow_rate_mL_min,flow_rate_mL_min,0.25
H-53840AF,GPT-5.4,One-shot,Two-stage amidation,$.proposal.streams[1].gas_flow_sccm,gas_flow_sccm,0.0
H-53840AF,GPT-5.4,One-shot,Two-stage amidation,$.proposal.streams[1].gas_flow_actual_mL_min,gas_flow_actual_mL_min,0.0
H-53840AF,GPT-5.4,One-shot,Two-stage amidation,$.proposal.streams[1].molar_equiv,molar_equiv,0.01
H-53840AF,GPT-5.4,One-shot,Two-stage amidation,$.proposal.streams[2].concentration_M,concentration_M,0.8
H-53840AF,GPT-5.4,One-shot,Two-stage amidation,$.proposal.streams[2].flow_rate_mL_min,flow_rate_mL_min,0.15
H-53840AF,GPT-5.4,One-shot,Two-stage amidation,$.proposal.streams[2].gas_flow_sccm,gas_flow_sccm,0.0
H-53840AF,GPT-5.4,One-shot,Two-stage amidation,$.proposal.streams[2].gas_flow_actual_mL_min,gas_flow_actual_mL_min,0.0
H-53840AF,GPT-5.4,One-shot,Two-stage amidation,$.proposal.streams[2].molar_equiv,molar_equiv,1.0
H-53840AF,GPT-5.4,One-shot,Two-stage amidation,$.proposal.stage_parameters[0].reactor_volume_mL,reactor_volume_mL,1.96
H-53840AF,GPT-5.4,One-shot,Two-stage amidation,$.proposal.stage_parameters[0].temperature_C,temperature_C,70.0
H-53840AF,GPT-5.4,One-shot,Two-stage amidation,$.proposal.stage_parameters[0].cumulative_flow_mL_min,cumulative_flow_mL_min,0.4
H-53840AF,GPT-5.4,One-shot,Two-stage amidation,$.proposal.stage_parameters[0].residence_time_min,residence_time_min,4.9
H-53840AF,GPT-5.4,One-shot,Two-stage amidation,$.proposal.stage_parameters[1].reactor_volume_mL,reactor_volume_mL,13.08
H-53840AF,GPT-5.4,One-shot,Two-stage amidation,$.proposal.stage_parameters[1].temperature_C,temperature_C,80.0
H-53840AF,GPT-5.4,One-shot,Two-stage amidation,$.proposal.stage_parameters[1].cumulative_flow_mL_min,cumulative_flow_mL_min,0.55
H-53840AF,GPT-5.4,One-shot,Two-stage amidation,$.proposal.stage_parameters[1].residence_time_min,residence_time_min,22.53
H-53840AF,GPT-5.4,One-shot,Two-stage amidation,$.raw_proposal.residence_time_min,residence_time_min,27.43
H-53840AF,GPT-5.4,One-shot,Two-stage amidation,$.raw_proposal.flow_rate_mL_min,flow_rate_mL_min,0.55
H-53840AF,GPT-5.4,One-shot,Two-stage amidation,$.raw_proposal.BPR_bar,BPR_bar,0.0
H-53840AF,GPT-5.4,One-shot,Two-stage amidation,$.raw_proposal.tubing_ID_mm,tubing_ID_mm,0.5
H-53840AF,GPT-5.4,One-shot,Two-stage amidation,$.raw_proposal.streams[0].flow_rate_mL_min,flow_rate_mL_min,0.15
H-53840AF,GPT-5.4,One-shot,Two-stage amidation,$.raw_proposal.streams[0].concentration_M,concentration_M,0.667
H-53840AF,GPT-5.4,One-shot,Two-stage amidation,$.raw_proposal.streams[0].molar_equiv,molar_equiv,1.0
H-53840AF,GPT-5.4,One-shot,Two-stage amidation,$.raw_proposal.streams[0].gas_flow_sccm,gas_flow_sccm,0.0
H-53840AF,GPT-5.4,One-shot,Two-stage amidation,$.raw_proposal.streams[0].gas_flow_actual_mL_min,gas_flow_actual_mL_min,0.0
H-53840AF,GPT-5.4,One-shot,Two-stage amidation,$.raw_proposal.streams[1].flow_rate_mL_min,flow_rate_mL_min,0.25
H-53840AF,GPT-5.4,One-shot,Two-stage amidation,$.raw_proposal.streams[1].concentration_M,concentration_M,0.004
H-53840AF,GPT-5.4,One-shot,Two-stage amidation,$.raw_proposal.streams[1].molar_equiv,molar_equiv,0.01
H-53840AF,GPT-5.4,One-shot,Two-stage amidation,$.raw_proposal.streams[1].gas_flow_sccm,gas_flow_sccm,0.0
H-53840AF,GPT-5.4,One-shot,Two-stage amidation,$.raw_proposal.streams[1].gas_flow_actual_mL_min,gas_flow_actual_mL_min,0.0
H-53840AF,GPT-5.4,One-shot,Two-stage amidation,$.raw_proposal.streams[2].flow_rate_mL_min,flow_rate_mL_min,0.15
H-53840AF,GPT-5.4,One-shot,Two-stage amidation,$.raw_proposal.streams[2].concentration_M,concentration_M,0.8
H-53840AF,GPT-5.4,One-shot,Two-stage amidation,$.raw_proposal.streams[2].molar_equiv,molar_equiv,1.0
H-53840AF,GPT-5.4,One-shot,Two-stage amidation,$.raw_proposal.streams[2].gas_flow_sccm,gas_flow_sccm,0.0
H-53840AF,GPT-5.4,One-shot,Two-stage amidation,$.raw_proposal.streams[2].gas_flow_actual_mL_min,gas_flow_actual_mL_min,0.0
H-53840AF,GPT-5.4,One-shot,Two-stage amidation,$.raw_proposal.stage_parameters[0].reactor_volume_mL,reactor_volume_mL,1.96
H-53840AF,GPT-5.4,One-shot,Two-stage amidation,$.raw_proposal.stage_parameters[0].temperature_C,temperature_C,70.0
H-53840AF,GPT-5.4,One-shot,Two-stage amidation,$.raw_proposal.stage_parameters[0].cumulative_flow_mL_min,cumulative_flow_mL_min,0.4
H-53840AF,GPT-5.4,One-shot,Two-stage amidation,$.raw_proposal.stage_parameters[0].residence_time_min,residence_time_min,4.9
H-53840AF,GPT-5.4,One-shot,Two-stage amidation,$.raw_proposal.stage_parameters[1].reactor_volume_mL,reactor_volume_mL,13.08
H-53840AF,GPT-5.4,One-shot,Two-stage amidation,$.raw_proposal.stage_parameters[1].temperature_C,temperature_C,80.0
H-53840AF,GPT-5.4,One-shot,Two-stage amidation,$.raw_proposal.stage_parameters[1].cumulative_flow_mL_min,cumulative_flow_mL_min,0.55
H-53840AF,GPT-5.4,One-shot,Two-stage amidation,$.raw_proposal.stage_parameters[1].residence_time_min,residence_time_min,22.53
H-1B0875F,GPT-5.4,FlowPilot,CuAAC,$.proposal.residence_time_min,residence_time_min,2.800075
H-1B0875F,GPT-5.4,FlowPilot,CuAAC,$.proposal.flow_rate_mL_min,flow_rate_mL_min,0.10714
H-1B0875F,GPT-5.4,FlowPilot,CuAAC,$.proposal.temperature_C,temperature_C,150.0
H-1B0875F,GPT-5.4,FlowPilot,CuAAC,$.proposal.concentration_M,concentration_M,0.25
H-1B0875F,GPT-5.4,FlowPilot,CuAAC,$.proposal.BPR_bar,BPR_bar,20.0
H-1B0875F,GPT-5.4,FlowPilot,CuAAC,$.proposal.tubing_ID_mm,tubing_ID_mm,4.0
H-1B0875F,GPT-5.4,FlowPilot,CuAAC,$.proposal.reactor_volume_mL,reactor_volume_mL,0.3
H-1B0875F,GPT-5.4,FlowPilot,CuAAC,$.proposal.residence_time_inlet_min,residence_time_inlet_min,2.800075
H-1B0875F,GPT-5.4,FlowPilot,CuAAC,$.proposal.residence_time_in_channel_min,residence_time_in_channel_min,2.800075
H-1B0875F,GPT-5.4,FlowPilot,CuAAC,$.proposal.streams[0].concentration_M,concentration_M,0.25
H-1B0875F,GPT-5.4,FlowPilot,CuAAC,$.proposal.streams[0].flow_rate_mL_min,flow_rate_mL_min,0.10714
H-1B0875F,GPT-5.4,FlowPilot,CuAAC,$.proposal.streams[0].molar_equiv,molar_equiv,1.1
H-1B0875F,GPT-5.4,FlowPilot,CuAAC,$.proposal.heat_transfer_metrics.surface_to_volume_m_inv,surface_to_volume_m_inv,1000.0
H-1B0875F,GPT-5.4,FlowPilot,CuAAC,$.proposal.heat_transfer_metrics.UA_W_K,UA_W_K,0.090101
H-1B0875F,GPT-5.4,FlowPilot,CuAAC,$.proposal.heat_transfer_metrics.thermal_damkohler,thermal_damkohler,0.111515
H-1B0875F,GPT-5.4,FlowPilot,CuAAC,$.proposal.inventory_selection.volume_mL,volume_mL,0.3
H-1B0875F,GPT-5.4,FlowPilot,CuAAC,$.proposal.inventory_constraints.selected_reactor.volume_mL,volume_mL,0.3
H-1B0875F,GPT-5.4,FlowPilot,CuAAC,$.proposal.inventory_constraints.selected_pump.max_pressure_bar,max_pressure_bar,40.0
H-1B0875F,GPT-5.4,FlowPilot,CuAAC,$.proposal.inventory_constraints.selected_pump.max_flow_rate_mL_min,max_flow_rate_mL_min,3.0
H-1B0875F,GPT-5.4,FlowPilot,CuAAC,$.proposal.inventory_constraints.selected_pump.min_flow_rate_mL_min,min_flow_rate_mL_min,0.1
H-1B0875F,GPT-5.4,FlowPilot,CuAAC,$.proposal.inventory_constraints.flow_recalculation.requested_residence_time_min,requested_residence_time_min,2.8
H-1B0875F,GPT-5.4,FlowPilot,CuAAC,$.proposal.inventory_constraints.flow_recalculation.pump_min_flow_rate_mL_min,pump_min_flow_rate_mL_min,0.1
H-1B0875F,GPT-5.4,FlowPilot,CuAAC,$.proposal.inventory_constraints.flow_recalculation.pump_max_flow_rate_mL_min,pump_max_flow_rate_mL_min,3.0
H-1B0875F,GPT-5.4,FlowPilot,CuAAC,$.proposal.inventory_constraints.flow_recalculation.liquid_flow_rate_mL_min,liquid_flow_rate_mL_min,0.10714
H-1B0875F,GPT-5.4,FlowPilot,CuAAC,$.proposal.inventory_constraints.final_validation.design_realization.decisions[0].selected_BPR_bar,selected_BPR_bar,20.0
H-1B0875F,GPT-5.4,FlowPilot,CuAAC,$.proposal.inventory_constraints.final_validation.design_realization.decisions[1].total_reactive_liquid_flow_mL_min,total_reactive_liquid_flow_mL_min,0.10714
H-1B0875F,GPT-5.4,FlowPilot,CuAAC,$.proposal.inventory_constraints.final_validation.design_realization.decisions[2].volume_mL,volume_mL,0.3
H-1B0875F,GPT-5.4,FlowPilot,CuAAC,$.proposal.inventory_constraints.final_validation.design_realization.decisions[3].volume_mL,volume_mL,0.3
H-1B0875F,GPT-5.4,FlowPilot,CuAAC,$.proposal.inventory_constraints.final_validation.design_realization.decisions[3].liquid_flow_mL_min,liquid_flow_mL_min,0.10714
H-1B0875F,GPT-5.4,FlowPilot,CuAAC,$.proposal.inventory_constraints.final_validation.design_realization.feed_assignments[0].flow_rate_mL_min,flow_rate_mL_min,0.10714
H-1B0875F,GPT-5.4,FlowPilot,CuAAC,$.proposal.inventory_constraints.final_validation.design_realization.feed_assignments[0].concentration_M,concentration_M,0.25
H-1B0875F,GPT-5.4,FlowPilot,CuAAC,$.proposal.inventory_constraints.final_validation.design_realization.feed_assignments[0].molar_equiv,molar_equiv,1.1
H-1B0875F,GPT-5.4,FlowPilot,CuAAC,$.proposal.inventory_constraints.design_realization.decisions[0].selected_BPR_bar,selected_BPR_bar,20.0
H-1B0875F,GPT-5.4,FlowPilot,CuAAC,$.proposal.inventory_constraints.design_realization.decisions[1].total_reactive_liquid_flow_mL_min,total_reactive_liquid_flow_mL_min,0.10714
H-1B0875F,GPT-5.4,FlowPilot,CuAAC,$.proposal.inventory_constraints.design_realization.decisions[2].volume_mL,volume_mL,0.3
H-1B0875F,GPT-5.4,FlowPilot,CuAAC,$.proposal.inventory_constraints.design_realization.decisions[3].volume_mL,volume_mL,0.3
H-1B0875F,GPT-5.4,FlowPilot,CuAAC,$.proposal.inventory_constraints.design_realization.decisions[3].liquid_flow_mL_min,liquid_flow_mL_min,0.10714
H-1B0875F,GPT-5.4,FlowPilot,CuAAC,$.proposal.inventory_constraints.design_realization.feed_assignments[0].flow_rate_mL_min,flow_rate_mL_min,0.10714
H-1B0875F,GPT-5.4,FlowPilot,CuAAC,$.proposal.inventory_constraints.design_realization.feed_assignments[0].concentration_M,concentration_M,0.25
H-1B0875F,GPT-5.4,FlowPilot,CuAAC,$.proposal.inventory_constraints.design_realization.feed_assignments[0].molar_equiv,molar_equiv,1.1
H-1B0875F,GPT-5.4,FlowPilot,CuAAC,$.chemistry_plan.stream_logic[0].molar_equiv,molar_equiv,1.0
H-1B0875F,GPT-5.4,FlowPilot,CuAAC,$.chemistry_plan.stream_logic[0].concentration_M,concentration_M,0.25
H-1B0875F,GPT-5.4,FlowPilot,CuAAC,$.design_calculations.steps[1].values.k_flow,k_flow,0.01674604380692205
H-1B0875F,GPT-5.4,FlowPilot,CuAAC,$.design_calculations.steps[6].values.UA_W_K,UA_W_K,0.090101
H-1B0875F,GPT-5.4,FlowPilot,CuAAC,$.design_calculations.steps[7].values.bpr_bar,bpr_bar,11.8
H-1B0875F,GPT-5.4,FlowPilot,CuAAC,$.design_calculations.steps[7].values.gas_pressure_abs_bar,gas_pressure_abs_bar,1.01325
H-1B0875F,GPT-5.4,FlowPilot,CuAAC,$.design_calculations.steps[7].values.gas_flow_sccm,gas_flow_sccm,0.0
H-1B0875F,GPT-5.4,FlowPilot,CuAAC,$.design_calculations.steps[8].values.productivity_mmol_h,productivity_mmol_h,1.510674
H-1B0875F,GPT-5.4,FlowPilot,CuAAC,$.design_calculations.steps[8].values.n_molar_flow_mmol_min,n_molar_flow_mmol_min,0.0268
H-1B0875F,GPT-5.4,FlowPilot,CuAAC,$.design_calculations.steps[8].values.P_flow_mmol_h,P_flow_mmol_h,1.511
H-1B0875F,GPT-5.4,FlowPilot,CuAAC,$.design_calculations.steps[8].values.startup_waste_mL,startup_waste_mL,0.9
H-1B0875F,GPT-5.4,FlowPilot,CuAAC,$.design_calculations.steps[8].values.liquid_flow_rate_mL_min,liquid_flow_rate_mL_min,0.10714
H-1B0875F,GPT-5.4,FlowPilot,CuAAC,$.design_calculations.steps[8].values.gas_flow_sccm,gas_flow_sccm,0.0
H-1B0875F,GPT-5.4,FlowPilot,CuAAC,$.design_calculations.steps[8].values.liquid_holdup_volume_mL,liquid_holdup_volume_mL,0.0
H-1B0875F,GPT-5.4,FlowPilot,CuAAC,$.design_calculations.steps[8].values.total_reactor_volume_mL,total_reactor_volume_mL,0.3
H-1B0875F,GPT-5.4,FlowPilot,CuAAC,$.design_calculations.temperature_C,temperature_C,150.0
H-1B0875F,GPT-5.4,FlowPilot,CuAAC,$.design_calculations.temperature_K,temperature_K,423.15
H-1B0875F,GPT-5.4,FlowPilot,CuAAC,$.design_calculations.concentration_M,concentration_M,0.25
H-1B0875F,GPT-5.4,FlowPilot,CuAAC,$.design_calculations.residence_time_s,residence_time_s,168.0045
H-1B0875F,GPT-5.4,FlowPilot,CuAAC,$.design_calculations.residence_time_min,residence_time_min,2.800075
H-1B0875F,GPT-5.4,FlowPilot,CuAAC,$.design_calculations.residence_time_inlet_min,residence_time_inlet_min,2.800075
H-1B0875F,GPT-5.4,FlowPilot,CuAAC,$.design_calculations.residence_time_in_channel_min,residence_time_in_channel_min,2.800075
H-1B0875F,GPT-5.4,FlowPilot,CuAAC,$.design_calculations.flow_rate_mL_min,flow_rate_mL_min,0.10714
H-1B0875F,GPT-5.4,FlowPilot,CuAAC,$.design_calculations.flow_rate_m3_s,flow_rate_m3_s,1.7856666666666666e-09
H-1B0875F,GPT-5.4,FlowPilot,CuAAC,$.design_calculations.reactor_volume_mL,reactor_volume_mL,0.3
H-1B0875F,GPT-5.4,FlowPilot,CuAAC,$.design_calculations.reactor_volume_m3,reactor_volume_m3,3.000000355e-07
H-1B0875F,GPT-5.4,FlowPilot,CuAAC,$.design_calculations.tubing_ID_mm,tubing_ID_mm,4.0
H-1B0875F,GPT-5.4,FlowPilot,CuAAC,$.design_calculations.tubing_ID_m,tubing_ID_m,0.004
H-1B0875F,GPT-5.4,FlowPilot,CuAAC,$.design_calculations.reynolds_number,reynolds_number,1.44
H-1B0875F,GPT-5.4,FlowPilot,CuAAC,$.design_calculations.pressure_drop_bar,pressure_drop_bar,0.0
H-1B0875F,GPT-5.4,FlowPilot,CuAAC,$.design_calculations.liquid_flow_rate_mL_min,liquid_flow_rate_mL_min,0.10714
H-1B0875F,GPT-5.4,FlowPilot,CuAAC,$.design_calculations.gas_flow_sccm,gas_flow_sccm,0.0
H-1B0875F,GPT-5.4,FlowPilot,CuAAC,$.design_calculations.gas_flow_actual_mL_min,gas_flow_actual_mL_min,0.0
H-1B0875F,GPT-5.4,FlowPilot,CuAAC,$.design_calculations.gas_pressure_abs_bar,gas_pressure_abs_bar,1.01325
H-1B0875F,GPT-5.4,FlowPilot,CuAAC,$.design_calculations.liquid_holdup_volume_mL,liquid_holdup_volume_mL,0.0
H-1B0875F,GPT-5.4,FlowPilot,CuAAC,$.design_calculations.two_phase_pressure_drop_bar,two_phase_pressure_drop_bar,0.0
H-1B0875F,GPT-5.4,FlowPilot,CuAAC,$.design_calculations.target_gas_equiv_inlet,target_gas_equiv_inlet,0.0
H-1B0875F,GPT-5.4,FlowPilot,CuAAC,$.design_calculations.explicit_gas_equiv_inlet,explicit_gas_equiv_inlet,0.0
H-1B0875F,GPT-5.4,FlowPilot,CuAAC,$.design_calculations.o2_equiv_supplied,o2_equiv_supplied,0.0
H-1B0875F,GPT-5.4,FlowPilot,CuAAC,$.design_calculations.gas_equiv_supplied,gas_equiv_supplied,0.0
H-1B0875F,GPT-5.4,FlowPilot,CuAAC,$.design_calculations.damkohler_mass,damkohler_mass,267.9367
H-1B0875F,GPT-5.4,FlowPilot,CuAAC,$.design_calculations.thermal_damkohler,thermal_damkohler,0.111515
H-1B0875F,GPT-5.4,FlowPilot,CuAAC,$.design_calculations.surface_to_volume,surface_to_volume,1000.0
H-1B0875F,GPT-5.4,FlowPilot,CuAAC,$.design_calculations.UA_W_K,UA_W_K,0.090101
H-1B0875F,GPT-5.4,FlowPilot,CuAAC,$.design_calculations.bpr_pressure_bar,bpr_pressure_bar,20.0
H-1B0875F,GPT-5.4,FlowPilot,CuAAC,$.design_calculations.vapor_pressure_bar,vapor_pressure_bar,11.3073
H-1B0875F,GPT-5.4,FlowPilot,CuAAC,$.design_calculations.productivity_mmol_h,productivity_mmol_h,1.511
H-1B0875F,GPT-5.4,FlowPilot,CuAAC,$.design_calculations.n_molar_flow_mmol_min,n_molar_flow_mmol_min,0.0268
H-1B0875F,GPT-5.4,FlowPilot,CuAAC,$.design_calculations.P_flow_mmol_h,P_flow_mmol_h,1.511
H-1B0875F,GPT-5.4,FlowPilot,CuAAC,$.design_calculations.startup_waste_mL,startup_waste_mL,0.9
H-1B0875F,GPT-5.4,FlowPilot,CuAAC,$.design_calculations.topology_total_reactor_volume_mL,topology_total_reactor_volume_mL,0.3
H-1B0875F,GPT-5.4,FlowPilot,CuAAC,$.inventory_enforcement.first_pass.old.reactor_volume_mL,reactor_volume_mL,7.9523
H-1B0875F,GPT-5.4,FlowPilot,CuAAC,$.inventory_enforcement.first_pass.old.tubing_ID_mm,tubing_ID_mm,0.75
H-1B0875F,GPT-5.4,FlowPilot,CuAAC,$.inventory_enforcement.first_pass.old.flow_rate_mL_min,flow_rate_mL_min,2.8401
H-1B0875F,GPT-5.4,FlowPilot,CuAAC,$.inventory_enforcement.first_pass.old.BPR_bar,BPR_bar,12.1
H-1B0875F,GPT-5.4,FlowPilot,CuAAC,$.inventory_enforcement.first_pass.old.temperature_C,temperature_C,150.0
H-1B0875F,GPT-5.4,FlowPilot,CuAAC,$.inventory_enforcement.first_pass.old.concentration_M,concentration_M,0.25
H-1B0875F,GPT-5.4,FlowPilot,CuAAC,$.inventory_enforcement.first_pass.new.reactor_volume_mL,reactor_volume_mL,0.3
H-1B0875F,GPT-5.4,FlowPilot,CuAAC,$.inventory_enforcement.first_pass.new.tubing_ID_mm,tubing_ID_mm,4.0
H-1B0875F,GPT-5.4,FlowPilot,CuAAC,$.inventory_enforcement.first_pass.new.flow_rate_mL_min,flow_rate_mL_min,0.10714
H-1B0875F,GPT-5.4,FlowPilot,CuAAC,$.inventory_enforcement.first_pass.new.BPR_bar,BPR_bar,20.0
H-1B0875F,GPT-5.4,FlowPilot,CuAAC,$.inventory_enforcement.first_pass.new.temperature_C,temperature_C,150.0
H-1B0875F,GPT-5.4,FlowPilot,CuAAC,$.inventory_enforcement.first_pass.new.concentration_M,concentration_M,0.25
H-1B0875F,GPT-5.4,FlowPilot,CuAAC,$.inventory_enforcement.first_pass.selected_reactor.volume_mL,volume_mL,0.3
H-1B0875F,GPT-5.4,FlowPilot,CuAAC,$.inventory_enforcement.final_pass.old.reactor_volume_mL,reactor_volume_mL,0.3
H-1B0875F,GPT-5.4,FlowPilot,CuAAC,$.inventory_enforcement.final_pass.old.tubing_ID_mm,tubing_ID_mm,4.0
H-1B0875F,GPT-5.4,FlowPilot,CuAAC,$.inventory_enforcement.final_pass.old.flow_rate_mL_min,flow_rate_mL_min,0.10714
H-1B0875F,GPT-5.4,FlowPilot,CuAAC,$.inventory_enforcement.final_pass.old.BPR_bar,BPR_bar,11.8
H-1B0875F,GPT-5.4,FlowPilot,CuAAC,$.inventory_enforcement.final_pass.old.temperature_C,temperature_C,150.0
H-1B0875F,GPT-5.4,FlowPilot,CuAAC,$.inventory_enforcement.final_pass.old.concentration_M,concentration_M,0.25
H-1B0875F,GPT-5.4,FlowPilot,CuAAC,$.inventory_enforcement.final_pass.new.reactor_volume_mL,reactor_volume_mL,0.3
H-1B0875F,GPT-5.4,FlowPilot,CuAAC,$.inventory_enforcement.final_pass.new.tubing_ID_mm,tubing_ID_mm,4.0
H-1B0875F,GPT-5.4,FlowPilot,CuAAC,$.inventory_enforcement.final_pass.new.flow_rate_mL_min,flow_rate_mL_min,0.10714
H-1B0875F,GPT-5.4,FlowPilot,CuAAC,$.inventory_enforcement.final_pass.new.BPR_bar,BPR_bar,20.0
H-1B0875F,GPT-5.4,FlowPilot,CuAAC,$.inventory_enforcement.final_pass.new.temperature_C,temperature_C,150.0
H-1B0875F,GPT-5.4,FlowPilot,CuAAC,$.inventory_enforcement.final_pass.new.concentration_M,concentration_M,0.25
H-1B0875F,GPT-5.4,FlowPilot,CuAAC,$.inventory_enforcement.final_pass.selected_reactor.volume_mL,volume_mL,0.3
H-1B0875F,GPT-5.4,FlowPilot,CuAAC,$.final_validation.design_realization.decisions[0].selected_BPR_bar,selected_BPR_bar,20.0
H-1B0875F,GPT-5.4,FlowPilot,CuAAC,$.final_validation.design_realization.decisions[1].total_reactive_liquid_flow_mL_min,total_reactive_liquid_flow_mL_min,0.10714
H-1B0875F,GPT-5.4,FlowPilot,CuAAC,$.final_validation.design_realization.decisions[2].volume_mL,volume_mL,0.3
H-1B0875F,GPT-5.4,FlowPilot,CuAAC,$.final_validation.design_realization.decisions[3].volume_mL,volume_mL,0.3
H-1B0875F,GPT-5.4,FlowPilot,CuAAC,$.final_validation.design_realization.decisions[3].liquid_flow_mL_min,liquid_flow_mL_min,0.10714
H-1B0875F,GPT-5.4,FlowPilot,CuAAC,$.final_validation.design_realization.feed_assignments[0].flow_rate_mL_min,flow_rate_mL_min,0.10714
H-1B0875F,GPT-5.4,FlowPilot,CuAAC,$.final_validation.design_realization.feed_assignments[0].concentration_M,concentration_M,0.25
H-1B0875F,GPT-5.4,FlowPilot,CuAAC,$.final_validation.design_realization.feed_assignments[0].molar_equiv,molar_equiv,1.1
H-1B0875F,GPT-5.4,FlowPilot,CuAAC,$.design_realization.decisions[0].selected_BPR_bar,selected_BPR_bar,20.0
H-1B0875F,GPT-5.4,FlowPilot,CuAAC,$.design_realization.decisions[1].total_reactive_liquid_flow_mL_min,total_reactive_liquid_flow_mL_min,0.10714
H-1B0875F,GPT-5.4,FlowPilot,CuAAC,$.design_realization.decisions[2].volume_mL,volume_mL,0.3
H-1B0875F,GPT-5.4,FlowPilot,CuAAC,$.design_realization.decisions[3].volume_mL,volume_mL,0.3
H-1B0875F,GPT-5.4,FlowPilot,CuAAC,$.design_realization.decisions[3].liquid_flow_mL_min,liquid_flow_mL_min,0.10714
H-1B0875F,GPT-5.4,FlowPilot,CuAAC,$.design_realization.feed_assignments[0].flow_rate_mL_min,flow_rate_mL_min,0.10714
H-1B0875F,GPT-5.4,FlowPilot,CuAAC,$.design_realization.feed_assignments[0].concentration_M,concentration_M,0.25
H-1B0875F,GPT-5.4,FlowPilot,CuAAC,$.design_realization.feed_assignments[0].molar_equiv,molar_equiv,1.1
H-1B0875F,GPT-5.4,FlowPilot,CuAAC,$.process_requirements_topology.unit_operations[0].parameters.flow_rate_mL_min,flow_rate_mL_min,0.10714
H-1B0875F,GPT-5.4,FlowPilot,CuAAC,$.process_requirements_topology.unit_operations[2].parameters.volume_mL,volume_mL,0.3
H-1B0875F,GPT-5.4,FlowPilot,CuAAC,$.process_requirements_topology.unit_operations[2].parameters.temperature_C,temperature_C,150.0
H-1B0875F,GPT-5.4,FlowPilot,CuAAC,$.process_requirements_topology.unit_operations[2].parameters.residence_time_min,residence_time_min,2.800075
H-1B0875F,GPT-5.4,FlowPilot,CuAAC,$.process_requirements_topology.unit_operations[3].parameters.temperature_C,temperature_C,150.0
H-1B0875F,GPT-5.4,FlowPilot,CuAAC,$.process_requirements_topology.unit_operations[4].parameters.pressure_bar,pressure_bar,20.0
H-1B0875F,GPT-5.4,FlowPilot,CuAAC,$.process_requirements_topology.total_flow_rate_mL_min,total_flow_rate_mL_min,0.1071
H-1B0875F,GPT-5.4,FlowPilot,CuAAC,$.process_requirements_topology.residence_time_min,residence_time_min,2.800075
H-1B0875F,GPT-5.4,FlowPilot,CuAAC,$.process_requirements_topology.reactor_volume_mL,reactor_volume_mL,0.3
H-1B0875F,GPT-5.4,FlowPilot,CuAAC,$.inventory_allocation.assignments[0].settings.flow_rate_mL_min,flow_rate_mL_min,0.10714
H-1B0875F,GPT-5.4,FlowPilot,CuAAC,$.inventory_allocation.assignments[1].settings.volume_mL,volume_mL,0.3
H-1B0875F,GPT-5.4,FlowPilot,CuAAC,$.inventory_allocation.assignments[1].settings.temperature_C,temperature_C,150.0
H-1B0875F,GPT-5.4,FlowPilot,CuAAC,$.inventory_allocation.assignments[2].settings.temperature_C,temperature_C,150.0
H-1B0875F,GPT-5.4,FlowPilot,CuAAC,$.inventory_allocation.assignments[3].settings.pressure_bar,pressure_bar,20.0
H-1B0875F,GPT-5.4,FlowPilot,CuAAC,$.inventory_allocation.instrument_manifest[0].settings[0].flow_rate_mL_min,flow_rate_mL_min,0.10714
H-1B0875F,GPT-5.4,FlowPilot,CuAAC,$.inventory_allocation.instrument_manifest[1].settings[0].volume_mL,volume_mL,0.3
H-1B0875F,GPT-5.4,FlowPilot,CuAAC,$.inventory_allocation.instrument_manifest[1].settings[0].temperature_C,temperature_C,150.0
H-1B0875F,GPT-5.4,FlowPilot,CuAAC,$.inventory_allocation.instrument_manifest[2].settings[0].temperature_C,temperature_C,150.0
H-1B0875F,GPT-5.4,FlowPilot,CuAAC,$.inventory_allocation.instrument_manifest[3].settings[0].pressure_bar,pressure_bar,20.0
H-1B0875F,GPT-5.4,FlowPilot,CuAAC,$.instrument_manifest[0].settings[0].flow_rate_mL_min,flow_rate_mL_min,0.10714
H-1B0875F,GPT-5.4,FlowPilot,CuAAC,$.instrument_manifest[1].settings[0].volume_mL,volume_mL,0.3
H-1B0875F,GPT-5.4,FlowPilot,CuAAC,$.instrument_manifest[1].settings[0].temperature_C,temperature_C,150.0
H-1B0875F,GPT-5.4,FlowPilot,CuAAC,$.instrument_manifest[2].settings[0].temperature_C,temperature_C,150.0
H-1B0875F,GPT-5.4,FlowPilot,CuAAC,$.instrument_manifest[3].settings[0].pressure_bar,pressure_bar,20.0
H-1B0875F,GPT-5.4,FlowPilot,CuAAC,$._analogies[0].full_record.chemistry.additives[0].equiv,equiv,1
H-1B0875F,GPT-5.4,FlowPilot,CuAAC,$._analogies[0].full_record.batch_baseline.temperature_C,temperature_C,80
H-1B0875F,GPT-5.4,FlowPilot,CuAAC,$._analogies[0].full_record.flow_optimized.temperature_C,temperature_C,120
H-1B0875F,GPT-5.4,FlowPilot,CuAAC,$._analogies[0].full_record.flow_optimized.residence_time_min,residence_time_min,30
H-1B0875F,GPT-5.4,FlowPilot,CuAAC,$._analogies[0].full_record.flow_optimized.flow_rate_total_mL_min,flow_rate_total_mL_min,0.67
H-1B0875F,GPT-5.4,FlowPilot,CuAAC,$._analogies[0].full_record.flow_optimized.concentration_M,concentration_M,0.45
H-1B0875F,GPT-5.4,FlowPilot,CuAAC,$._analogies[0].full_record.flow_optimized.back_pressure_bar,back_pressure_bar,8
H-1B0875F,GPT-5.4,FlowPilot,CuAAC,$._analogies[0].full_record.flow_optimized.throughput_mmol_h,throughput_mmol_h,8.4
H-1B0875F,GPT-5.4,FlowPilot,CuAAC,$._analogies[0].full_record.reactor.volume_mL,volume_mL,20
H-1B0875F,GPT-5.4,FlowPilot,CuAAC,$._analogies[0].full_record.reactor.tubing_diameter_mm,tubing_diameter_mm,1
H-1B0875F,GPT-5.4,FlowPilot,CuAAC,$._analogies[0].full_record.field_confidence.flow_optimized,flow_optimized,2
H-1B0875F,GPT-5.4,FlowPilot,CuAAC,$._analogies[1].full_record.batch_baseline.temperature_C,temperature_C,120
H-1B0875F,GPT-5.4,FlowPilot,CuAAC,$._analogies[1].full_record.batch_baseline.reaction_time_min,reaction_time_min,60
H-1B0875F,GPT-5.4,FlowPilot,CuAAC,$._analogies[1].full_record.batch_baseline.concentration_M,concentration_M,1
H-1B0875F,GPT-5.4,FlowPilot,CuAAC,$._analogies[1].full_record.flow_optimized.temperature_C,temperature_C,120
H-1B0875F,GPT-5.4,FlowPilot,CuAAC,$._analogies[1].full_record.flow_optimized.flow_rate_total_mL_min,flow_rate_total_mL_min,0.91
H-1B0875F,GPT-5.4,FlowPilot,CuAAC,$._analogies[1].full_record.flow_optimized.flow_rate_stream_A_mL_min,flow_rate_stream_A_mL_min,0.72
H-1B0875F,GPT-5.4,FlowPilot,CuAAC,$._analogies[1].full_record.flow_optimized.flow_rate_stream_B_mL_min,flow_rate_stream_B_mL_min,0.19
H-1B0875F,GPT-5.4,FlowPilot,CuAAC,$._analogies[1].full_record.flow_optimized.concentration_M,concentration_M,1
H-1B0875F,GPT-5.4,FlowPilot,CuAAC,$._analogies[1].full_record.flow_optimized.throughput_mmol_h,throughput_mmol_h,30
H-1B0875F,GPT-5.4,FlowPilot,CuAAC,$._analogies[1].full_record.reactor.volume_mL,volume_mL,7.85
H-1B0875F,GPT-5.4,FlowPilot,CuAAC,$._analogies[1].full_record.field_confidence.flow_rate_total_mL_min,flow_rate_total_mL_min,3
H-1B0875F,GPT-5.4,FlowPilot,CuAAC,$._analogies[1].full_record.field_confidence.back_pressure_bar,back_pressure_bar,3
H-1B0875F,GPT-5.4,FlowPilot,CuAAC,$._analogies[1].full_record.field_confidence.temperature_C,temperature_C,3
H-1B0875F,GPT-5.4,FlowPilot,CuAAC,$._analogies[1].full_record.field_confidence.reaction_time_min,reaction_time_min,2
H-1B0875F,GPT-5.4,FlowPilot,CuAAC,$._analogies[1].full_record.field_confidence.concentration_M,concentration_M,3
H-1B0875F,GPT-5.4,FlowPilot,CuAAC,$._analogies[2].full_record.chemistry.additives[0].equiv,equiv,1.1
H-1B0875F,GPT-5.4,FlowPilot,CuAAC,$._analogies[2].full_record.chemistry.additives[1].equiv,equiv,1.1
H-1B0875F,GPT-5.4,FlowPilot,CuAAC,$._analogies[2].full_record.chemistry.additives[2].equiv,equiv,0.7
H-1B0875F,GPT-5.4,FlowPilot,CuAAC,$._analogies[2].full_record.chemistry.base.equiv,equiv,0.7
H-1B0875F,GPT-5.4,FlowPilot,CuAAC,$._analogies[2].full_record.chemistry.oxidant.equiv,equiv,1.1
H-1B0875F,GPT-5.4,FlowPilot,CuAAC,$._analogies[2].full_record.batch_baseline.temperature_C,temperature_C,20
H-1B0875F,GPT-5.4,FlowPilot,CuAAC,$._analogies[2].full_record.batch_baseline.reaction_time_min,reaction_time_min,5
H-1B0875F,GPT-5.4,FlowPilot,CuAAC,$._analogies[2].full_record.flow_optimized.temperature_C,temperature_C,60
H-1B0875F,GPT-5.4,FlowPilot,CuAAC,$._analogies[2].full_record.flow_optimized.residence_time_min,residence_time_min,20
H-1B0875F,GPT-5.4,FlowPilot,CuAAC,$._analogies[2].full_record.flow_optimized.flow_rate_total_mL_min,flow_rate_total_mL_min,0.165
H-1B0875F,GPT-5.4,FlowPilot,CuAAC,$._analogies[2].full_record.field_confidence.residence_time_min,residence_time_min,3
H-1B0875F,GPT-5.4,FlowPilot,CuAAC,$._analogies[2].full_record.field_confidence.temperature_C,temperature_C,3
H-1B0875F,GPT-5.4,FlowPilot,CuAAC,$._analogies[2].full_record.field_confidence.back_pressure_bar,back_pressure_bar,1
H-1B0875F,GPT-5.4,FlowPilot,CuAAC,$.deliberation_log.rounds[0][3].tool_calls[0].result.batch_time_min,batch_time_min,3.0
H-1B0875F,GPT-5.4,FlowPilot,CuAAC,$.deliberation_log.rounds[0][4].tool_calls[0].input.flow_rate_mL_min,flow_rate_mL_min,2.84006
H-1B0875F,GPT-5.4,FlowPilot,CuAAC,$.deliberation_log.rounds[0][4].tool_calls[0].input.tubing_ID_mm,tubing_ID_mm,0.75
H-1B0875F,GPT-5.4,FlowPilot,CuAAC,$.deliberation_log.rounds[0][4].tool_calls[0].input.temperature_C,temperature_C,150
H-1B0875F,GPT-5.4,FlowPilot,CuAAC,$.deliberation_log.rounds[0][4].tool_calls[1].input.tubing_ID_mm,tubing_ID_mm,0.75
H-1B0875F,GPT-5.4,FlowPilot,CuAAC,$.deliberation_log.rounds[0][4].tool_calls[1].input.residence_time_min,residence_time_min,2.8
H-1B0875F,GPT-5.4,FlowPilot,CuAAC,$.deliberation_log.rounds[0][4].tool_calls[1].result.residence_time_s,residence_time_s,168.0
H-1B0875F,GPT-5.4,FlowPilot,CuAAC,$.deliberation_log.rounds[0][4].tool_calls[2].input.flow_rate_mL_min,flow_rate_mL_min,2.84006
H-1B0875F,GPT-5.4,FlowPilot,CuAAC,$.deliberation_log.rounds[0][4].tool_calls[2].input.tubing_ID_mm,tubing_ID_mm,0.75
H-1B0875F,GPT-5.4,FlowPilot,CuAAC,$.deliberation_log.rounds[0][4].tool_calls[2].result.delta_P_Pa,delta_P_Pa,34011.478
H-1B0875F,GPT-5.4,FlowPilot,CuAAC,$.deliberation_log.rounds[0][4].tool_calls[2].result.delta_P_bar,delta_P_bar,0.34011
H-1B0875F,GPT-5.4,FlowPilot,CuAAC,$.deliberation_log.rounds[0][4].tool_calls[3].input.flow_rate_mL_min,flow_rate_mL_min,3.408072
H-1B0875F,GPT-5.4,FlowPilot,CuAAC,$.deliberation_log.rounds[0][4].tool_calls[3].input.tubing_ID_mm,tubing_ID_mm,0.75
H-1B0875F,GPT-5.4,FlowPilot,CuAAC,$.deliberation_log.rounds[0][4].tool_calls[3].result.delta_P_Pa,delta_P_Pa,40813.774
H-1B0875F,GPT-5.4,FlowPilot,CuAAC,$.deliberation_log.rounds[0][4].tool_calls[3].result.delta_P_bar,delta_P_bar,0.40814
H-1B0875F,GPT-5.4,FlowPilot,CuAAC,$.deliberation_log.rounds[0][4].tool_calls[4].input.temperature_C,temperature_C,150
H-1B0875F,GPT-5.4,FlowPilot,CuAAC,$.deliberation_log.rounds[0][4].tool_calls[4].input.delta_P_system_bar,delta_P_system_bar,0.34012
H-1B0875F,GPT-5.4,FlowPilot,CuAAC,$.deliberation_log.rounds[0][5].tool_calls[0].input.temperature_C,temperature_C,150
H-1B0875F,GPT-5.4,FlowPilot,CuAAC,$.deliberation_log.rounds[0][5].tool_calls[0].input.delta_P_system_bar,delta_P_system_bar,0.34012
H-1B0875F,GPT-5.4,FlowPilot,CuAAC,$.deliberation_log.rounds[0][5].tool_calls[1].input.temperature_C,temperature_C,150
H-1B0875F,GPT-5.4,FlowPilot,CuAAC,$.deliberation_log.rounds[0][5].tool_calls[1].result.temperature_limit_C,temperature_limit_C,450.0
H-1B0875F,GPT-5.4,FlowPilot,CuAAC,$.deliberation_log.rounds[0][5].tool_calls[1].result.temperature_margin_C,temperature_margin_C,300.0
H-1B0875F,GPT-5.4,FlowPilot,CuAAC,$.deliberation_log.rounds[1][0].tool_calls[0].input.BPR_center_bar,BPR_center_bar,20
H-1B0875F,GPT-5.4,FlowPilot,CuAAC,$.pre_council_proposal.residence_time_min,residence_time_min,3.0
H-1B0875F,GPT-5.4,FlowPilot,CuAAC,$.pre_council_proposal.flow_rate_mL_min,flow_rate_mL_min,0.1
H-1B0875F,GPT-5.4,FlowPilot,CuAAC,$.pre_council_proposal.temperature_C,temperature_C,150.0
H-1B0875F,GPT-5.4,FlowPilot,CuAAC,$.pre_council_proposal.concentration_M,concentration_M,0.25
H-1B0875F,GPT-5.4,FlowPilot,CuAAC,$.pre_council_proposal.BPR_bar,BPR_bar,20.0
H-1B0875F,GPT-5.4,FlowPilot,CuAAC,$.pre_council_proposal.tubing_ID_mm,tubing_ID_mm,4.0
H-1B0875F,GPT-5.4,FlowPilot,CuAAC,$.pre_council_proposal.reactor_volume_mL,reactor_volume_mL,0.3
H-1B0875F,GPT-5.4,FlowPilot,CuAAC,$.pre_council_proposal.streams[0].concentration_M,concentration_M,0.25
H-1B0875F,GPT-5.4,FlowPilot,CuAAC,$.pre_council_proposal.streams[0].flow_rate_mL_min,flow_rate_mL_min,0.1
H-1B0875F,GPT-5.4,FlowPilot,CuAAC,$.pre_council_proposal.streams[0].molar_equiv,molar_equiv,1.0
H-1B0875F,GPT-5.4,FlowPilot,CuAAC,$.pre_council_proposal.stage_parameters[0].reactor_volume_mL,reactor_volume_mL,0.3
H-1B0875F,GPT-5.4,FlowPilot,CuAAC,$.pre_council_proposal.stage_parameters[0].temperature_C,temperature_C,150
H-1B0875F,GPT-5.4,FlowPilot,CuAAC,$.pre_council_proposal.stage_parameters[0].residence_time_min,residence_time_min,3
H-1B0875F,GPT-5.4,FlowPilot,CuAAC,$.process_topology.unit_operations[0].parameters.flow_rate_mL_min,flow_rate_mL_min,0.10714
H-1B0875F,GPT-5.4,FlowPilot,CuAAC,$.process_topology.unit_operations[1].parameters.volume_mL,volume_mL,0.3
H-1B0875F,GPT-5.4,FlowPilot,CuAAC,$.process_topology.unit_operations[1].parameters.temperature_C,temperature_C,150.0
H-1B0875F,GPT-5.4,FlowPilot,CuAAC,$.process_topology.unit_operations[1].parameters.residence_time_min,residence_time_min,2.800075
H-1B0875F,GPT-5.4,FlowPilot,CuAAC,$.process_topology.unit_operations[2].parameters.temperature_C,temperature_C,150.0
H-1B0875F,GPT-5.4,FlowPilot,CuAAC,$.process_topology.unit_operations[3].parameters.pressure_bar,pressure_bar,20.0
H-1B0875F,GPT-5.4,FlowPilot,CuAAC,$.process_topology.total_flow_rate_mL_min,total_flow_rate_mL_min,0.1071
H-1B0875F,GPT-5.4,FlowPilot,CuAAC,$.process_topology.residence_time_min,residence_time_min,2.800075
H-1B0875F,GPT-5.4,FlowPilot,CuAAC,$.process_topology.reactor_volume_mL,reactor_volume_mL,0.3
H-1B0875F,GPT-5.4,FlowPilot,CuAAC,$.process_topology.instrument_manifest[0].settings[0].flow_rate_mL_min,flow_rate_mL_min,0.10714
H-1B0875F,GPT-5.4,FlowPilot,CuAAC,$.process_topology.instrument_manifest[1].settings[0].volume_mL,volume_mL,0.3
H-1B0875F,GPT-5.4,FlowPilot,CuAAC,$.process_topology.instrument_manifest[1].settings[0].temperature_C,temperature_C,150.0
H-1B0875F,GPT-5.4,FlowPilot,CuAAC,$.process_topology.instrument_manifest[2].settings[0].temperature_C,temperature_C,150.0
H-1B0875F,GPT-5.4,FlowPilot,CuAAC,$.process_topology.instrument_manifest[3].settings[0].pressure_bar,pressure_bar,20.0
H-1B0875F,GPT-5.4,FlowPilot,CuAAC,$.final_design.parameters.flow_rate_mL_min,flow_rate_mL_min,0.10714
H-1B0875F,GPT-5.4,FlowPilot,CuAAC,$.final_design.parameters.temperature_C,temperature_C,150.0
H-1B0875F,GPT-5.4,FlowPilot,CuAAC,$.final_design.parameters.concentration_M,concentration_M,0.25
H-1B0875F,GPT-5.4,FlowPilot,CuAAC,$.final_design.parameters.BPR_bar,BPR_bar,20.0
H-1B0875F,GPT-5.4,FlowPilot,CuAAC,$.final_design.parameters.tubing_ID_mm,tubing_ID_mm,4.0
H-1B0875F,GPT-5.4,FlowPilot,CuAAC,$.final_design.parameters.reactor_volume_mL,reactor_volume_mL,0.3
H-1B0875F,GPT-5.4,FlowPilot,CuAAC,$.final_design.parameters.residence_time_min,residence_time_min,2.800075
H-1B0875F,GPT-5.4,FlowPilot,CuAAC,$.final_design.parameters.residence_time_inlet_min,residence_time_inlet_min,2.800075
H-1B0875F,GPT-5.4,FlowPilot,CuAAC,$.final_design.parameters.residence_time_in_channel_min,residence_time_in_channel_min,2.800075
H-1B0875F,GPT-5.4,FlowPilot,CuAAC,$.final_design.streams[0].concentration_M,concentration_M,0.25
H-1B0875F,GPT-5.4,FlowPilot,CuAAC,$.final_design.streams[0].flow_rate_mL_min,flow_rate_mL_min,0.10714
H-1B0875F,GPT-5.4,FlowPilot,CuAAC,$.final_design.streams[0].molar_equiv,molar_equiv,1.1
H-1B0875F,GPT-5.4,FlowPilot,CuAAC,$.final_design.instrument_manifest[0].settings[0].flow_rate_mL_min,flow_rate_mL_min,0.10714
H-1B0875F,GPT-5.4,FlowPilot,CuAAC,$.final_design.instrument_manifest[1].settings[0].volume_mL,volume_mL,0.3
H-1B0875F,GPT-5.4,FlowPilot,CuAAC,$.final_design.instrument_manifest[1].settings[0].temperature_C,temperature_C,150.0
H-1B0875F,GPT-5.4,FlowPilot,CuAAC,$.final_design.instrument_manifest[2].settings[0].temperature_C,temperature_C,150.0
H-1B0875F,GPT-5.4,FlowPilot,CuAAC,$.final_design.instrument_manifest[3].settings[0].pressure_bar,pressure_bar,20.0
H-1B0875F,GPT-5.4,FlowPilot,CuAAC,$.final_design.process_graph.topology.unit_operations[0].parameters.flow_rate_mL_min,flow_rate_mL_min,0.10714
H-1B0875F,GPT-5.4,FlowPilot,CuAAC,$.final_design.process_graph.topology.unit_operations[1].parameters.volume_mL,volume_mL,0.3
H-1B0875F,GPT-5.4,FlowPilot,CuAAC,$.final_design.process_graph.topology.unit_operations[1].parameters.temperature_C,temperature_C,150.0
H-1B0875F,GPT-5.4,FlowPilot,CuAAC,$.final_design.process_graph.topology.unit_operations[1].parameters.residence_time_min,residence_time_min,2.800075
H-1B0875F,GPT-5.4,FlowPilot,CuAAC,$.final_design.process_graph.topology.unit_operations[2].parameters.temperature_C,temperature_C,150.0
H-1B0875F,GPT-5.4,FlowPilot,CuAAC,$.final_design.process_graph.topology.unit_operations[3].parameters.pressure_bar,pressure_bar,20.0
H-1B0875F,GPT-5.4,FlowPilot,CuAAC,$.final_design.process_graph.topology.total_flow_rate_mL_min,total_flow_rate_mL_min,0.1071
H-1B0875F,GPT-5.4,FlowPilot,CuAAC,$.final_design.process_graph.topology.residence_time_min,residence_time_min,2.800075
H-1B0875F,GPT-5.4,FlowPilot,CuAAC,$.final_design.process_graph.topology.reactor_volume_mL,reactor_volume_mL,0.3
H-1B0875F,GPT-5.4,FlowPilot,CuAAC,$.final_design.process_graph.topology.instrument_manifest[0].settings[0].flow_rate_mL_min,flow_rate_mL_min,0.10714
H-1B0875F,GPT-5.4,FlowPilot,CuAAC,$.final_design.process_graph.topology.instrument_manifest[1].settings[0].volume_mL,volume_mL,0.3
H-1B0875F,GPT-5.4,FlowPilot,CuAAC,$.final_design.process_graph.topology.instrument_manifest[1].settings[0].temperature_C,temperature_C,150.0
H-1B0875F,GPT-5.4,FlowPilot,CuAAC,$.final_design.process_graph.topology.instrument_manifest[2].settings[0].temperature_C,temperature_C,150.0
H-1B0875F,GPT-5.4,FlowPilot,CuAAC,$.final_design.process_graph.topology.instrument_manifest[3].settings[0].pressure_bar,pressure_bar,20.0
H-1B0875F,GPT-5.4,FlowPilot,CuAAC,$.final_design.process_graph.feeds[0].flow_rate_mL_min,flow_rate_mL_min,0.10714
H-1B0875F,GPT-5.4,FlowPilot,CuAAC,$.final_design.process_graph.stages[0].temperature_C,temperature_C,150.0
H-1B0875F,GPT-5.4,FlowPilot,CuAAC,$.final_design.process_graph.stages[0].reactor_volume_mL,reactor_volume_mL,0.3
H-1B0875F,GPT-5.4,FlowPilot,CuAAC,$.final_design.process_graph.stages[0].residence_flow_mL_min,residence_flow_mL_min,0.1071
H-1B0875F,GPT-5.4,FlowPilot,CuAAC,$.final_design.process_graph.stages[0].residence_time_min,residence_time_min,2.800075
H-1B0875F,GPT-5.4,FlowPilot,CuAAC,$.final_design.process_graph.total_liquid_flow_mL_min,total_liquid_flow_mL_min,0.1071
H-1B0875F,GPT-5.4,FlowPilot,CuAAC,$.final_design.process_graph.total_reactor_volume_mL,total_reactor_volume_mL,0.3
H-1B0875F,GPT-5.4,FlowPilot,CuAAC,$.final_design.process_graph.total_residence_time_min,total_residence_time_min,2.800075
H-1B0875F,GPT-5.4,FlowPilot,CuAAC,$.final_design.diagnostic.preliminary_candidate.residence_time_min,residence_time_min,2.800075
H-1B0875F,GPT-5.4,FlowPilot,CuAAC,$.final_design.diagnostic.preliminary_candidate.residence_time_inlet_min,residence_time_inlet_min,2.800075
H-1B0875F,GPT-5.4,FlowPilot,CuAAC,$.final_design.diagnostic.preliminary_candidate.residence_time_in_channel_min,residence_time_in_channel_min,2.800075
H-1B0875F,GPT-5.4,FlowPilot,CuAAC,$.final_design.diagnostic.preliminary_candidate.flow_rate_mL_min,flow_rate_mL_min,0.10714
H-1B0875F,GPT-5.4,FlowPilot,CuAAC,$.final_design.diagnostic.preliminary_candidate.reactor_volume_mL,reactor_volume_mL,0.3
H-9449CD3,GPT-5.4,FlowPilot,Hydrogenolysis,$.proposal.residence_time_min,residence_time_min,30.0
H-9449CD3,GPT-5.4,FlowPilot,Hydrogenolysis,$.proposal.flow_rate_mL_min,flow_rate_mL_min,0.1
H-9449CD3,GPT-5.4,FlowPilot,Hydrogenolysis,$.proposal.temperature_C,temperature_C,60.0
H-9449CD3,GPT-5.4,FlowPilot,Hydrogenolysis,$.proposal.concentration_M,concentration_M,0.126
H-9449CD3,GPT-5.4,FlowPilot,Hydrogenolysis,$.proposal.BPR_bar,BPR_bar,21.0
H-9449CD3,GPT-5.4,FlowPilot,Hydrogenolysis,$.proposal.tubing_ID_mm,tubing_ID_mm,4.35
H-9449CD3,GPT-5.4,FlowPilot,Hydrogenolysis,$.proposal.reactor_volume_mL,reactor_volume_mL,3.0
H-9449CD3,GPT-5.4,FlowPilot,Hydrogenolysis,$.proposal.residence_time_inlet_min,residence_time_inlet_min,1.025991
H-9449CD3,GPT-5.4,FlowPilot,Hydrogenolysis,$.proposal.residence_time_in_channel_min,residence_time_in_channel_min,11.603665
H-9449CD3,GPT-5.4,FlowPilot,Hydrogenolysis,$.proposal.streams[0].concentration_M,concentration_M,0.126
H-9449CD3,GPT-5.4,FlowPilot,Hydrogenolysis,$.proposal.streams[0].flow_rate_mL_min,flow_rate_mL_min,0.1
H-9449CD3,GPT-5.4,FlowPilot,Hydrogenolysis,$.proposal.streams[0].molar_equiv,molar_equiv,1.0
H-9449CD3,GPT-5.4,FlowPilot,Hydrogenolysis,$.proposal.streams[1].flow_rate_mL_min,flow_rate_mL_min,0.158539
H-9449CD3,GPT-5.4,FlowPilot,Hydrogenolysis,$.proposal.streams[1].gas_flow_sccm,gas_flow_sccm,2.824003
H-9449CD3,GPT-5.4,FlowPilot,Hydrogenolysis,$.proposal.streams[1].gas_flow_actual_mL_min,gas_flow_actual_mL_min,0.158539
H-9449CD3,GPT-5.4,FlowPilot,Hydrogenolysis,$.proposal.streams[1].molar_equiv,molar_equiv,10.0
H-9449CD3,GPT-5.4,FlowPilot,Hydrogenolysis,$.proposal.multiphase_metrics.liquid_flow_rate_mL_min,liquid_flow_rate_mL_min,0.1
H-9449CD3,GPT-5.4,FlowPilot,Hydrogenolysis,$.proposal.multiphase_metrics.gas_flow_sccm,gas_flow_sccm,2.824003
H-9449CD3,GPT-5.4,FlowPilot,Hydrogenolysis,$.proposal.multiphase_metrics.gas_flow_actual_mL_min,gas_flow_actual_mL_min,0.158539
H-9449CD3,GPT-5.4,FlowPilot,Hydrogenolysis,$.proposal.multiphase_metrics.gas_pressure_abs_bar,gas_pressure_abs_bar,22.0132
H-9449CD3,GPT-5.4,FlowPilot,Hydrogenolysis,$.proposal.multiphase_metrics.liquid_holdup_volume_mL,liquid_holdup_volume_mL,2.5894
H-9449CD3,GPT-5.4,FlowPilot,Hydrogenolysis,$.proposal.multiphase_metrics.total_reactor_volume_mL,total_reactor_volume_mL,2.9999
H-9449CD3,GPT-5.4,FlowPilot,Hydrogenolysis,$.proposal.multiphase_metrics.residence_time_inlet_min,residence_time_inlet_min,7.845
H-9449CD3,GPT-5.4,FlowPilot,Hydrogenolysis,$.proposal.multiphase_metrics.residence_time_in_channel_min,residence_time_in_channel_min,25.8941
H-9449CD3,GPT-5.4,FlowPilot,Hydrogenolysis,$.proposal.multiphase_metrics.two_phase_pressure_drop_bar,two_phase_pressure_drop_bar,1e-06
H-9449CD3,GPT-5.4,FlowPilot,Hydrogenolysis,$.proposal.multiphase_metrics.target_gas_equiv_inlet,target_gas_equiv_inlet,10.0
H-9449CD3,GPT-5.4,FlowPilot,Hydrogenolysis,$.proposal.multiphase_metrics.explicit_gas_equiv_inlet,explicit_gas_equiv_inlet,1.0
H-9449CD3,GPT-5.4,FlowPilot,Hydrogenolysis,$.proposal.multiphase_metrics.o2_equiv_supplied,o2_equiv_supplied,10.0
H-9449CD3,GPT-5.4,FlowPilot,Hydrogenolysis,$.proposal.multiphase_metrics.gas_equiv_supplied,gas_equiv_supplied,10.0
H-9449CD3,GPT-5.4,FlowPilot,Hydrogenolysis,$.proposal.multiphase_metrics.nominal_liquid_empty_bed_time_min,nominal_liquid_empty_bed_time_min,30.0
H-9449CD3,GPT-5.4,FlowPilot,Hydrogenolysis,$.proposal.multiphase_metrics.apparent_inlet_STP_time_min,apparent_inlet_STP_time_min,1.025991
H-9449CD3,GPT-5.4,FlowPilot,Hydrogenolysis,$.proposal.multiphase_metrics.apparent_in_channel_time_min,apparent_in_channel_time_min,11.603665
H-9449CD3,GPT-5.4,FlowPilot,Hydrogenolysis,$.proposal.heat_transfer_metrics.surface_to_volume_m_inv,surface_to_volume_m_inv,919.5
H-9449CD3,GPT-5.4,FlowPilot,Hydrogenolysis,$.proposal.heat_transfer_metrics.UA_W_K,UA_W_K,0.827745
H-9449CD3,GPT-5.4,FlowPilot,Hydrogenolysis,$.proposal.heat_transfer_metrics.thermal_damkohler,thermal_damkohler,0.00482
H-9449CD3,GPT-5.4,FlowPilot,Hydrogenolysis,$.proposal.inventory_selection.volume_mL,volume_mL,3.0
H-9449CD3,GPT-5.4,FlowPilot,Hydrogenolysis,$.proposal.inventory_constraints.selected_reactor.volume_mL,volume_mL,3.0
H-9449CD3,GPT-5.4,FlowPilot,Hydrogenolysis,$.proposal.inventory_constraints.selected_pump.max_pressure_bar,max_pressure_bar,40.0
H-9449CD3,GPT-5.4,FlowPilot,Hydrogenolysis,$.proposal.inventory_constraints.selected_pump.max_flow_rate_mL_min,max_flow_rate_mL_min,2.0
H-9449CD3,GPT-5.4,FlowPilot,Hydrogenolysis,$.proposal.inventory_constraints.selected_pump.min_flow_rate_mL_min,min_flow_rate_mL_min,0.1
H-9449CD3,GPT-5.4,FlowPilot,Hydrogenolysis,$.proposal.inventory_constraints.flow_recalculation.requested_residence_time_min,requested_residence_time_min,7.845
H-9449CD3,GPT-5.4,FlowPilot,Hydrogenolysis,$.proposal.inventory_constraints.flow_recalculation.pump_min_flow_rate_mL_min,pump_min_flow_rate_mL_min,0.1
H-9449CD3,GPT-5.4,FlowPilot,Hydrogenolysis,$.proposal.inventory_constraints.flow_recalculation.pump_max_flow_rate_mL_min,pump_max_flow_rate_mL_min,2.0
H-9449CD3,GPT-5.4,FlowPilot,Hydrogenolysis,$.proposal.inventory_constraints.flow_recalculation.liquid_flow_rate_mL_min,liquid_flow_rate_mL_min,0.1
H-9449CD3,GPT-5.4,FlowPilot,Hydrogenolysis,$.proposal.inventory_constraints.flow_recalculation.gas_flow_actual_mL_min,gas_flow_actual_mL_min,0.01585
H-9449CD3,GPT-5.4,FlowPilot,Hydrogenolysis,$.proposal.inventory_constraints.flow_recalculation.gas_flow_sccm,gas_flow_sccm,0.28241
H-9449CD3,GPT-5.4,FlowPilot,Hydrogenolysis,$.proposal.inventory_constraints.flow_recalculation.target_gas_equiv_inlet,target_gas_equiv_inlet,1.0
H-9449CD3,GPT-5.4,FlowPilot,Hydrogenolysis,$.proposal.inventory_constraints.flow_recalculation.gas_equiv_supplied,gas_equiv_supplied,1.0
H-9449CD3,GPT-5.4,FlowPilot,Hydrogenolysis,$.proposal.inventory_constraints.final_validation.design_realization.decisions[0].selected_BPR_bar,selected_BPR_bar,21.0
H-9449CD3,GPT-5.4,FlowPilot,Hydrogenolysis,$.proposal.inventory_constraints.final_validation.design_realization.decisions[1].total_reactive_liquid_flow_mL_min,total_reactive_liquid_flow_mL_min,0.1
H-9449CD3,GPT-5.4,FlowPilot,Hydrogenolysis,$.proposal.inventory_constraints.final_validation.design_realization.decisions[2].target_equiv,target_equiv,10.0
H-9449CD3,GPT-5.4,FlowPilot,Hydrogenolysis,$.proposal.inventory_constraints.final_validation.design_realization.decisions[2].supplied_equiv,supplied_equiv,10.0
H-9449CD3,GPT-5.4,FlowPilot,Hydrogenolysis,$.proposal.inventory_constraints.final_validation.design_realization.decisions[2].pressure_absolute_bar,pressure_absolute_bar,21.0
H-9449CD3,GPT-5.4,FlowPilot,Hydrogenolysis,$.proposal.inventory_constraints.final_validation.design_realization.decisions[4].volume_mL,volume_mL,3.0
H-9449CD3,GPT-5.4,FlowPilot,Hydrogenolysis,$.proposal.inventory_constraints.final_validation.design_realization.decisions[5].volume_mL,volume_mL,3.0
H-9449CD3,GPT-5.4,FlowPilot,Hydrogenolysis,$.proposal.inventory_constraints.final_validation.design_realization.decisions[5].liquid_flow_mL_min,liquid_flow_mL_min,0.1
H-9449CD3,GPT-5.4,FlowPilot,Hydrogenolysis,$.proposal.inventory_constraints.final_validation.design_realization.feed_assignments[0].flow_rate_mL_min,flow_rate_mL_min,0.1
H-9449CD3,GPT-5.4,FlowPilot,Hydrogenolysis,$.proposal.inventory_constraints.final_validation.design_realization.feed_assignments[0].concentration_M,concentration_M,0.126
H-9449CD3,GPT-5.4,FlowPilot,Hydrogenolysis,$.proposal.inventory_constraints.final_validation.design_realization.feed_assignments[0].molar_equiv,molar_equiv,1.0
H-9449CD3,GPT-5.4,FlowPilot,Hydrogenolysis,$.proposal.inventory_constraints.final_validation.design_realization.feed_assignments[1].flow_rate_mL_min,flow_rate_mL_min,0.158539
H-9449CD3,GPT-5.4,FlowPilot,Hydrogenolysis,$.proposal.inventory_constraints.final_validation.design_realization.feed_assignments[1].gas_flow_sccm,gas_flow_sccm,2.824003
H-9449CD3,GPT-5.4,FlowPilot,Hydrogenolysis,$.proposal.inventory_constraints.final_validation.design_realization.feed_assignments[1].gas_flow_actual_mL_min,gas_flow_actual_mL_min,0.158539
H-9449CD3,GPT-5.4,FlowPilot,Hydrogenolysis,$.proposal.inventory_constraints.final_validation.design_realization.feed_assignments[1].molar_equiv,molar_equiv,10.0
H-9449CD3,GPT-5.4,FlowPilot,Hydrogenolysis,$.proposal.inventory_constraints.design_realization.decisions[0].selected_BPR_bar,selected_BPR_bar,21.0
H-9449CD3,GPT-5.4,FlowPilot,Hydrogenolysis,$.proposal.inventory_constraints.design_realization.decisions[1].total_reactive_liquid_flow_mL_min,total_reactive_liquid_flow_mL_min,0.1
H-9449CD3,GPT-5.4,FlowPilot,Hydrogenolysis,$.proposal.inventory_constraints.design_realization.decisions[2].target_equiv,target_equiv,10.0
H-9449CD3,GPT-5.4,FlowPilot,Hydrogenolysis,$.proposal.inventory_constraints.design_realization.decisions[2].supplied_equiv,supplied_equiv,10.0
H-9449CD3,GPT-5.4,FlowPilot,Hydrogenolysis,$.proposal.inventory_constraints.design_realization.decisions[2].pressure_absolute_bar,pressure_absolute_bar,21.0
H-9449CD3,GPT-5.4,FlowPilot,Hydrogenolysis,$.proposal.inventory_constraints.design_realization.decisions[4].volume_mL,volume_mL,3.0
H-9449CD3,GPT-5.4,FlowPilot,Hydrogenolysis,$.proposal.inventory_constraints.design_realization.decisions[5].volume_mL,volume_mL,3.0
H-9449CD3,GPT-5.4,FlowPilot,Hydrogenolysis,$.proposal.inventory_constraints.design_realization.decisions[5].liquid_flow_mL_min,liquid_flow_mL_min,0.1
H-9449CD3,GPT-5.4,FlowPilot,Hydrogenolysis,$.proposal.inventory_constraints.design_realization.feed_assignments[0].flow_rate_mL_min,flow_rate_mL_min,0.1
H-9449CD3,GPT-5.4,FlowPilot,Hydrogenolysis,$.proposal.inventory_constraints.design_realization.feed_assignments[0].concentration_M,concentration_M,0.126
H-9449CD3,GPT-5.4,FlowPilot,Hydrogenolysis,$.proposal.inventory_constraints.design_realization.feed_assignments[0].molar_equiv,molar_equiv,1.0
H-9449CD3,GPT-5.4,FlowPilot,Hydrogenolysis,$.proposal.inventory_constraints.design_realization.feed_assignments[1].flow_rate_mL_min,flow_rate_mL_min,0.158539
H-9449CD3,GPT-5.4,FlowPilot,Hydrogenolysis,$.proposal.inventory_constraints.design_realization.feed_assignments[1].gas_flow_sccm,gas_flow_sccm,2.824003
H-9449CD3,GPT-5.4,FlowPilot,Hydrogenolysis,$.proposal.inventory_constraints.design_realization.feed_assignments[1].gas_flow_actual_mL_min,gas_flow_actual_mL_min,0.158539
H-9449CD3,GPT-5.4,FlowPilot,Hydrogenolysis,$.proposal.inventory_constraints.design_realization.feed_assignments[1].molar_equiv,molar_equiv,10.0
H-9449CD3,GPT-5.4,FlowPilot,Hydrogenolysis,$.chemistry_plan.stream_logic[0].molar_equiv,molar_equiv,1.0
H-9449CD3,GPT-5.4,FlowPilot,Hydrogenolysis,$.chemistry_plan.stream_logic[0].concentration_M,concentration_M,0.126
H-9449CD3,GPT-5.4,FlowPilot,Hydrogenolysis,$.chemistry_plan.stream_logic[1].molar_equiv,molar_equiv,1.0
H-9449CD3,GPT-5.4,FlowPilot,Hydrogenolysis,$.design_calculations.steps[1].values.k_flow,k_flow,0.0002664722257208561
H-9449CD3,GPT-5.4,FlowPilot,Hydrogenolysis,$.design_calculations.steps[2].values.residence_time_inlet_min,residence_time_inlet_min,2.6526
H-9449CD3,GPT-5.4,FlowPilot,Hydrogenolysis,$.design_calculations.steps[2].values.residence_time_in_channel_min,residence_time_in_channel_min,30.0
H-9449CD3,GPT-5.4,FlowPilot,Hydrogenolysis,$.design_calculations.steps[5].values.gas_flow_sccm,gas_flow_sccm,2.824
H-9449CD3,GPT-5.4,FlowPilot,Hydrogenolysis,$.design_calculations.steps[5].values.gas_flow_actual_mL_min,gas_flow_actual_mL_min,0.1585
H-9449CD3,GPT-5.4,FlowPilot,Hydrogenolysis,$.design_calculations.steps[5].values.gas_pressure_abs_bar,gas_pressure_abs_bar,22.0132
H-9449CD3,GPT-5.4,FlowPilot,Hydrogenolysis,$.design_calculations.steps[5].values.target_gas_equiv_inlet,target_gas_equiv_inlet,10.0
H-9449CD3,GPT-5.4,FlowPilot,Hydrogenolysis,$.design_calculations.steps[5].values.explicit_gas_equiv_inlet,explicit_gas_equiv_inlet,10.0
H-9449CD3,GPT-5.4,FlowPilot,Hydrogenolysis,$.design_calculations.steps[5].values.o2_equiv_supplied,o2_equiv_supplied,0.0
H-9449CD3,GPT-5.4,FlowPilot,Hydrogenolysis,$.design_calculations.steps[5].values.gas_equiv_supplied,gas_equiv_supplied,10.0
H-9449CD3,GPT-5.4,FlowPilot,Hydrogenolysis,$.design_calculations.steps[6].values.UA_W_K,UA_W_K,2.139674
H-9449CD3,GPT-5.4,FlowPilot,Hydrogenolysis,$.design_calculations.steps[7].values.bpr_bar,bpr_bar,3.0
H-9449CD3,GPT-5.4,FlowPilot,Hydrogenolysis,$.design_calculations.steps[7].values.gas_pressure_abs_bar,gas_pressure_abs_bar,22.0132
H-9449CD3,GPT-5.4,FlowPilot,Hydrogenolysis,$.design_calculations.steps[7].values.gas_flow_sccm,gas_flow_sccm,2.824
H-9449CD3,GPT-5.4,FlowPilot,Hydrogenolysis,$.design_calculations.steps[8].values.productivity_mmol_h,productivity_mmol_h,0.288036
H-9449CD3,GPT-5.4,FlowPilot,Hydrogenolysis,$.design_calculations.steps[8].values.n_molar_flow_mmol_min,n_molar_flow_mmol_min,0.0126
H-9449CD3,GPT-5.4,FlowPilot,Hydrogenolysis,$.design_calculations.steps[8].values.P_flow_mmol_h,P_flow_mmol_h,0.288
H-9449CD3,GPT-5.4,FlowPilot,Hydrogenolysis,$.design_calculations.steps[8].values.startup_waste_mL,startup_waste_mL,9.0
H-9449CD3,GPT-5.4,FlowPilot,Hydrogenolysis,$.design_calculations.steps[8].values.liquid_flow_rate_mL_min,liquid_flow_rate_mL_min,0.1
H-9449CD3,GPT-5.4,FlowPilot,Hydrogenolysis,$.design_calculations.steps[8].values.gas_flow_sccm,gas_flow_sccm,2.824
H-9449CD3,GPT-5.4,FlowPilot,Hydrogenolysis,$.design_calculations.steps[8].values.liquid_holdup_volume_mL,liquid_holdup_volume_mL,3.0
H-9449CD3,GPT-5.4,FlowPilot,Hydrogenolysis,$.design_calculations.steps[8].values.total_reactor_volume_mL,total_reactor_volume_mL,7.7562
H-9449CD3,GPT-5.4,FlowPilot,Hydrogenolysis,$.design_calculations.temperature_C,temperature_C,60.0
H-9449CD3,GPT-5.4,FlowPilot,Hydrogenolysis,$.design_calculations.temperature_K,temperature_K,333.15
H-9449CD3,GPT-5.4,FlowPilot,Hydrogenolysis,$.design_calculations.concentration_M,concentration_M,0.126
H-9449CD3,GPT-5.4,FlowPilot,Hydrogenolysis,$.design_calculations.residence_time_s,residence_time_s,1800.0
H-9449CD3,GPT-5.4,FlowPilot,Hydrogenolysis,$.design_calculations.residence_time_min,residence_time_min,30.0
H-9449CD3,GPT-5.4,FlowPilot,Hydrogenolysis,$.design_calculations.residence_time_inlet_min,residence_time_inlet_min,7.845
H-9449CD3,GPT-5.4,FlowPilot,Hydrogenolysis,$.design_calculations.residence_time_in_channel_min,residence_time_in_channel_min,25.8941
H-9449CD3,GPT-5.4,FlowPilot,Hydrogenolysis,$.design_calculations.flow_rate_mL_min,flow_rate_mL_min,0.1
H-9449CD3,GPT-5.4,FlowPilot,Hydrogenolysis,$.design_calculations.flow_rate_m3_s,flow_rate_m3_s,1.6666666666666665e-09
H-9449CD3,GPT-5.4,FlowPilot,Hydrogenolysis,$.design_calculations.reactor_volume_mL,reactor_volume_mL,3.0
H-9449CD3,GPT-5.4,FlowPilot,Hydrogenolysis,$.design_calculations.reactor_volume_m3,reactor_volume_m3,7.756171123300739e-06
H-9449CD3,GPT-5.4,FlowPilot,Hydrogenolysis,$.design_calculations.tubing_ID_mm,tubing_ID_mm,4.35
H-9449CD3,GPT-5.4,FlowPilot,Hydrogenolysis,$.design_calculations.tubing_ID_m,tubing_ID_m,0.00435
H-9449CD3,GPT-5.4,FlowPilot,Hydrogenolysis,$.design_calculations.reynolds_number,reynolds_number,0.9
H-9449CD3,GPT-5.4,FlowPilot,Hydrogenolysis,$.design_calculations.pressure_drop_bar,pressure_drop_bar,6e-06
H-9449CD3,GPT-5.4,FlowPilot,Hydrogenolysis,$.design_calculations.liquid_flow_rate_mL_min,liquid_flow_rate_mL_min,0.1
H-9449CD3,GPT-5.4,FlowPilot,Hydrogenolysis,$.design_calculations.gas_flow_sccm,gas_flow_sccm,2.824003
H-9449CD3,GPT-5.4,FlowPilot,Hydrogenolysis,$.design_calculations.gas_flow_actual_mL_min,gas_flow_actual_mL_min,0.158539
H-9449CD3,GPT-5.4,FlowPilot,Hydrogenolysis,$.design_calculations.gas_pressure_abs_bar,gas_pressure_abs_bar,22.0132
H-9449CD3,GPT-5.4,FlowPilot,Hydrogenolysis,$.design_calculations.liquid_holdup_volume_mL,liquid_holdup_volume_mL,2.5894
H-9449CD3,GPT-5.4,FlowPilot,Hydrogenolysis,$.design_calculations.two_phase_pressure_drop_bar,two_phase_pressure_drop_bar,1e-06
H-9449CD3,GPT-5.4,FlowPilot,Hydrogenolysis,$.design_calculations.target_gas_equiv_inlet,target_gas_equiv_inlet,10.0
H-9449CD3,GPT-5.4,FlowPilot,Hydrogenolysis,$.design_calculations.explicit_gas_equiv_inlet,explicit_gas_equiv_inlet,1.0
H-9449CD3,GPT-5.4,FlowPilot,Hydrogenolysis,$.design_calculations.o2_equiv_supplied,o2_equiv_supplied,0.0
H-9449CD3,GPT-5.4,FlowPilot,Hydrogenolysis,$.design_calculations.gas_equiv_supplied,gas_equiv_supplied,10.0
H-9449CD3,GPT-5.4,FlowPilot,Hydrogenolysis,$.design_calculations.damkohler_mass,damkohler_mass,5.0423
H-9449CD3,GPT-5.4,FlowPilot,Hydrogenolysis,$.design_calculations.thermal_damkohler,thermal_damkohler,0.000565
H-9449CD3,GPT-5.4,FlowPilot,Hydrogenolysis,$.design_calculations.surface_to_volume,surface_to_volume,919.5
H-9449CD3,GPT-5.4,FlowPilot,Hydrogenolysis,$.design_calculations.UA_W_K,UA_W_K,2.139674
H-9449CD3,GPT-5.4,FlowPilot,Hydrogenolysis,$.design_calculations.bpr_pressure_bar,bpr_pressure_bar,21.0
H-9449CD3,GPT-5.4,FlowPilot,Hydrogenolysis,$.design_calculations.vapor_pressure_bar,vapor_pressure_bar,0.0
H-9449CD3,GPT-5.4,FlowPilot,Hydrogenolysis,$.design_calculations.productivity_mmol_h,productivity_mmol_h,0.288
H-9449CD3,GPT-5.4,FlowPilot,Hydrogenolysis,$.design_calculations.n_molar_flow_mmol_min,n_molar_flow_mmol_min,0.0126
H-9449CD3,GPT-5.4,FlowPilot,Hydrogenolysis,$.design_calculations.P_flow_mmol_h,P_flow_mmol_h,0.288
H-9449CD3,GPT-5.4,FlowPilot,Hydrogenolysis,$.design_calculations.startup_waste_mL,startup_waste_mL,9.0
H-9449CD3,GPT-5.4,FlowPilot,Hydrogenolysis,$.design_calculations.total_reactor_volume_mL,total_reactor_volume_mL,2.9999
H-9449CD3,GPT-5.4,FlowPilot,Hydrogenolysis,$.design_calculations.nominal_liquid_empty_bed_time_min,nominal_liquid_empty_bed_time_min,30.0
H-9449CD3,GPT-5.4,FlowPilot,Hydrogenolysis,$.design_calculations.apparent_inlet_STP_time_min,apparent_inlet_STP_time_min,1.025991
H-9449CD3,GPT-5.4,FlowPilot,Hydrogenolysis,$.design_calculations.apparent_in_channel_time_min,apparent_in_channel_time_min,11.603665
H-9449CD3,GPT-5.4,FlowPilot,Hydrogenolysis,$.design_calculations.topology_total_reactor_volume_mL,topology_total_reactor_volume_mL,3.0
H-9449CD3,GPT-5.4,FlowPilot,Hydrogenolysis,$.inventory_enforcement.first_pass.old.reactor_volume_mL,reactor_volume_mL,8.6728
H-9449CD3,GPT-5.4,FlowPilot,Hydrogenolysis,$.inventory_enforcement.first_pass.old.tubing_ID_mm,tubing_ID_mm,0.75
H-9449CD3,GPT-5.4,FlowPilot,Hydrogenolysis,$.inventory_enforcement.first_pass.old.flow_rate_mL_min,flow_rate_mL_min,0.0756
H-9449CD3,GPT-5.4,FlowPilot,Hydrogenolysis,$.inventory_enforcement.first_pass.old.BPR_bar,BPR_bar,3.0
H-9449CD3,GPT-5.4,FlowPilot,Hydrogenolysis,$.inventory_enforcement.first_pass.old.temperature_C,temperature_C,60.0
H-9449CD3,GPT-5.4,FlowPilot,Hydrogenolysis,$.inventory_enforcement.first_pass.old.concentration_M,concentration_M,0.126
H-9449CD3,GPT-5.4,FlowPilot,Hydrogenolysis,$.inventory_enforcement.first_pass.new.reactor_volume_mL,reactor_volume_mL,3.0
H-9449CD3,GPT-5.4,FlowPilot,Hydrogenolysis,$.inventory_enforcement.first_pass.new.tubing_ID_mm,tubing_ID_mm,4.35
H-9449CD3,GPT-5.4,FlowPilot,Hydrogenolysis,$.inventory_enforcement.first_pass.new.flow_rate_mL_min,flow_rate_mL_min,0.1
H-9449CD3,GPT-5.4,FlowPilot,Hydrogenolysis,$.inventory_enforcement.first_pass.new.BPR_bar,BPR_bar,21.0
H-9449CD3,GPT-5.4,FlowPilot,Hydrogenolysis,$.inventory_enforcement.first_pass.new.temperature_C,temperature_C,60.0
H-9449CD3,GPT-5.4,FlowPilot,Hydrogenolysis,$.inventory_enforcement.first_pass.new.concentration_M,concentration_M,0.126
H-9449CD3,GPT-5.4,FlowPilot,Hydrogenolysis,$.inventory_enforcement.first_pass.selected_reactor.volume_mL,volume_mL,3.0
H-9449CD3,GPT-5.4,FlowPilot,Hydrogenolysis,$.inventory_enforcement.final_pass.old.reactor_volume_mL,reactor_volume_mL,2.9999
H-9449CD3,GPT-5.4,FlowPilot,Hydrogenolysis,$.inventory_enforcement.final_pass.old.tubing_ID_mm,tubing_ID_mm,4.35
H-9449CD3,GPT-5.4,FlowPilot,Hydrogenolysis,$.inventory_enforcement.final_pass.old.flow_rate_mL_min,flow_rate_mL_min,0.1
H-9449CD3,GPT-5.4,FlowPilot,Hydrogenolysis,$.inventory_enforcement.final_pass.old.BPR_bar,BPR_bar,3.0
H-9449CD3,GPT-5.4,FlowPilot,Hydrogenolysis,$.inventory_enforcement.final_pass.old.temperature_C,temperature_C,60.0
H-9449CD3,GPT-5.4,FlowPilot,Hydrogenolysis,$.inventory_enforcement.final_pass.old.concentration_M,concentration_M,0.126
H-9449CD3,GPT-5.4,FlowPilot,Hydrogenolysis,$.inventory_enforcement.final_pass.new.reactor_volume_mL,reactor_volume_mL,3.0
H-9449CD3,GPT-5.4,FlowPilot,Hydrogenolysis,$.inventory_enforcement.final_pass.new.tubing_ID_mm,tubing_ID_mm,4.35
H-9449CD3,GPT-5.4,FlowPilot,Hydrogenolysis,$.inventory_enforcement.final_pass.new.flow_rate_mL_min,flow_rate_mL_min,0.1
H-9449CD3,GPT-5.4,FlowPilot,Hydrogenolysis,$.inventory_enforcement.final_pass.new.BPR_bar,BPR_bar,21.0
H-9449CD3,GPT-5.4,FlowPilot,Hydrogenolysis,$.inventory_enforcement.final_pass.new.temperature_C,temperature_C,60.0
H-9449CD3,GPT-5.4,FlowPilot,Hydrogenolysis,$.inventory_enforcement.final_pass.new.concentration_M,concentration_M,0.126
H-9449CD3,GPT-5.4,FlowPilot,Hydrogenolysis,$.inventory_enforcement.final_pass.selected_reactor.volume_mL,volume_mL,3.0
H-9449CD3,GPT-5.4,FlowPilot,Hydrogenolysis,$.final_validation.design_realization.decisions[0].selected_BPR_bar,selected_BPR_bar,21.0
H-9449CD3,GPT-5.4,FlowPilot,Hydrogenolysis,$.final_validation.design_realization.decisions[1].total_reactive_liquid_flow_mL_min,total_reactive_liquid_flow_mL_min,0.1
H-9449CD3,GPT-5.4,FlowPilot,Hydrogenolysis,$.final_validation.design_realization.decisions[2].target_equiv,target_equiv,10.0
H-9449CD3,GPT-5.4,FlowPilot,Hydrogenolysis,$.final_validation.design_realization.decisions[2].supplied_equiv,supplied_equiv,10.0
H-9449CD3,GPT-5.4,FlowPilot,Hydrogenolysis,$.final_validation.design_realization.decisions[2].pressure_absolute_bar,pressure_absolute_bar,21.0
H-9449CD3,GPT-5.4,FlowPilot,Hydrogenolysis,$.final_validation.design_realization.decisions[4].volume_mL,volume_mL,3.0
H-9449CD3,GPT-5.4,FlowPilot,Hydrogenolysis,$.final_validation.design_realization.decisions[5].volume_mL,volume_mL,3.0
H-9449CD3,GPT-5.4,FlowPilot,Hydrogenolysis,$.final_validation.design_realization.decisions[5].liquid_flow_mL_min,liquid_flow_mL_min,0.1
H-9449CD3,GPT-5.4,FlowPilot,Hydrogenolysis,$.final_validation.design_realization.feed_assignments[0].flow_rate_mL_min,flow_rate_mL_min,0.1
H-9449CD3,GPT-5.4,FlowPilot,Hydrogenolysis,$.final_validation.design_realization.feed_assignments[0].concentration_M,concentration_M,0.126
H-9449CD3,GPT-5.4,FlowPilot,Hydrogenolysis,$.final_validation.design_realization.feed_assignments[0].molar_equiv,molar_equiv,1.0
H-9449CD3,GPT-5.4,FlowPilot,Hydrogenolysis,$.final_validation.design_realization.feed_assignments[1].flow_rate_mL_min,flow_rate_mL_min,0.158539
H-9449CD3,GPT-5.4,FlowPilot,Hydrogenolysis,$.final_validation.design_realization.feed_assignments[1].gas_flow_sccm,gas_flow_sccm,2.824003
H-9449CD3,GPT-5.4,FlowPilot,Hydrogenolysis,$.final_validation.design_realization.feed_assignments[1].gas_flow_actual_mL_min,gas_flow_actual_mL_min,0.158539
H-9449CD3,GPT-5.4,FlowPilot,Hydrogenolysis,$.final_validation.design_realization.feed_assignments[1].molar_equiv,molar_equiv,10.0
H-9449CD3,GPT-5.4,FlowPilot,Hydrogenolysis,$.final_validation.design_disposition.requirements.temperature_exact_C,temperature_exact_C,60.0
H-9449CD3,GPT-5.4,FlowPilot,Hydrogenolysis,$.design_realization.decisions[0].selected_BPR_bar,selected_BPR_bar,21.0
H-9449CD3,GPT-5.4,FlowPilot,Hydrogenolysis,$.design_realization.decisions[1].total_reactive_liquid_flow_mL_min,total_reactive_liquid_flow_mL_min,0.1
H-9449CD3,GPT-5.4,FlowPilot,Hydrogenolysis,$.design_realization.decisions[2].target_equiv,target_equiv,10.0
H-9449CD3,GPT-5.4,FlowPilot,Hydrogenolysis,$.design_realization.decisions[2].supplied_equiv,supplied_equiv,10.0
H-9449CD3,GPT-5.4,FlowPilot,Hydrogenolysis,$.design_realization.decisions[2].pressure_absolute_bar,pressure_absolute_bar,21.0
H-9449CD3,GPT-5.4,FlowPilot,Hydrogenolysis,$.design_realization.decisions[4].volume_mL,volume_mL,3.0
H-9449CD3,GPT-5.4,FlowPilot,Hydrogenolysis,$.design_realization.decisions[5].volume_mL,volume_mL,3.0
H-9449CD3,GPT-5.4,FlowPilot,Hydrogenolysis,$.design_realization.decisions[5].liquid_flow_mL_min,liquid_flow_mL_min,0.1
H-9449CD3,GPT-5.4,FlowPilot,Hydrogenolysis,$.design_realization.feed_assignments[0].flow_rate_mL_min,flow_rate_mL_min,0.1
H-9449CD3,GPT-5.4,FlowPilot,Hydrogenolysis,$.design_realization.feed_assignments[0].concentration_M,concentration_M,0.126
H-9449CD3,GPT-5.4,FlowPilot,Hydrogenolysis,$.design_realization.feed_assignments[0].molar_equiv,molar_equiv,1.0
H-9449CD3,GPT-5.4,FlowPilot,Hydrogenolysis,$.design_realization.feed_assignments[1].flow_rate_mL_min,flow_rate_mL_min,0.158539
H-9449CD3,GPT-5.4,FlowPilot,Hydrogenolysis,$.design_realization.feed_assignments[1].gas_flow_sccm,gas_flow_sccm,2.824003
H-9449CD3,GPT-5.4,FlowPilot,Hydrogenolysis,$.design_realization.feed_assignments[1].gas_flow_actual_mL_min,gas_flow_actual_mL_min,0.158539
H-9449CD3,GPT-5.4,FlowPilot,Hydrogenolysis,$.design_realization.feed_assignments[1].molar_equiv,molar_equiv,10.0
H-9449CD3,GPT-5.4,FlowPilot,Hydrogenolysis,$.design_space[0].liquid_holdup_volume_mL,liquid_holdup_volume_mL,0.45
H-9449CD3,GPT-5.4,FlowPilot,Hydrogenolysis,$.design_space[0].delta_P_bar,delta_P_bar,0.0
H-9449CD3,GPT-5.4,FlowPilot,Hydrogenolysis,$.design_space[0].productivity_mg_h,productivity_mg_h,16.4
H-9449CD3,GPT-5.4,FlowPilot,Hydrogenolysis,$.design_space[0].gas_flow_actual_mL_min,gas_flow_actual_mL_min,0.4462
H-9449CD3,GPT-5.4,FlowPilot,Hydrogenolysis,$.design_space[0].required_bpr_bar,required_bpr_bar,5.0
H-9449CD3,GPT-5.4,FlowPilot,Hydrogenolysis,$.design_space[0].score_breakdown.productivity,productivity,0.0
H-9449CD3,GPT-5.4,FlowPilot,Hydrogenolysis,$.process_requirements_topology.unit_operations[0].parameters.flow_rate_mL_min,flow_rate_mL_min,0.1
H-9449CD3,GPT-5.4,FlowPilot,Hydrogenolysis,$.process_requirements_topology.unit_operations[1].parameters.flow_rate_mL_min,flow_rate_mL_min,0.158539
H-9449CD3,GPT-5.4,FlowPilot,Hydrogenolysis,$.process_requirements_topology.unit_operations[1].parameters.gas_flow_sccm,gas_flow_sccm,2.824003
H-9449CD3,GPT-5.4,FlowPilot,Hydrogenolysis,$.process_requirements_topology.unit_operations[1].parameters.gas_flow_actual_mL_min,gas_flow_actual_mL_min,0.158539
H-9449CD3,GPT-5.4,FlowPilot,Hydrogenolysis,$.process_requirements_topology.unit_operations[3].parameters.volume_mL,volume_mL,3.0
H-9449CD3,GPT-5.4,FlowPilot,Hydrogenolysis,$.process_requirements_topology.unit_operations[3].parameters.temperature_C,temperature_C,60.0
H-9449CD3,GPT-5.4,FlowPilot,Hydrogenolysis,$.process_requirements_topology.unit_operations[3].parameters.residence_time_min,residence_time_min,30.0
H-9449CD3,GPT-5.4,FlowPilot,Hydrogenolysis,$.process_requirements_topology.unit_operations[4].parameters.temperature_C,temperature_C,60.0
H-9449CD3,GPT-5.4,FlowPilot,Hydrogenolysis,$.process_requirements_topology.unit_operations[5].parameters.pressure_bar,pressure_bar,21.0
H-9449CD3,GPT-5.4,FlowPilot,Hydrogenolysis,$.process_requirements_topology.total_flow_rate_mL_min,total_flow_rate_mL_min,0.1
H-9449CD3,GPT-5.4,FlowPilot,Hydrogenolysis,$.process_requirements_topology.residence_time_min,residence_time_min,30.0
H-9449CD3,GPT-5.4,FlowPilot,Hydrogenolysis,$.process_requirements_topology.reactor_volume_mL,reactor_volume_mL,3.0
H-9449CD3,GPT-5.4,FlowPilot,Hydrogenolysis,$.inventory_allocation.assignments[0].settings.flow_rate_mL_min,flow_rate_mL_min,0.1
H-9449CD3,GPT-5.4,FlowPilot,Hydrogenolysis,$.inventory_allocation.assignments[1].settings.flow_sccm,flow_sccm,2.824003
H-9449CD3,GPT-5.4,FlowPilot,Hydrogenolysis,$.inventory_allocation.assignments[2].settings.total_flow_mL_min,total_flow_mL_min,0.1
H-9449CD3,GPT-5.4,FlowPilot,Hydrogenolysis,$.inventory_allocation.assignments[3].settings.volume_mL,volume_mL,3.0
H-9449CD3,GPT-5.4,FlowPilot,Hydrogenolysis,$.inventory_allocation.assignments[3].settings.temperature_C,temperature_C,60.0
H-9449CD3,GPT-5.4,FlowPilot,Hydrogenolysis,$.inventory_allocation.assignments[4].settings.temperature_C,temperature_C,60.0
H-9449CD3,GPT-5.4,FlowPilot,Hydrogenolysis,$.inventory_allocation.assignments[5].settings.pressure_bar,pressure_bar,21.0
H-9449CD3,GPT-5.4,FlowPilot,Hydrogenolysis,$.inventory_allocation.instrument_manifest[0].settings[0].flow_rate_mL_min,flow_rate_mL_min,0.1
H-9449CD3,GPT-5.4,FlowPilot,Hydrogenolysis,$.inventory_allocation.instrument_manifest[1].settings[0].flow_sccm,flow_sccm,2.824003
H-9449CD3,GPT-5.4,FlowPilot,Hydrogenolysis,$.inventory_allocation.instrument_manifest[2].settings[0].total_flow_mL_min,total_flow_mL_min,0.1
H-9449CD3,GPT-5.4,FlowPilot,Hydrogenolysis,$.inventory_allocation.instrument_manifest[3].settings[0].volume_mL,volume_mL,3.0
H-9449CD3,GPT-5.4,FlowPilot,Hydrogenolysis,$.inventory_allocation.instrument_manifest[3].settings[0].temperature_C,temperature_C,60.0
H-9449CD3,GPT-5.4,FlowPilot,Hydrogenolysis,$.inventory_allocation.instrument_manifest[4].settings[0].temperature_C,temperature_C,60.0
H-9449CD3,GPT-5.4,FlowPilot,Hydrogenolysis,$.inventory_allocation.instrument_manifest[5].settings[0].pressure_bar,pressure_bar,21.0
H-9449CD3,GPT-5.4,FlowPilot,Hydrogenolysis,$.instrument_manifest[0].settings[0].flow_rate_mL_min,flow_rate_mL_min,0.1
H-9449CD3,GPT-5.4,FlowPilot,Hydrogenolysis,$.instrument_manifest[1].settings[0].flow_sccm,flow_sccm,2.824003
H-9449CD3,GPT-5.4,FlowPilot,Hydrogenolysis,$.instrument_manifest[2].settings[0].total_flow_mL_min,total_flow_mL_min,0.1
H-9449CD3,GPT-5.4,FlowPilot,Hydrogenolysis,$.instrument_manifest[3].settings[0].volume_mL,volume_mL,3.0
H-9449CD3,GPT-5.4,FlowPilot,Hydrogenolysis,$.instrument_manifest[3].settings[0].temperature_C,temperature_C,60.0
H-9449CD3,GPT-5.4,FlowPilot,Hydrogenolysis,$.instrument_manifest[4].settings[0].temperature_C,temperature_C,60.0
H-9449CD3,GPT-5.4,FlowPilot,Hydrogenolysis,$.instrument_manifest[5].settings[0].pressure_bar,pressure_bar,21.0
H-9449CD3,GPT-5.4,FlowPilot,Hydrogenolysis,$.design_disposition.requirements.temperature_exact_C,temperature_exact_C,60.0
H-9449CD3,GPT-5.4,FlowPilot,Hydrogenolysis,$._analogies[0].full_record.batch_baseline.temperature_C,temperature_C,55
H-9449CD3,GPT-5.4,FlowPilot,Hydrogenolysis,$._analogies[0].full_record.batch_baseline.reaction_time_min,reaction_time_min,1440
H-9449CD3,GPT-5.4,FlowPilot,Hydrogenolysis,$._analogies[0].full_record.flow_optimized.temperature_C,temperature_C,55
H-9449CD3,GPT-5.4,FlowPilot,Hydrogenolysis,$._analogies[0].full_record.flow_optimized.residence_time_min,residence_time_min,180
H-9449CD3,GPT-5.4,FlowPilot,Hydrogenolysis,$._analogies[0].full_record.flow_optimized.flow_rate_total_mL_min,flow_rate_total_mL_min,0.01
H-9449CD3,GPT-5.4,FlowPilot,Hydrogenolysis,$._analogies[0].full_record.flow_optimized.concentration_M,concentration_M,0.05
H-9449CD3,GPT-5.4,FlowPilot,Hydrogenolysis,$._analogies[0].full_record.reactor.volume_mL,volume_mL,3.1
H-9449CD3,GPT-5.4,FlowPilot,Hydrogenolysis,$._analogies[0].full_record.reactor.tubing_diameter_mm,tubing_diameter_mm,4.0
H-9449CD3,GPT-5.4,FlowPilot,Hydrogenolysis,$._analogies[0].full_record.field_confidence.batch_baseline_temperature_C,batch_baseline_temperature_C,3
H-9449CD3,GPT-5.4,FlowPilot,Hydrogenolysis,$._analogies[0].full_record.field_confidence.batch_baseline_reaction_time_min,batch_baseline_reaction_time_min,3
H-9449CD3,GPT-5.4,FlowPilot,Hydrogenolysis,$._analogies[0].full_record.field_confidence.flow_optimized_temperature_C,flow_optimized_temperature_C,3
H-9449CD3,GPT-5.4,FlowPilot,Hydrogenolysis,$._analogies[0].full_record.field_confidence.flow_optimized_residence_time_min,flow_optimized_residence_time_min,3
H-9449CD3,GPT-5.4,FlowPilot,Hydrogenolysis,$._analogies[0].full_record.field_confidence.flow_optimized_yield_percent,flow_optimized_yield_percent,3
H-9449CD3,GPT-5.4,FlowPilot,Hydrogenolysis,$._analogies[0].full_record.field_confidence.flow_optimized_flow_rate_total_mL_min,flow_optimized_flow_rate_total_mL_min,3
H-9449CD3,GPT-5.4,FlowPilot,Hydrogenolysis,$._analogies[0].full_record.field_confidence.flow_optimized_concentration_M,flow_optimized_concentration_M,3
H-9449CD3,GPT-5.4,FlowPilot,Hydrogenolysis,$._analogies[1].full_record.chemistry.base.equiv,equiv,2.0
H-9449CD3,GPT-5.4,FlowPilot,Hydrogenolysis,$._analogies[1].full_record.batch_baseline.reaction_time_min,reaction_time_min,1020
H-9449CD3,GPT-5.4,FlowPilot,Hydrogenolysis,$._analogies[1].full_record.batch_baseline.concentration_M,concentration_M,0.13
H-9449CD3,GPT-5.4,FlowPilot,Hydrogenolysis,$._analogies[1].full_record.flow_optimized.residence_time_min,residence_time_min,180
H-9449CD3,GPT-5.4,FlowPilot,Hydrogenolysis,$._analogies[1].full_record.flow_optimized.flow_rate_total_mL_min,flow_rate_total_mL_min,1.0
H-9449CD3,GPT-5.4,FlowPilot,Hydrogenolysis,$._analogies[1].full_record.flow_optimized.concentration_M,concentration_M,0.05
H-9449CD3,GPT-5.4,FlowPilot,Hydrogenolysis,$._analogies[1].full_record.reactor.volume_mL,volume_mL,3.0
H-9449CD3,GPT-5.4,FlowPilot,Hydrogenolysis,$._analogies[1].full_record.reactor.tubing_diameter_mm,tubing_diameter_mm,7.5
H-9449CD3,GPT-5.4,FlowPilot,Hydrogenolysis,$._analogies[1].full_record.field_confidence.reaction_time_min,reaction_time_min,3
H-9449CD3,GPT-5.4,FlowPilot,Hydrogenolysis,$._analogies[1].full_record.field_confidence.residence_time_min,residence_time_min,3
H-9449CD3,GPT-5.4,FlowPilot,Hydrogenolysis,$._analogies[1].full_record.field_confidence.flow_rate_total_mL_min,flow_rate_total_mL_min,3
H-9449CD3,GPT-5.4,FlowPilot,Hydrogenolysis,$._analogies[1].full_record.field_confidence.reactor_volume_mL,reactor_volume_mL,3
H-9449CD3,GPT-5.4,FlowPilot,Hydrogenolysis,$._analogies[1].full_record.field_confidence.yield_percent_flow,yield_percent_flow,3
H-9449CD3,GPT-5.4,FlowPilot,Hydrogenolysis,$._analogies[2].full_record.batch_baseline.temperature_C,temperature_C,25
H-9449CD3,GPT-5.4,FlowPilot,Hydrogenolysis,$._analogies[2].full_record.batch_baseline.reaction_time_min,reaction_time_min,1080
H-9449CD3,GPT-5.4,FlowPilot,Hydrogenolysis,$._analogies[2].full_record.batch_baseline.concentration_M,concentration_M,0.05
H-9449CD3,GPT-5.4,FlowPilot,Hydrogenolysis,$._analogies[2].full_record.flow_optimized.residence_time_min,residence_time_min,25
H-9449CD3,GPT-5.4,FlowPilot,Hydrogenolysis,$._analogies[2].full_record.flow_optimized.flow_rate_total_mL_min,flow_rate_total_mL_min,0.083
H-9449CD3,GPT-5.4,FlowPilot,Hydrogenolysis,$._analogies[2].full_record.flow_optimized.back_pressure_bar,back_pressure_bar,20
H-9449CD3,GPT-5.4,FlowPilot,Hydrogenolysis,$._analogies[2].full_record.flow_optimized.throughput_mmol_h,throughput_mmol_h,180
H-9449CD3,GPT-5.4,FlowPilot,Hydrogenolysis,$._analogies[2].full_record.field_confidence.batch_baseline.temperature_C,batch_baseline.temperature_C,3
H-9449CD3,GPT-5.4,FlowPilot,Hydrogenolysis,$._analogies[2].full_record.field_confidence.batch_baseline.reaction_time_min,batch_baseline.reaction_time_min,3
H-9449CD3,GPT-5.4,FlowPilot,Hydrogenolysis,$._analogies[2].full_record.field_confidence.batch_baseline.concentration_M,batch_baseline.concentration_M,3
H-9449CD3,GPT-5.4,FlowPilot,Hydrogenolysis,$._analogies[2].full_record.field_confidence.flow_optimized.residence_time_min,flow_optimized.residence_time_min,3
H-9449CD3,GPT-5.4,FlowPilot,Hydrogenolysis,$._analogies[2].full_record.field_confidence.flow_optimized.flow_rate_total_mL_min,flow_optimized.flow_rate_total_mL_min,3
H-9449CD3,GPT-5.4,FlowPilot,Hydrogenolysis,$._analogies[2].full_record.field_confidence.flow_optimized.back_pressure_bar,flow_optimized.back_pressure_bar,3
H-9449CD3,GPT-5.4,FlowPilot,Hydrogenolysis,$._analogies[2].full_record.field_confidence.flow_optimized.yield_percent,flow_optimized.yield_percent,3
H-9449CD3,GPT-5.4,FlowPilot,Hydrogenolysis,$._analogies[2].full_record.field_confidence.flow_optimized.ee_percent,flow_optimized.ee_percent,3
H-9449CD3,GPT-5.4,FlowPilot,Hydrogenolysis,$._analogies[2].full_record.field_confidence.flow_optimized.scale_mmol,flow_optimized.scale_mmol,3
H-9449CD3,GPT-5.4,FlowPilot,Hydrogenolysis,$._analogies[2].full_record.field_confidence.flow_optimized.throughput_mmol_h,flow_optimized.throughput_mmol_h,3
H-9449CD3,GPT-5.4,FlowPilot,Hydrogenolysis,$.deliberation_log.rounds[0][1].tool_calls[0].input.temperature_C,temperature_C,60
H-9449CD3,GPT-5.4,FlowPilot,Hydrogenolysis,$.deliberation_log.rounds[0][1].tool_calls[0].result.temperature_limit_C,temperature_limit_C,200.0
H-9449CD3,GPT-5.4,FlowPilot,Hydrogenolysis,$.deliberation_log.rounds[0][1].tool_calls[0].result.temperature_margin_C,temperature_margin_C,140.0
H-9449CD3,GPT-5.4,FlowPilot,Hydrogenolysis,$.deliberation_log.rounds[0][2].tool_calls[0].result.batch_time_min,batch_time_min,300.0
H-9449CD3,GPT-5.4,FlowPilot,Hydrogenolysis,$.deliberation_log.rounds[0][3].tool_calls[0].input.flow_rate_mL_min,flow_rate_mL_min,0.07555
H-9449CD3,GPT-5.4,FlowPilot,Hydrogenolysis,$.deliberation_log.rounds[0][3].tool_calls[0].input.tubing_ID_mm,tubing_ID_mm,0.75
H-9449CD3,GPT-5.4,FlowPilot,Hydrogenolysis,$.deliberation_log.rounds[0][3].tool_calls[0].input.temperature_C,temperature_C,60
H-9449CD3,GPT-5.4,FlowPilot,Hydrogenolysis,$.deliberation_log.rounds[0][3].tool_calls[1].input.tubing_ID_mm,tubing_ID_mm,0.75
H-9449CD3,GPT-5.4,FlowPilot,Hydrogenolysis,$.deliberation_log.rounds[0][3].tool_calls[1].input.residence_time_min,residence_time_min,30.0
H-9449CD3,GPT-5.4,FlowPilot,Hydrogenolysis,$.deliberation_log.rounds[0][3].tool_calls[1].result.residence_time_s,residence_time_s,1800.0
H-9449CD3,GPT-5.4,FlowPilot,Hydrogenolysis,$.deliberation_log.rounds[0][3].tool_calls[2].input.flow_rate_mL_min,flow_rate_mL_min,0.07555
H-9449CD3,GPT-5.4,FlowPilot,Hydrogenolysis,$.deliberation_log.rounds[0][3].tool_calls[2].input.tubing_ID_mm,tubing_ID_mm,0.75
H-9449CD3,GPT-5.4,FlowPilot,Hydrogenolysis,$.deliberation_log.rounds[0][3].tool_calls[2].result.delta_P_Pa,delta_P_Pa,512.91
H-9449CD3,GPT-5.4,FlowPilot,Hydrogenolysis,$.deliberation_log.rounds[0][3].tool_calls[2].result.delta_P_bar,delta_P_bar,0.00513
H-9449CD3,GPT-5.4,FlowPilot,Hydrogenolysis,$.deliberation_log.rounds[0][3].tool_calls[3].input.flow_rate_mL_min,flow_rate_mL_min,0.09066
H-9449CD3,GPT-5.4,FlowPilot,Hydrogenolysis,$.deliberation_log.rounds[0][3].tool_calls[3].input.tubing_ID_mm,tubing_ID_mm,0.75
H-9449CD3,GPT-5.4,FlowPilot,Hydrogenolysis,$.deliberation_log.rounds[0][3].tool_calls[3].result.delta_P_Pa,delta_P_Pa,615.492
H-9449CD3,GPT-5.4,FlowPilot,Hydrogenolysis,$.deliberation_log.rounds[0][3].tool_calls[3].result.delta_P_bar,delta_P_bar,0.00615
H-9449CD3,GPT-5.4,FlowPilot,Hydrogenolysis,$.deliberation_log.rounds[0][3].tool_calls[4].input.flow_rate_mL_min,flow_rate_mL_min,0.07555
H-9449CD3,GPT-5.4,FlowPilot,Hydrogenolysis,$.deliberation_log.rounds[0][3].tool_calls[4].input.tubing_ID_mm,tubing_ID_mm,0.75
H-9449CD3,GPT-5.4,FlowPilot,Hydrogenolysis,$.deliberation_log.rounds[0][3].tool_calls[4].result.delta_P_Pa,delta_P_Pa,615.492
H-9449CD3,GPT-5.4,FlowPilot,Hydrogenolysis,$.deliberation_log.rounds[0][3].tool_calls[4].result.delta_P_bar,delta_P_bar,0.00615
H-9449CD3,GPT-5.4,FlowPilot,Hydrogenolysis,$.deliberation_log.rounds[0][3].tool_calls[5].input.temperature_C,temperature_C,60
H-9449CD3,GPT-5.4,FlowPilot,Hydrogenolysis,$.deliberation_log.rounds[0][3].tool_calls[5].input.delta_P_system_bar,delta_P_system_bar,0.01476
H-9449CD3,GPT-5.4,FlowPilot,Hydrogenolysis,$.deliberation_log.rounds[0][4].tool_calls[0].input.temperature_C,temperature_C,60
H-9449CD3,GPT-5.4,FlowPilot,Hydrogenolysis,$.deliberation_log.rounds[0][4].tool_calls[0].input.delta_P_system_bar,delta_P_system_bar,0.01476
H-9449CD3,GPT-5.4,FlowPilot,Hydrogenolysis,$.deliberation_log.rounds[0][4].tool_calls[1].input.temperature_C,temperature_C,60
H-9449CD3,GPT-5.4,FlowPilot,Hydrogenolysis,$.deliberation_log.rounds[0][4].tool_calls[1].result.temperature_limit_C,temperature_limit_C,200.0
H-9449CD3,GPT-5.4,FlowPilot,Hydrogenolysis,$.deliberation_log.rounds[0][4].tool_calls[1].result.temperature_margin_C,temperature_margin_C,140.0
H-9449CD3,GPT-5.4,FlowPilot,Hydrogenolysis,$.deliberation_log.rounds[1][0].tool_calls[0].input.BPR_center_bar,BPR_center_bar,21
H-9449CD3,GPT-5.4,FlowPilot,Hydrogenolysis,$.pre_council_proposal.residence_time_min,residence_time_min,7.5
H-9449CD3,GPT-5.4,FlowPilot,Hydrogenolysis,$.pre_council_proposal.flow_rate_mL_min,flow_rate_mL_min,0.06
H-9449CD3,GPT-5.4,FlowPilot,Hydrogenolysis,$.pre_council_proposal.temperature_C,temperature_C,60.0
H-9449CD3,GPT-5.4,FlowPilot,Hydrogenolysis,$.pre_council_proposal.concentration_M,concentration_M,0.126
H-9449CD3,GPT-5.4,FlowPilot,Hydrogenolysis,$.pre_council_proposal.BPR_bar,BPR_bar,21.0
H-9449CD3,GPT-5.4,FlowPilot,Hydrogenolysis,$.pre_council_proposal.tubing_ID_mm,tubing_ID_mm,4.35
H-9449CD3,GPT-5.4,FlowPilot,Hydrogenolysis,$.pre_council_proposal.reactor_volume_mL,reactor_volume_mL,3.0
H-9449CD3,GPT-5.4,FlowPilot,Hydrogenolysis,$.pre_council_proposal.residence_time_inlet_min,residence_time_inlet_min,2.2
H-9449CD3,GPT-5.4,FlowPilot,Hydrogenolysis,$.pre_council_proposal.residence_time_in_channel_min,residence_time_in_channel_min,6.44
H-9449CD3,GPT-5.4,FlowPilot,Hydrogenolysis,$.pre_council_proposal.streams[0].concentration_M,concentration_M,0.126
H-9449CD3,GPT-5.4,FlowPilot,Hydrogenolysis,$.pre_council_proposal.streams[0].flow_rate_mL_min,flow_rate_mL_min,0.1
H-9449CD3,GPT-5.4,FlowPilot,Hydrogenolysis,$.pre_council_proposal.streams[0].molar_equiv,molar_equiv,1.0
H-9449CD3,GPT-5.4,FlowPilot,Hydrogenolysis,$.pre_council_proposal.streams[1].flow_rate_mL_min,flow_rate_mL_min,1.365
H-9449CD3,GPT-5.4,FlowPilot,Hydrogenolysis,$.pre_council_proposal.streams[1].gas_flow_sccm,gas_flow_sccm,1.0
H-9449CD3,GPT-5.4,FlowPilot,Hydrogenolysis,$.pre_council_proposal.streams[1].gas_flow_actual_mL_min,gas_flow_actual_mL_min,0.365
H-9449CD3,GPT-5.4,FlowPilot,Hydrogenolysis,$.pre_council_proposal.streams[1].molar_equiv,molar_equiv,1.0
H-9449CD3,GPT-5.4,FlowPilot,Hydrogenolysis,$.pre_council_proposal.stage_parameters[0].reactor_volume_mL,reactor_volume_mL,3
H-9449CD3,GPT-5.4,FlowPilot,Hydrogenolysis,$.pre_council_proposal.stage_parameters[0].temperature_C,temperature_C,60
H-9449CD3,GPT-5.4,FlowPilot,Hydrogenolysis,$.pre_council_proposal.stage_parameters[0].residence_time_min,residence_time_min,30
H-9449CD3,GPT-5.4,FlowPilot,Hydrogenolysis,$.process_topology.unit_operations[0].parameters.flow_rate_mL_min,flow_rate_mL_min,0.1
H-9449CD3,GPT-5.4,FlowPilot,Hydrogenolysis,$.process_topology.unit_operations[1].parameters.flow_rate_mL_min,flow_rate_mL_min,0.158539
H-9449CD3,GPT-5.4,FlowPilot,Hydrogenolysis,$.process_topology.unit_operations[1].parameters.gas_flow_sccm,gas_flow_sccm,2.824003
H-9449CD3,GPT-5.4,FlowPilot,Hydrogenolysis,$.process_topology.unit_operations[1].parameters.gas_flow_actual_mL_min,gas_flow_actual_mL_min,0.158539
H-9449CD3,GPT-5.4,FlowPilot,Hydrogenolysis,$.process_topology.unit_operations[3].parameters.volume_mL,volume_mL,3.0
H-9449CD3,GPT-5.4,FlowPilot,Hydrogenolysis,$.process_topology.unit_operations[3].parameters.temperature_C,temperature_C,60.0
H-9449CD3,GPT-5.4,FlowPilot,Hydrogenolysis,$.process_topology.unit_operations[3].parameters.residence_time_min,residence_time_min,30.0
H-9449CD3,GPT-5.4,FlowPilot,Hydrogenolysis,$.process_topology.unit_operations[4].parameters.temperature_C,temperature_C,60.0
H-9449CD3,GPT-5.4,FlowPilot,Hydrogenolysis,$.process_topology.unit_operations[5].parameters.pressure_bar,pressure_bar,21.0
H-9449CD3,GPT-5.4,FlowPilot,Hydrogenolysis,$.process_topology.total_flow_rate_mL_min,total_flow_rate_mL_min,0.1
H-9449CD3,GPT-5.4,FlowPilot,Hydrogenolysis,$.process_topology.residence_time_min,residence_time_min,30.0
H-9449CD3,GPT-5.4,FlowPilot,Hydrogenolysis,$.process_topology.reactor_volume_mL,reactor_volume_mL,3.0
H-9449CD3,GPT-5.4,FlowPilot,Hydrogenolysis,$.process_topology.instrument_manifest[0].settings[0].flow_rate_mL_min,flow_rate_mL_min,0.1
H-9449CD3,GPT-5.4,FlowPilot,Hydrogenolysis,$.process_topology.instrument_manifest[1].settings[0].flow_sccm,flow_sccm,2.824003
H-9449CD3,GPT-5.4,FlowPilot,Hydrogenolysis,$.process_topology.instrument_manifest[2].settings[0].total_flow_mL_min,total_flow_mL_min,0.1
H-9449CD3,GPT-5.4,FlowPilot,Hydrogenolysis,$.process_topology.instrument_manifest[3].settings[0].volume_mL,volume_mL,3.0
H-9449CD3,GPT-5.4,FlowPilot,Hydrogenolysis,$.process_topology.instrument_manifest[3].settings[0].temperature_C,temperature_C,60.0
H-9449CD3,GPT-5.4,FlowPilot,Hydrogenolysis,$.process_topology.instrument_manifest[4].settings[0].temperature_C,temperature_C,60.0
H-9449CD3,GPT-5.4,FlowPilot,Hydrogenolysis,$.process_topology.instrument_manifest[5].settings[0].pressure_bar,pressure_bar,21.0
H-9449CD3,GPT-5.4,FlowPilot,Hydrogenolysis,$.final_design.parameters.flow_rate_mL_min,flow_rate_mL_min,0.1
H-9449CD3,GPT-5.4,FlowPilot,Hydrogenolysis,$.final_design.parameters.temperature_C,temperature_C,60.0
H-9449CD3,GPT-5.4,FlowPilot,Hydrogenolysis,$.final_design.parameters.concentration_M,concentration_M,0.126
H-9449CD3,GPT-5.4,FlowPilot,Hydrogenolysis,$.final_design.parameters.BPR_bar,BPR_bar,21.0
H-9449CD3,GPT-5.4,FlowPilot,Hydrogenolysis,$.final_design.parameters.tubing_ID_mm,tubing_ID_mm,4.35
H-9449CD3,GPT-5.4,FlowPilot,Hydrogenolysis,$.final_design.parameters.reactor_volume_mL,reactor_volume_mL,3.0
H-9449CD3,GPT-5.4,FlowPilot,Hydrogenolysis,$.final_design.parameters.residence_time_min,residence_time_min,30.0
H-9449CD3,GPT-5.4,FlowPilot,Hydrogenolysis,$.final_design.parameters.residence_time_inlet_min,residence_time_inlet_min,1.025991
H-9449CD3,GPT-5.4,FlowPilot,Hydrogenolysis,$.final_design.parameters.residence_time_in_channel_min,residence_time_in_channel_min,11.603665
H-9449CD3,GPT-5.4,FlowPilot,Hydrogenolysis,$.final_design.streams[0].concentration_M,concentration_M,0.126
H-9449CD3,GPT-5.4,FlowPilot,Hydrogenolysis,$.final_design.streams[0].flow_rate_mL_min,flow_rate_mL_min,0.1
H-9449CD3,GPT-5.4,FlowPilot,Hydrogenolysis,$.final_design.streams[0].molar_equiv,molar_equiv,1.0
H-9449CD3,GPT-5.4,FlowPilot,Hydrogenolysis,$.final_design.streams[1].flow_rate_mL_min,flow_rate_mL_min,0.158539
H-9449CD3,GPT-5.4,FlowPilot,Hydrogenolysis,$.final_design.streams[1].gas_flow_sccm,gas_flow_sccm,2.824003
H-9449CD3,GPT-5.4,FlowPilot,Hydrogenolysis,$.final_design.streams[1].gas_flow_actual_mL_min,gas_flow_actual_mL_min,0.158539
H-9449CD3,GPT-5.4,FlowPilot,Hydrogenolysis,$.final_design.streams[1].molar_equiv,molar_equiv,10.0
H-9449CD3,GPT-5.4,FlowPilot,Hydrogenolysis,$.final_design.instrument_manifest[0].settings[0].flow_rate_mL_min,flow_rate_mL_min,0.1
H-9449CD3,GPT-5.4,FlowPilot,Hydrogenolysis,$.final_design.instrument_manifest[1].settings[0].flow_sccm,flow_sccm,2.824003
H-9449CD3,GPT-5.4,FlowPilot,Hydrogenolysis,$.final_design.instrument_manifest[2].settings[0].total_flow_mL_min,total_flow_mL_min,0.1
H-9449CD3,GPT-5.4,FlowPilot,Hydrogenolysis,$.final_design.instrument_manifest[3].settings[0].volume_mL,volume_mL,3.0
H-9449CD3,GPT-5.4,FlowPilot,Hydrogenolysis,$.final_design.instrument_manifest[3].settings[0].temperature_C,temperature_C,60.0
H-9449CD3,GPT-5.4,FlowPilot,Hydrogenolysis,$.final_design.instrument_manifest[4].settings[0].temperature_C,temperature_C,60.0
H-9449CD3,GPT-5.4,FlowPilot,Hydrogenolysis,$.final_design.instrument_manifest[5].settings[0].pressure_bar,pressure_bar,21.0
H-9449CD3,GPT-5.4,FlowPilot,Hydrogenolysis,$.final_design.process_graph.topology.unit_operations[0].parameters.flow_rate_mL_min,flow_rate_mL_min,0.1
H-9449CD3,GPT-5.4,FlowPilot,Hydrogenolysis,$.final_design.process_graph.topology.unit_operations[1].parameters.flow_rate_mL_min,flow_rate_mL_min,0.158539
H-9449CD3,GPT-5.4,FlowPilot,Hydrogenolysis,$.final_design.process_graph.topology.unit_operations[1].parameters.gas_flow_sccm,gas_flow_sccm,2.824003
H-9449CD3,GPT-5.4,FlowPilot,Hydrogenolysis,$.final_design.process_graph.topology.unit_operations[1].parameters.gas_flow_actual_mL_min,gas_flow_actual_mL_min,0.158539
H-9449CD3,GPT-5.4,FlowPilot,Hydrogenolysis,$.final_design.process_graph.topology.unit_operations[3].parameters.volume_mL,volume_mL,3.0
H-9449CD3,GPT-5.4,FlowPilot,Hydrogenolysis,$.final_design.process_graph.topology.unit_operations[3].parameters.temperature_C,temperature_C,60.0
H-9449CD3,GPT-5.4,FlowPilot,Hydrogenolysis,$.final_design.process_graph.topology.unit_operations[3].parameters.residence_time_min,residence_time_min,30.0
H-9449CD3,GPT-5.4,FlowPilot,Hydrogenolysis,$.final_design.process_graph.topology.unit_operations[4].parameters.temperature_C,temperature_C,60.0
H-9449CD3,GPT-5.4,FlowPilot,Hydrogenolysis,$.final_design.process_graph.topology.unit_operations[5].parameters.pressure_bar,pressure_bar,21.0
H-9449CD3,GPT-5.4,FlowPilot,Hydrogenolysis,$.final_design.process_graph.topology.total_flow_rate_mL_min,total_flow_rate_mL_min,0.1
H-9449CD3,GPT-5.4,FlowPilot,Hydrogenolysis,$.final_design.process_graph.topology.residence_time_min,residence_time_min,30.0
H-9449CD3,GPT-5.4,FlowPilot,Hydrogenolysis,$.final_design.process_graph.topology.reactor_volume_mL,reactor_volume_mL,3.0
H-9449CD3,GPT-5.4,FlowPilot,Hydrogenolysis,$.final_design.process_graph.topology.instrument_manifest[0].settings[0].flow_rate_mL_min,flow_rate_mL_min,0.1
H-9449CD3,GPT-5.4,FlowPilot,Hydrogenolysis,$.final_design.process_graph.topology.instrument_manifest[1].settings[0].flow_sccm,flow_sccm,2.824003
H-9449CD3,GPT-5.4,FlowPilot,Hydrogenolysis,$.final_design.process_graph.topology.instrument_manifest[2].settings[0].total_flow_mL_min,total_flow_mL_min,0.1
H-9449CD3,GPT-5.4,FlowPilot,Hydrogenolysis,$.final_design.process_graph.topology.instrument_manifest[3].settings[0].volume_mL,volume_mL,3.0
H-9449CD3,GPT-5.4,FlowPilot,Hydrogenolysis,$.final_design.process_graph.topology.instrument_manifest[3].settings[0].temperature_C,temperature_C,60.0
H-9449CD3,GPT-5.4,FlowPilot,Hydrogenolysis,$.final_design.process_graph.topology.instrument_manifest[4].settings[0].temperature_C,temperature_C,60.0
H-9449CD3,GPT-5.4,FlowPilot,Hydrogenolysis,$.final_design.process_graph.topology.instrument_manifest[5].settings[0].pressure_bar,pressure_bar,21.0
H-9449CD3,GPT-5.4,FlowPilot,Hydrogenolysis,$.final_design.process_graph.feeds[0].flow_rate_mL_min,flow_rate_mL_min,0.1
H-9449CD3,GPT-5.4,FlowPilot,Hydrogenolysis,$.final_design.process_graph.feeds[1].gas_flow_sccm,gas_flow_sccm,2.824003
H-9449CD3,GPT-5.4,FlowPilot,Hydrogenolysis,$.final_design.process_graph.feeds[1].gas_flow_actual_mL_min,gas_flow_actual_mL_min,0.158539
H-9449CD3,GPT-5.4,FlowPilot,Hydrogenolysis,$.final_design.process_graph.stages[0].temperature_C,temperature_C,60.0
H-9449CD3,GPT-5.4,FlowPilot,Hydrogenolysis,$.final_design.process_graph.stages[0].reactor_volume_mL,reactor_volume_mL,3.0
H-9449CD3,GPT-5.4,FlowPilot,Hydrogenolysis,$.final_design.process_graph.stages[0].residence_flow_mL_min,residence_flow_mL_min,0.1
H-9449CD3,GPT-5.4,FlowPilot,Hydrogenolysis,$.final_design.process_graph.stages[0].residence_time_min,residence_time_min,30.0
H-9449CD3,GPT-5.4,FlowPilot,Hydrogenolysis,$.final_design.process_graph.total_liquid_flow_mL_min,total_liquid_flow_mL_min,0.1
H-9449CD3,GPT-5.4,FlowPilot,Hydrogenolysis,$.final_design.process_graph.total_reactor_volume_mL,total_reactor_volume_mL,3.0
H-9449CD3,GPT-5.4,FlowPilot,Hydrogenolysis,$.final_design.process_graph.total_residence_time_min,total_residence_time_min,30.0
H-9449CD3,GPT-5.4,FlowPilot,Hydrogenolysis,$.final_design.diagnostic.preliminary_candidate.residence_time_min,residence_time_min,30.0
H-9449CD3,GPT-5.4,FlowPilot,Hydrogenolysis,$.final_design.diagnostic.preliminary_candidate.residence_time_inlet_min,residence_time_inlet_min,1.025991
H-9449CD3,GPT-5.4,FlowPilot,Hydrogenolysis,$.final_design.diagnostic.preliminary_candidate.residence_time_in_channel_min,residence_time_in_channel_min,11.603665
H-9449CD3,GPT-5.4,FlowPilot,Hydrogenolysis,$.final_design.diagnostic.preliminary_candidate.flow_rate_mL_min,flow_rate_mL_min,0.1
H-9449CD3,GPT-5.4,FlowPilot,Hydrogenolysis,$.final_design.diagnostic.preliminary_candidate.reactor_volume_mL,reactor_volume_mL,3.0
H-470478E,GPT-5.4,FlowPilot,Two-stage amidation,$.proposal.residence_time_min,residence_time_min,78.4667
H-470478E,GPT-5.4,FlowPilot,Two-stage amidation,$.proposal.flow_rate_mL_min,flow_rate_mL_min,0.2
H-470478E,GPT-5.4,FlowPilot,Two-stage amidation,$.proposal.temperature_C,temperature_C,80.0
H-470478E,GPT-5.4,FlowPilot,Two-stage amidation,$.proposal.concentration_M,concentration_M,0.667
H-470478E,GPT-5.4,FlowPilot,Two-stage amidation,$.proposal.BPR_bar,BPR_bar,0.0
H-470478E,GPT-5.4,FlowPilot,Two-stage amidation,$.proposal.tubing_ID_mm,tubing_ID_mm,0.5
H-470478E,GPT-5.4,FlowPilot,Two-stage amidation,$.proposal.reactor_volume_mL,reactor_volume_mL,15.04
H-470478E,GPT-5.4,FlowPilot,Two-stage amidation,$.proposal.residence_time_inlet_min,residence_time_inlet_min,78.4667
H-470478E,GPT-5.4,FlowPilot,Two-stage amidation,$.proposal.residence_time_in_channel_min,residence_time_in_channel_min,78.4667
H-470478E,GPT-5.4,FlowPilot,Two-stage amidation,$.proposal.streams[0].concentration_M,concentration_M,0.667
H-470478E,GPT-5.4,FlowPilot,Two-stage amidation,$.proposal.streams[0].flow_rate_mL_min,flow_rate_mL_min,0.05
H-470478E,GPT-5.4,FlowPilot,Two-stage amidation,$.proposal.streams[0].molar_equiv,molar_equiv,1.0
H-470478E,GPT-5.4,FlowPilot,Two-stage amidation,$.proposal.streams[1].concentration_M,concentration_M,0.667
H-470478E,GPT-5.4,FlowPilot,Two-stage amidation,$.proposal.streams[1].flow_rate_mL_min,flow_rate_mL_min,0.1
H-470478E,GPT-5.4,FlowPilot,Two-stage amidation,$.proposal.streams[1].molar_equiv,molar_equiv,2.0
H-470478E,GPT-5.4,FlowPilot,Two-stage amidation,$.proposal.streams[2].concentration_M,concentration_M,0.667
H-470478E,GPT-5.4,FlowPilot,Two-stage amidation,$.proposal.streams[2].flow_rate_mL_min,flow_rate_mL_min,0.05
H-470478E,GPT-5.4,FlowPilot,Two-stage amidation,$.proposal.streams[2].molar_equiv,molar_equiv,1.0
H-470478E,GPT-5.4,FlowPilot,Two-stage amidation,$.proposal.stage_parameters[0].reactor_volume_mL,reactor_volume_mL,1.96
H-470478E,GPT-5.4,FlowPilot,Two-stage amidation,$.proposal.stage_parameters[0].temperature_C,temperature_C,70.0
H-470478E,GPT-5.4,FlowPilot,Two-stage amidation,$.proposal.stage_parameters[0].flow_rate_mL_min,flow_rate_mL_min,0.15
H-470478E,GPT-5.4,FlowPilot,Two-stage amidation,$.proposal.stage_parameters[0].gas_flow_sccm,gas_flow_sccm,0.0
H-470478E,GPT-5.4,FlowPilot,Two-stage amidation,$.proposal.stage_parameters[0].gas_flow_actual_mL_min,gas_flow_actual_mL_min,0.0
H-470478E,GPT-5.4,FlowPilot,Two-stage amidation,$.proposal.stage_parameters[0].residence_time_min,residence_time_min,13.0667
H-470478E,GPT-5.4,FlowPilot,Two-stage amidation,$.proposal.stage_parameters[0].residence_time_inlet_min,residence_time_inlet_min,13.0667
H-470478E,GPT-5.4,FlowPilot,Two-stage amidation,$.proposal.stage_parameters[0].residence_time_in_channel_min,residence_time_in_channel_min,13.0667
H-470478E,GPT-5.4,FlowPilot,Two-stage amidation,$.proposal.stage_parameters[1].reactor_volume_mL,reactor_volume_mL,13.08
H-470478E,GPT-5.4,FlowPilot,Two-stage amidation,$.proposal.stage_parameters[1].temperature_C,temperature_C,80.0
H-470478E,GPT-5.4,FlowPilot,Two-stage amidation,$.proposal.stage_parameters[1].flow_rate_mL_min,flow_rate_mL_min,0.2
H-470478E,GPT-5.4,FlowPilot,Two-stage amidation,$.proposal.stage_parameters[1].gas_flow_sccm,gas_flow_sccm,0.0
H-470478E,GPT-5.4,FlowPilot,Two-stage amidation,$.proposal.stage_parameters[1].gas_flow_actual_mL_min,gas_flow_actual_mL_min,0.0
H-470478E,GPT-5.4,FlowPilot,Two-stage amidation,$.proposal.stage_parameters[1].residence_time_min,residence_time_min,65.4
H-470478E,GPT-5.4,FlowPilot,Two-stage amidation,$.proposal.stage_parameters[1].residence_time_inlet_min,residence_time_inlet_min,65.4
H-470478E,GPT-5.4,FlowPilot,Two-stage amidation,$.proposal.stage_parameters[1].residence_time_in_channel_min,residence_time_in_channel_min,65.4
H-470478E,GPT-5.4,FlowPilot,Two-stage amidation,$.proposal.multiphase_metrics.total_reactor_volume_mL,total_reactor_volume_mL,15.04
H-470478E,GPT-5.4,FlowPilot,Two-stage amidation,$.proposal.multiphase_metrics.multistage_residence_time_inlet_min,multistage_residence_time_inlet_min,78.4667
H-470478E,GPT-5.4,FlowPilot,Two-stage amidation,$.proposal.multiphase_metrics.multistage_residence_time_in_channel_min,multistage_residence_time_in_channel_min,78.4667
H-470478E,GPT-5.4,FlowPilot,Two-stage amidation,$.proposal.heat_transfer_metrics.surface_to_volume_m_inv,surface_to_volume_m_inv,8000.0
H-470478E,GPT-5.4,FlowPilot,Two-stage amidation,$.proposal.heat_transfer_metrics.UA_W_K,UA_W_K,31.391532
H-470478E,GPT-5.4,FlowPilot,Two-stage amidation,$.proposal.heat_transfer_metrics.thermal_damkohler,thermal_damkohler,0.001044
H-470478E,GPT-5.4,FlowPilot,Two-stage amidation,$.proposal.inventory_selection.volume_mL,volume_mL,13.08
H-470478E,GPT-5.4,FlowPilot,Two-stage amidation,$.proposal.inventory_selection.total_volume_mL,total_volume_mL,15.04
H-470478E,GPT-5.4,FlowPilot,Two-stage amidation,$.proposal.inventory_constraints.selected_reactor.volume_mL,volume_mL,13.08
H-470478E,GPT-5.4,FlowPilot,Two-stage amidation,$.proposal.inventory_constraints.selected_pump.max_pressure_bar,max_pressure_bar,10.0
H-470478E,GPT-5.4,FlowPilot,Two-stage amidation,$.proposal.inventory_constraints.selected_pump.max_flow_rate_mL_min,max_flow_rate_mL_min,1.5
H-470478E,GPT-5.4,FlowPilot,Two-stage amidation,$.proposal.inventory_constraints.selected_pump.min_flow_rate_mL_min,min_flow_rate_mL_min,0.05
H-470478E,GPT-5.4,FlowPilot,Two-stage amidation,$.proposal.inventory_constraints.flow_recalculation.requested_residence_time_min,requested_residence_time_min,76.01
H-470478E,GPT-5.4,FlowPilot,Two-stage amidation,$.proposal.inventory_constraints.flow_recalculation.pump_min_flow_rate_mL_min,pump_min_flow_rate_mL_min,0.05
H-470478E,GPT-5.4,FlowPilot,Two-stage amidation,$.proposal.inventory_constraints.flow_recalculation.pump_max_flow_rate_mL_min,pump_max_flow_rate_mL_min,1.5
H-470478E,GPT-5.4,FlowPilot,Two-stage amidation,$.proposal.inventory_constraints.flow_recalculation.liquid_flow_rate_mL_min,liquid_flow_rate_mL_min,0.17208
H-470478E,GPT-5.4,FlowPilot,Two-stage amidation,$.proposal.inventory_constraints.final_validation.design_realization.decisions[1].selected_BPR_bar,selected_BPR_bar,0.0
H-470478E,GPT-5.4,FlowPilot,Two-stage amidation,$.proposal.inventory_constraints.final_validation.design_realization.decisions[2].total_reactive_liquid_flow_mL_min,total_reactive_liquid_flow_mL_min,0.2
H-470478E,GPT-5.4,FlowPilot,Two-stage amidation,$.proposal.inventory_constraints.final_validation.design_realization.decisions[3].temperature_C,temperature_C,70.0
H-470478E,GPT-5.4,FlowPilot,Two-stage amidation,$.proposal.inventory_constraints.final_validation.design_realization.decisions[4].temperature_C,temperature_C,80.0
H-470478E,GPT-5.4,FlowPilot,Two-stage amidation,$.proposal.inventory_constraints.final_validation.design_realization.feed_assignments[0].flow_rate_mL_min,flow_rate_mL_min,0.05
H-470478E,GPT-5.4,FlowPilot,Two-stage amidation,$.proposal.inventory_constraints.final_validation.design_realization.feed_assignments[0].concentration_M,concentration_M,0.667
H-470478E,GPT-5.4,FlowPilot,Two-stage amidation,$.proposal.inventory_constraints.final_validation.design_realization.feed_assignments[0].molar_equiv,molar_equiv,1.0
H-470478E,GPT-5.4,FlowPilot,Two-stage amidation,$.proposal.inventory_constraints.final_validation.design_realization.feed_assignments[1].flow_rate_mL_min,flow_rate_mL_min,0.1
H-470478E,GPT-5.4,FlowPilot,Two-stage amidation,$.proposal.inventory_constraints.final_validation.design_realization.feed_assignments[1].concentration_M,concentration_M,0.667
H-470478E,GPT-5.4,FlowPilot,Two-stage amidation,$.proposal.inventory_constraints.final_validation.design_realization.feed_assignments[1].molar_equiv,molar_equiv,2.0
H-470478E,GPT-5.4,FlowPilot,Two-stage amidation,$.proposal.inventory_constraints.final_validation.design_realization.feed_assignments[2].flow_rate_mL_min,flow_rate_mL_min,0.05
H-470478E,GPT-5.4,FlowPilot,Two-stage amidation,$.proposal.inventory_constraints.final_validation.design_realization.feed_assignments[2].concentration_M,concentration_M,0.667
H-470478E,GPT-5.4,FlowPilot,Two-stage amidation,$.proposal.inventory_constraints.final_validation.design_realization.feed_assignments[2].molar_equiv,molar_equiv,1.0
H-470478E,GPT-5.4,FlowPilot,Two-stage amidation,$.proposal.inventory_constraints.final_validation.design_realization.multistage.total_reactor_volume_mL,total_reactor_volume_mL,15.04
H-470478E,GPT-5.4,FlowPilot,Two-stage amidation,$.proposal.inventory_constraints.final_validation.design_realization.multistage.total_residence_time_inlet_min,total_residence_time_inlet_min,78.4667
H-470478E,GPT-5.4,FlowPilot,Two-stage amidation,$.proposal.inventory_constraints.final_validation.design_realization.multistage.total_residence_time_in_channel_min,total_residence_time_in_channel_min,78.4667
H-470478E,GPT-5.4,FlowPilot,Two-stage amidation,$.proposal.inventory_constraints.final_validation.design_realization.multistage.stage_parameters[0].reactor_volume_mL,reactor_volume_mL,1.96
H-470478E,GPT-5.4,FlowPilot,Two-stage amidation,$.proposal.inventory_constraints.final_validation.design_realization.multistage.stage_parameters[0].temperature_C,temperature_C,70.0
H-470478E,GPT-5.4,FlowPilot,Two-stage amidation,$.proposal.inventory_constraints.final_validation.design_realization.multistage.stage_parameters[0].flow_rate_mL_min,flow_rate_mL_min,0.15
H-470478E,GPT-5.4,FlowPilot,Two-stage amidation,$.proposal.inventory_constraints.final_validation.design_realization.multistage.stage_parameters[0].gas_flow_sccm,gas_flow_sccm,0.0
H-470478E,GPT-5.4,FlowPilot,Two-stage amidation,$.proposal.inventory_constraints.final_validation.design_realization.multistage.stage_parameters[0].gas_flow_actual_mL_min,gas_flow_actual_mL_min,0.0
H-470478E,GPT-5.4,FlowPilot,Two-stage amidation,$.proposal.inventory_constraints.final_validation.design_realization.multistage.stage_parameters[0].residence_time_min,residence_time_min,13.0667
H-470478E,GPT-5.4,FlowPilot,Two-stage amidation,$.proposal.inventory_constraints.final_validation.design_realization.multistage.stage_parameters[0].residence_time_inlet_min,residence_time_inlet_min,13.0667
H-470478E,GPT-5.4,FlowPilot,Two-stage amidation,$.proposal.inventory_constraints.final_validation.design_realization.multistage.stage_parameters[0].residence_time_in_channel_min,residence_time_in_channel_min,13.0667
H-470478E,GPT-5.4,FlowPilot,Two-stage amidation,$.proposal.inventory_constraints.final_validation.design_realization.multistage.stage_parameters[1].reactor_volume_mL,reactor_volume_mL,13.08
H-470478E,GPT-5.4,FlowPilot,Two-stage amidation,$.proposal.inventory_constraints.final_validation.design_realization.multistage.stage_parameters[1].temperature_C,temperature_C,80.0
H-470478E,GPT-5.4,FlowPilot,Two-stage amidation,$.proposal.inventory_constraints.final_validation.design_realization.multistage.stage_parameters[1].flow_rate_mL_min,flow_rate_mL_min,0.2
H-470478E,GPT-5.4,FlowPilot,Two-stage amidation,$.proposal.inventory_constraints.final_validation.design_realization.multistage.stage_parameters[1].gas_flow_sccm,gas_flow_sccm,0.0
H-470478E,GPT-5.4,FlowPilot,Two-stage amidation,$.proposal.inventory_constraints.final_validation.design_realization.multistage.stage_parameters[1].gas_flow_actual_mL_min,gas_flow_actual_mL_min,0.0
H-470478E,GPT-5.4,FlowPilot,Two-stage amidation,$.proposal.inventory_constraints.final_validation.design_realization.multistage.stage_parameters[1].residence_time_min,residence_time_min,65.4
H-470478E,GPT-5.4,FlowPilot,Two-stage amidation,$.proposal.inventory_constraints.final_validation.design_realization.multistage.stage_parameters[1].residence_time_inlet_min,residence_time_inlet_min,65.4
H-470478E,GPT-5.4,FlowPilot,Two-stage amidation,$.proposal.inventory_constraints.final_validation.design_realization.multistage.stage_parameters[1].residence_time_in_channel_min,residence_time_in_channel_min,65.4
H-470478E,GPT-5.4,FlowPilot,Two-stage amidation,$.proposal.inventory_constraints.multistage_inventory_plan.total_reactor_volume_mL,total_reactor_volume_mL,15.04
H-470478E,GPT-5.4,FlowPilot,Two-stage amidation,$.proposal.inventory_constraints.multistage_inventory_plan.total_residence_time_inlet_min,total_residence_time_inlet_min,78.4667
H-470478E,GPT-5.4,FlowPilot,Two-stage amidation,$.proposal.inventory_constraints.multistage_inventory_plan.total_residence_time_in_channel_min,total_residence_time_in_channel_min,78.4667
H-470478E,GPT-5.4,FlowPilot,Two-stage amidation,$.proposal.inventory_constraints.multistage_inventory_plan.stage_parameters[0].reactor_volume_mL,reactor_volume_mL,1.96
H-470478E,GPT-5.4,FlowPilot,Two-stage amidation,$.proposal.inventory_constraints.multistage_inventory_plan.stage_parameters[0].temperature_C,temperature_C,70.0
H-470478E,GPT-5.4,FlowPilot,Two-stage amidation,$.proposal.inventory_constraints.multistage_inventory_plan.stage_parameters[0].flow_rate_mL_min,flow_rate_mL_min,0.15
H-470478E,GPT-5.4,FlowPilot,Two-stage amidation,$.proposal.inventory_constraints.multistage_inventory_plan.stage_parameters[0].gas_flow_sccm,gas_flow_sccm,0.0
H-470478E,GPT-5.4,FlowPilot,Two-stage amidation,$.proposal.inventory_constraints.multistage_inventory_plan.stage_parameters[0].gas_flow_actual_mL_min,gas_flow_actual_mL_min,0.0
H-470478E,GPT-5.4,FlowPilot,Two-stage amidation,$.proposal.inventory_constraints.multistage_inventory_plan.stage_parameters[0].residence_time_min,residence_time_min,13.0667
H-470478E,GPT-5.4,FlowPilot,Two-stage amidation,$.proposal.inventory_constraints.multistage_inventory_plan.stage_parameters[0].residence_time_inlet_min,residence_time_inlet_min,13.0667
H-470478E,GPT-5.4,FlowPilot,Two-stage amidation,$.proposal.inventory_constraints.multistage_inventory_plan.stage_parameters[0].residence_time_in_channel_min,residence_time_in_channel_min,13.0667
H-470478E,GPT-5.4,FlowPilot,Two-stage amidation,$.proposal.inventory_constraints.multistage_inventory_plan.stage_parameters[1].reactor_volume_mL,reactor_volume_mL,13.08
H-470478E,GPT-5.4,FlowPilot,Two-stage amidation,$.proposal.inventory_constraints.multistage_inventory_plan.stage_parameters[1].temperature_C,temperature_C,80.0
H-470478E,GPT-5.4,FlowPilot,Two-stage amidation,$.proposal.inventory_constraints.multistage_inventory_plan.stage_parameters[1].flow_rate_mL_min,flow_rate_mL_min,0.2
H-470478E,GPT-5.4,FlowPilot,Two-stage amidation,$.proposal.inventory_constraints.multistage_inventory_plan.stage_parameters[1].gas_flow_sccm,gas_flow_sccm,0.0
H-470478E,GPT-5.4,FlowPilot,Two-stage amidation,$.proposal.inventory_constraints.multistage_inventory_plan.stage_parameters[1].gas_flow_actual_mL_min,gas_flow_actual_mL_min,0.0
H-470478E,GPT-5.4,FlowPilot,Two-stage amidation,$.proposal.inventory_constraints.multistage_inventory_plan.stage_parameters[1].residence_time_min,residence_time_min,65.4
H-470478E,GPT-5.4,FlowPilot,Two-stage amidation,$.proposal.inventory_constraints.multistage_inventory_plan.stage_parameters[1].residence_time_inlet_min,residence_time_inlet_min,65.4
H-470478E,GPT-5.4,FlowPilot,Two-stage amidation,$.proposal.inventory_constraints.multistage_inventory_plan.stage_parameters[1].residence_time_in_channel_min,residence_time_in_channel_min,65.4
H-470478E,GPT-5.4,FlowPilot,Two-stage amidation,$.proposal.inventory_constraints.design_realization.decisions[1].selected_BPR_bar,selected_BPR_bar,0.0
H-470478E,GPT-5.4,FlowPilot,Two-stage amidation,$.proposal.inventory_constraints.design_realization.decisions[2].total_reactive_liquid_flow_mL_min,total_reactive_liquid_flow_mL_min,0.2
H-470478E,GPT-5.4,FlowPilot,Two-stage amidation,$.proposal.inventory_constraints.design_realization.decisions[3].temperature_C,temperature_C,70.0
H-470478E,GPT-5.4,FlowPilot,Two-stage amidation,$.proposal.inventory_constraints.design_realization.decisions[4].temperature_C,temperature_C,80.0
H-470478E,GPT-5.4,FlowPilot,Two-stage amidation,$.proposal.inventory_constraints.design_realization.feed_assignments[0].flow_rate_mL_min,flow_rate_mL_min,0.05
H-470478E,GPT-5.4,FlowPilot,Two-stage amidation,$.proposal.inventory_constraints.design_realization.feed_assignments[0].concentration_M,concentration_M,0.667
H-470478E,GPT-5.4,FlowPilot,Two-stage amidation,$.proposal.inventory_constraints.design_realization.feed_assignments[0].molar_equiv,molar_equiv,1.0
H-470478E,GPT-5.4,FlowPilot,Two-stage amidation,$.proposal.inventory_constraints.design_realization.feed_assignments[1].flow_rate_mL_min,flow_rate_mL_min,0.1
H-470478E,GPT-5.4,FlowPilot,Two-stage amidation,$.proposal.inventory_constraints.design_realization.feed_assignments[1].concentration_M,concentration_M,0.667
H-470478E,GPT-5.4,FlowPilot,Two-stage amidation,$.proposal.inventory_constraints.design_realization.feed_assignments[1].molar_equiv,molar_equiv,2.0
H-470478E,GPT-5.4,FlowPilot,Two-stage amidation,$.proposal.inventory_constraints.design_realization.feed_assignments[2].flow_rate_mL_min,flow_rate_mL_min,0.05
H-470478E,GPT-5.4,FlowPilot,Two-stage amidation,$.proposal.inventory_constraints.design_realization.feed_assignments[2].concentration_M,concentration_M,0.667
H-470478E,GPT-5.4,FlowPilot,Two-stage amidation,$.proposal.inventory_constraints.design_realization.feed_assignments[2].molar_equiv,molar_equiv,1.0
H-470478E,GPT-5.4,FlowPilot,Two-stage amidation,$.proposal.inventory_constraints.design_realization.multistage.total_reactor_volume_mL,total_reactor_volume_mL,15.04
H-470478E,GPT-5.4,FlowPilot,Two-stage amidation,$.proposal.inventory_constraints.design_realization.multistage.total_residence_time_inlet_min,total_residence_time_inlet_min,78.4667
H-470478E,GPT-5.4,FlowPilot,Two-stage amidation,$.proposal.inventory_constraints.design_realization.multistage.total_residence_time_in_channel_min,total_residence_time_in_channel_min,78.4667
H-470478E,GPT-5.4,FlowPilot,Two-stage amidation,$.proposal.inventory_constraints.design_realization.multistage.stage_parameters[0].reactor_volume_mL,reactor_volume_mL,1.96
H-470478E,GPT-5.4,FlowPilot,Two-stage amidation,$.proposal.inventory_constraints.design_realization.multistage.stage_parameters[0].temperature_C,temperature_C,70.0
H-470478E,GPT-5.4,FlowPilot,Two-stage amidation,$.proposal.inventory_constraints.design_realization.multistage.stage_parameters[0].flow_rate_mL_min,flow_rate_mL_min,0.15
H-470478E,GPT-5.4,FlowPilot,Two-stage amidation,$.proposal.inventory_constraints.design_realization.multistage.stage_parameters[0].gas_flow_sccm,gas_flow_sccm,0.0
H-470478E,GPT-5.4,FlowPilot,Two-stage amidation,$.proposal.inventory_constraints.design_realization.multistage.stage_parameters[0].gas_flow_actual_mL_min,gas_flow_actual_mL_min,0.0
H-470478E,GPT-5.4,FlowPilot,Two-stage amidation,$.proposal.inventory_constraints.design_realization.multistage.stage_parameters[0].residence_time_min,residence_time_min,13.0667
H-470478E,GPT-5.4,FlowPilot,Two-stage amidation,$.proposal.inventory_constraints.design_realization.multistage.stage_parameters[0].residence_time_inlet_min,residence_time_inlet_min,13.0667
H-470478E,GPT-5.4,FlowPilot,Two-stage amidation,$.proposal.inventory_constraints.design_realization.multistage.stage_parameters[0].residence_time_in_channel_min,residence_time_in_channel_min,13.0667
H-470478E,GPT-5.4,FlowPilot,Two-stage amidation,$.proposal.inventory_constraints.design_realization.multistage.stage_parameters[1].reactor_volume_mL,reactor_volume_mL,13.08
H-470478E,GPT-5.4,FlowPilot,Two-stage amidation,$.proposal.inventory_constraints.design_realization.multistage.stage_parameters[1].temperature_C,temperature_C,80.0
H-470478E,GPT-5.4,FlowPilot,Two-stage amidation,$.proposal.inventory_constraints.design_realization.multistage.stage_parameters[1].flow_rate_mL_min,flow_rate_mL_min,0.2
H-470478E,GPT-5.4,FlowPilot,Two-stage amidation,$.proposal.inventory_constraints.design_realization.multistage.stage_parameters[1].gas_flow_sccm,gas_flow_sccm,0.0
H-470478E,GPT-5.4,FlowPilot,Two-stage amidation,$.proposal.inventory_constraints.design_realization.multistage.stage_parameters[1].gas_flow_actual_mL_min,gas_flow_actual_mL_min,0.0
H-470478E,GPT-5.4,FlowPilot,Two-stage amidation,$.proposal.inventory_constraints.design_realization.multistage.stage_parameters[1].residence_time_min,residence_time_min,65.4
H-470478E,GPT-5.4,FlowPilot,Two-stage amidation,$.proposal.inventory_constraints.design_realization.multistage.stage_parameters[1].residence_time_inlet_min,residence_time_inlet_min,65.4
H-470478E,GPT-5.4,FlowPilot,Two-stage amidation,$.proposal.inventory_constraints.design_realization.multistage.stage_parameters[1].residence_time_in_channel_min,residence_time_in_channel_min,65.4
H-470478E,GPT-5.4,FlowPilot,Two-stage amidation,$.chemistry_plan.stages[0].temperature_C,temperature_C,70.0
H-470478E,GPT-5.4,FlowPilot,Two-stage amidation,$.chemistry_plan.stages[0].feed_streams[0].molar_equiv,molar_equiv,1.0
H-470478E,GPT-5.4,FlowPilot,Two-stage amidation,$.chemistry_plan.stages[1].temperature_C,temperature_C,80.0
H-470478E,GPT-5.4,FlowPilot,Two-stage amidation,$.chemistry_plan.stages[1].feed_streams[0].molar_equiv,molar_equiv,1.0
H-470478E,GPT-5.4,FlowPilot,Two-stage amidation,$.chemistry_plan.stream_logic[0].molar_equiv,molar_equiv,1.0
H-470478E,GPT-5.4,FlowPilot,Two-stage amidation,$.chemistry_plan.stream_logic[0].concentration_M,concentration_M,0.667
H-470478E,GPT-5.4,FlowPilot,Two-stage amidation,$.chemistry_plan.stream_logic[1].molar_equiv,molar_equiv,2.0
H-470478E,GPT-5.4,FlowPilot,Two-stage amidation,$.chemistry_plan.stream_logic[1].concentration_M,concentration_M,0.667
H-470478E,GPT-5.4,FlowPilot,Two-stage amidation,$.chemistry_plan.stream_logic[2].molar_equiv,molar_equiv,1.0
H-470478E,GPT-5.4,FlowPilot,Two-stage amidation,$.chemistry_plan.stream_logic[2].concentration_M,concentration_M,0.667
H-470478E,GPT-5.4,FlowPilot,Two-stage amidation,$.design_calculations.steps[1].values.k_flow,k_flow,0.00030312569018452955
H-470478E,GPT-5.4,FlowPilot,Two-stage amidation,$.design_calculations.steps[6].values.UA_W_K,UA_W_K,37.664005
H-470478E,GPT-5.4,FlowPilot,Two-stage amidation,$.design_calculations.steps[7].values.bpr_bar,bpr_bar,0.0
H-470478E,GPT-5.4,FlowPilot,Two-stage amidation,$.design_calculations.steps[7].values.gas_pressure_abs_bar,gas_pressure_abs_bar,1.01325
H-470478E,GPT-5.4,FlowPilot,Two-stage amidation,$.design_calculations.steps[7].values.gas_flow_sccm,gas_flow_sccm,0.0
H-470478E,GPT-5.4,FlowPilot,Two-stage amidation,$.design_calculations.steps[8].values.productivity_mmol_h,productivity_mmol_h,6.083040000000001
H-470478E,GPT-5.4,FlowPilot,Two-stage amidation,$.design_calculations.steps[8].values.startup_waste_mL,startup_waste_mL,47.1
H-470478E,GPT-5.4,FlowPilot,Two-stage amidation,$.design_calculations.steps[8].values.liquid_flow_rate_mL_min,liquid_flow_rate_mL_min,0.2
H-470478E,GPT-5.4,FlowPilot,Two-stage amidation,$.design_calculations.steps[8].values.gas_flow_sccm,gas_flow_sccm,0.0
H-470478E,GPT-5.4,FlowPilot,Two-stage amidation,$.design_calculations.steps[8].values.liquid_holdup_volume_mL,liquid_holdup_volume_mL,0.0
H-470478E,GPT-5.4,FlowPilot,Two-stage amidation,$.design_calculations.steps[8].values.total_reactor_volume_mL,total_reactor_volume_mL,15.6933
H-470478E,GPT-5.4,FlowPilot,Two-stage amidation,$.design_calculations.temperature_C,temperature_C,80.0
H-470478E,GPT-5.4,FlowPilot,Two-stage amidation,$.design_calculations.temperature_K,temperature_K,353.15
H-470478E,GPT-5.4,FlowPilot,Two-stage amidation,$.design_calculations.concentration_M,concentration_M,0.667
H-470478E,GPT-5.4,FlowPilot,Two-stage amidation,$.design_calculations.residence_time_s,residence_time_s,4708.002
H-470478E,GPT-5.4,FlowPilot,Two-stage amidation,$.design_calculations.residence_time_min,residence_time_min,78.4667
H-470478E,GPT-5.4,FlowPilot,Two-stage amidation,$.design_calculations.residence_time_inlet_min,residence_time_inlet_min,78.4667
H-470478E,GPT-5.4,FlowPilot,Two-stage amidation,$.design_calculations.residence_time_in_channel_min,residence_time_in_channel_min,78.4667
H-470478E,GPT-5.4,FlowPilot,Two-stage amidation,$.design_calculations.flow_rate_mL_min,flow_rate_mL_min,0.2
H-470478E,GPT-5.4,FlowPilot,Two-stage amidation,$.design_calculations.flow_rate_m3_s,flow_rate_m3_s,3.333333333333333e-09
H-470478E,GPT-5.4,FlowPilot,Two-stage amidation,$.design_calculations.reactor_volume_mL,reactor_volume_mL,15.04
H-470478E,GPT-5.4,FlowPilot,Two-stage amidation,$.design_calculations.reactor_volume_m3,reactor_volume_m3,1.569334e-05
H-470478E,GPT-5.4,FlowPilot,Two-stage amidation,$.design_calculations.tubing_ID_mm,tubing_ID_mm,0.5
H-470478E,GPT-5.4,FlowPilot,Two-stage amidation,$.design_calculations.tubing_ID_m,tubing_ID_m,0.0005
H-470478E,GPT-5.4,FlowPilot,Two-stage amidation,$.design_calculations.reynolds_number,reynolds_number,7.44
H-470478E,GPT-5.4,FlowPilot,Two-stage amidation,$.design_calculations.pressure_drop_bar,pressure_drop_bar,2.049398
H-470478E,GPT-5.4,FlowPilot,Two-stage amidation,$.design_calculations.liquid_flow_rate_mL_min,liquid_flow_rate_mL_min,0.2
H-470478E,GPT-5.4,FlowPilot,Two-stage amidation,$.design_calculations.gas_flow_sccm,gas_flow_sccm,0.0
H-470478E,GPT-5.4,FlowPilot,Two-stage amidation,$.design_calculations.gas_flow_actual_mL_min,gas_flow_actual_mL_min,0.0
H-470478E,GPT-5.4,FlowPilot,Two-stage amidation,$.design_calculations.gas_pressure_abs_bar,gas_pressure_abs_bar,1.01325
H-470478E,GPT-5.4,FlowPilot,Two-stage amidation,$.design_calculations.liquid_holdup_volume_mL,liquid_holdup_volume_mL,0.0
H-470478E,GPT-5.4,FlowPilot,Two-stage amidation,$.design_calculations.two_phase_pressure_drop_bar,two_phase_pressure_drop_bar,0.0
H-470478E,GPT-5.4,FlowPilot,Two-stage amidation,$.design_calculations.target_gas_equiv_inlet,target_gas_equiv_inlet,0.0
H-470478E,GPT-5.4,FlowPilot,Two-stage amidation,$.design_calculations.explicit_gas_equiv_inlet,explicit_gas_equiv_inlet,0.0
H-470478E,GPT-5.4,FlowPilot,Two-stage amidation,$.design_calculations.o2_equiv_supplied,o2_equiv_supplied,0.0
H-470478E,GPT-5.4,FlowPilot,Two-stage amidation,$.design_calculations.gas_equiv_supplied,gas_equiv_supplied,0.0
H-470478E,GPT-5.4,FlowPilot,Two-stage amidation,$.design_calculations.damkohler_mass,damkohler_mass,0.0758
H-470478E,GPT-5.4,FlowPilot,Two-stage amidation,$.design_calculations.thermal_damkohler,thermal_damkohler,0.001011
H-470478E,GPT-5.4,FlowPilot,Two-stage amidation,$.design_calculations.surface_to_volume,surface_to_volume,8000.0
H-470478E,GPT-5.4,FlowPilot,Two-stage amidation,$.design_calculations.UA_W_K,UA_W_K,37.664005
H-470478E,GPT-5.4,FlowPilot,Two-stage amidation,$.design_calculations.bpr_pressure_bar,bpr_pressure_bar,0.0
H-470478E,GPT-5.4,FlowPilot,Two-stage amidation,$.design_calculations.vapor_pressure_bar,vapor_pressure_bar,0.5068
H-470478E,GPT-5.4,FlowPilot,Two-stage amidation,$.design_calculations.productivity_mmol_h,productivity_mmol_h,6.083
H-470478E,GPT-5.4,FlowPilot,Two-stage amidation,$.design_calculations.startup_waste_mL,startup_waste_mL,47.1
H-470478E,GPT-5.4,FlowPilot,Two-stage amidation,$.design_calculations.stage_calculations[0].reactor_volume_mL,reactor_volume_mL,1.96
H-470478E,GPT-5.4,FlowPilot,Two-stage amidation,$.design_calculations.stage_calculations[0].temperature_C,temperature_C,70.0
H-470478E,GPT-5.4,FlowPilot,Two-stage amidation,$.design_calculations.stage_calculations[0].flow_rate_mL_min,flow_rate_mL_min,0.15
H-470478E,GPT-5.4,FlowPilot,Two-stage amidation,$.design_calculations.stage_calculations[0].gas_flow_sccm,gas_flow_sccm,0.0
H-470478E,GPT-5.4,FlowPilot,Two-stage amidation,$.design_calculations.stage_calculations[0].gas_flow_actual_mL_min,gas_flow_actual_mL_min,0.0
H-470478E,GPT-5.4,FlowPilot,Two-stage amidation,$.design_calculations.stage_calculations[0].residence_time_min,residence_time_min,13.0667
H-470478E,GPT-5.4,FlowPilot,Two-stage amidation,$.design_calculations.stage_calculations[0].residence_time_inlet_min,residence_time_inlet_min,13.0667
H-470478E,GPT-5.4,FlowPilot,Two-stage amidation,$.design_calculations.stage_calculations[0].residence_time_in_channel_min,residence_time_in_channel_min,13.0667
H-470478E,GPT-5.4,FlowPilot,Two-stage amidation,$.design_calculations.stage_calculations[1].reactor_volume_mL,reactor_volume_mL,13.08
H-470478E,GPT-5.4,FlowPilot,Two-stage amidation,$.design_calculations.stage_calculations[1].temperature_C,temperature_C,80.0
H-470478E,GPT-5.4,FlowPilot,Two-stage amidation,$.design_calculations.stage_calculations[1].flow_rate_mL_min,flow_rate_mL_min,0.2
H-470478E,GPT-5.4,FlowPilot,Two-stage amidation,$.design_calculations.stage_calculations[1].gas_flow_sccm,gas_flow_sccm,0.0
H-470478E,GPT-5.4,FlowPilot,Two-stage amidation,$.design_calculations.stage_calculations[1].gas_flow_actual_mL_min,gas_flow_actual_mL_min,0.0
H-470478E,GPT-5.4,FlowPilot,Two-stage amidation,$.design_calculations.stage_calculations[1].residence_time_min,residence_time_min,65.4
H-470478E,GPT-5.4,FlowPilot,Two-stage amidation,$.design_calculations.stage_calculations[1].residence_time_inlet_min,residence_time_inlet_min,65.4
H-470478E,GPT-5.4,FlowPilot,Two-stage amidation,$.design_calculations.stage_calculations[1].residence_time_in_channel_min,residence_time_in_channel_min,65.4
H-470478E,GPT-5.4,FlowPilot,Two-stage amidation,$.design_calculations.total_reactor_volume_mL,total_reactor_volume_mL,15.04
H-470478E,GPT-5.4,FlowPilot,Two-stage amidation,$.design_calculations.multistage_residence_time_inlet_min,multistage_residence_time_inlet_min,78.4667
H-470478E,GPT-5.4,FlowPilot,Two-stage amidation,$.design_calculations.multistage_residence_time_in_channel_min,multistage_residence_time_in_channel_min,78.4667
H-470478E,GPT-5.4,FlowPilot,Two-stage amidation,$.design_calculations.topology_total_reactor_volume_mL,topology_total_reactor_volume_mL,15.04
H-470478E,GPT-5.4,FlowPilot,Two-stage amidation,$.inventory_enforcement.first_pass.old.reactor_volume_mL,reactor_volume_mL,11.6599
H-470478E,GPT-5.4,FlowPilot,Two-stage amidation,$.inventory_enforcement.first_pass.old.tubing_ID_mm,tubing_ID_mm,0.75
H-470478E,GPT-5.4,FlowPilot,Two-stage amidation,$.inventory_enforcement.first_pass.old.flow_rate_mL_min,flow_rate_mL_min,0.1534
H-470478E,GPT-5.4,FlowPilot,Two-stage amidation,$.inventory_enforcement.first_pass.old.BPR_bar,BPR_bar,1.2
H-470478E,GPT-5.4,FlowPilot,Two-stage amidation,$.inventory_enforcement.first_pass.old.temperature_C,temperature_C,80.0
H-470478E,GPT-5.4,FlowPilot,Two-stage amidation,$.inventory_enforcement.first_pass.old.concentration_M,concentration_M,0.667
H-470478E,GPT-5.4,FlowPilot,Two-stage amidation,$.inventory_enforcement.first_pass.new.reactor_volume_mL,reactor_volume_mL,13.08
H-470478E,GPT-5.4,FlowPilot,Two-stage amidation,$.inventory_enforcement.first_pass.new.tubing_ID_mm,tubing_ID_mm,0.5
H-470478E,GPT-5.4,FlowPilot,Two-stage amidation,$.inventory_enforcement.first_pass.new.flow_rate_mL_min,flow_rate_mL_min,0.17208
H-470478E,GPT-5.4,FlowPilot,Two-stage amidation,$.inventory_enforcement.first_pass.new.BPR_bar,BPR_bar,1.2
H-470478E,GPT-5.4,FlowPilot,Two-stage amidation,$.inventory_enforcement.first_pass.new.temperature_C,temperature_C,80.0
H-470478E,GPT-5.4,FlowPilot,Two-stage amidation,$.inventory_enforcement.first_pass.new.concentration_M,concentration_M,0.667
H-470478E,GPT-5.4,FlowPilot,Two-stage amidation,$.inventory_enforcement.first_pass.selected_reactor.volume_mL,volume_mL,13.08
H-470478E,GPT-5.4,FlowPilot,Two-stage amidation,$.inventory_enforcement.final_pass.old.reactor_volume_mL,reactor_volume_mL,13.0798
H-470478E,GPT-5.4,FlowPilot,Two-stage amidation,$.inventory_enforcement.final_pass.old.tubing_ID_mm,tubing_ID_mm,0.5
H-470478E,GPT-5.4,FlowPilot,Two-stage amidation,$.inventory_enforcement.final_pass.old.flow_rate_mL_min,flow_rate_mL_min,0.17208
H-470478E,GPT-5.4,FlowPilot,Two-stage amidation,$.inventory_enforcement.final_pass.old.BPR_bar,BPR_bar,1.2
H-470478E,GPT-5.4,FlowPilot,Two-stage amidation,$.inventory_enforcement.final_pass.old.temperature_C,temperature_C,80.0
H-470478E,GPT-5.4,FlowPilot,Two-stage amidation,$.inventory_enforcement.final_pass.old.concentration_M,concentration_M,0.667
H-470478E,GPT-5.4,FlowPilot,Two-stage amidation,$.inventory_enforcement.final_pass.new.reactor_volume_mL,reactor_volume_mL,13.08
H-470478E,GPT-5.4,FlowPilot,Two-stage amidation,$.inventory_enforcement.final_pass.new.tubing_ID_mm,tubing_ID_mm,0.5
H-470478E,GPT-5.4,FlowPilot,Two-stage amidation,$.inventory_enforcement.final_pass.new.flow_rate_mL_min,flow_rate_mL_min,0.17208
H-470478E,GPT-5.4,FlowPilot,Two-stage amidation,$.inventory_enforcement.final_pass.new.BPR_bar,BPR_bar,1.2
H-470478E,GPT-5.4,FlowPilot,Two-stage amidation,$.inventory_enforcement.final_pass.new.temperature_C,temperature_C,80.0
H-470478E,GPT-5.4,FlowPilot,Two-stage amidation,$.inventory_enforcement.final_pass.new.concentration_M,concentration_M,0.667
H-470478E,GPT-5.4,FlowPilot,Two-stage amidation,$.inventory_enforcement.final_pass.selected_reactor.volume_mL,volume_mL,13.08
H-470478E,GPT-5.4,FlowPilot,Two-stage amidation,$.final_validation.design_realization.decisions[1].selected_BPR_bar,selected_BPR_bar,0.0
H-470478E,GPT-5.4,FlowPilot,Two-stage amidation,$.final_validation.design_realization.decisions[2].total_reactive_liquid_flow_mL_min,total_reactive_liquid_flow_mL_min,0.2
H-470478E,GPT-5.4,FlowPilot,Two-stage amidation,$.final_validation.design_realization.decisions[3].temperature_C,temperature_C,70.0
H-470478E,GPT-5.4,FlowPilot,Two-stage amidation,$.final_validation.design_realization.decisions[4].temperature_C,temperature_C,80.0
H-470478E,GPT-5.4,FlowPilot,Two-stage amidation,$.final_validation.design_realization.feed_assignments[0].flow_rate_mL_min,flow_rate_mL_min,0.05
H-470478E,GPT-5.4,FlowPilot,Two-stage amidation,$.final_validation.design_realization.feed_assignments[0].concentration_M,concentration_M,0.667
H-470478E,GPT-5.4,FlowPilot,Two-stage amidation,$.final_validation.design_realization.feed_assignments[0].molar_equiv,molar_equiv,1.0
H-470478E,GPT-5.4,FlowPilot,Two-stage amidation,$.final_validation.design_realization.feed_assignments[1].flow_rate_mL_min,flow_rate_mL_min,0.1
H-470478E,GPT-5.4,FlowPilot,Two-stage amidation,$.final_validation.design_realization.feed_assignments[1].concentration_M,concentration_M,0.667
H-470478E,GPT-5.4,FlowPilot,Two-stage amidation,$.final_validation.design_realization.feed_assignments[1].molar_equiv,molar_equiv,2.0
H-470478E,GPT-5.4,FlowPilot,Two-stage amidation,$.final_validation.design_realization.feed_assignments[2].flow_rate_mL_min,flow_rate_mL_min,0.05
H-470478E,GPT-5.4,FlowPilot,Two-stage amidation,$.final_validation.design_realization.feed_assignments[2].concentration_M,concentration_M,0.667
H-470478E,GPT-5.4,FlowPilot,Two-stage amidation,$.final_validation.design_realization.feed_assignments[2].molar_equiv,molar_equiv,1.0
H-470478E,GPT-5.4,FlowPilot,Two-stage amidation,$.final_validation.design_realization.multistage.total_reactor_volume_mL,total_reactor_volume_mL,15.04
H-470478E,GPT-5.4,FlowPilot,Two-stage amidation,$.final_validation.design_realization.multistage.total_residence_time_inlet_min,total_residence_time_inlet_min,78.4667
H-470478E,GPT-5.4,FlowPilot,Two-stage amidation,$.final_validation.design_realization.multistage.total_residence_time_in_channel_min,total_residence_time_in_channel_min,78.4667
H-470478E,GPT-5.4,FlowPilot,Two-stage amidation,$.final_validation.design_realization.multistage.stage_parameters[0].reactor_volume_mL,reactor_volume_mL,1.96
H-470478E,GPT-5.4,FlowPilot,Two-stage amidation,$.final_validation.design_realization.multistage.stage_parameters[0].temperature_C,temperature_C,70.0
H-470478E,GPT-5.4,FlowPilot,Two-stage amidation,$.final_validation.design_realization.multistage.stage_parameters[0].flow_rate_mL_min,flow_rate_mL_min,0.15
H-470478E,GPT-5.4,FlowPilot,Two-stage amidation,$.final_validation.design_realization.multistage.stage_parameters[0].gas_flow_sccm,gas_flow_sccm,0.0
H-470478E,GPT-5.4,FlowPilot,Two-stage amidation,$.final_validation.design_realization.multistage.stage_parameters[0].gas_flow_actual_mL_min,gas_flow_actual_mL_min,0.0
H-470478E,GPT-5.4,FlowPilot,Two-stage amidation,$.final_validation.design_realization.multistage.stage_parameters[0].residence_time_min,residence_time_min,13.0667
H-470478E,GPT-5.4,FlowPilot,Two-stage amidation,$.final_validation.design_realization.multistage.stage_parameters[0].residence_time_inlet_min,residence_time_inlet_min,13.0667
H-470478E,GPT-5.4,FlowPilot,Two-stage amidation,$.final_validation.design_realization.multistage.stage_parameters[0].residence_time_in_channel_min,residence_time_in_channel_min,13.0667
H-470478E,GPT-5.4,FlowPilot,Two-stage amidation,$.final_validation.design_realization.multistage.stage_parameters[1].reactor_volume_mL,reactor_volume_mL,13.08
H-470478E,GPT-5.4,FlowPilot,Two-stage amidation,$.final_validation.design_realization.multistage.stage_parameters[1].temperature_C,temperature_C,80.0
H-470478E,GPT-5.4,FlowPilot,Two-stage amidation,$.final_validation.design_realization.multistage.stage_parameters[1].flow_rate_mL_min,flow_rate_mL_min,0.2
H-470478E,GPT-5.4,FlowPilot,Two-stage amidation,$.final_validation.design_realization.multistage.stage_parameters[1].gas_flow_sccm,gas_flow_sccm,0.0
H-470478E,GPT-5.4,FlowPilot,Two-stage amidation,$.final_validation.design_realization.multistage.stage_parameters[1].gas_flow_actual_mL_min,gas_flow_actual_mL_min,0.0
H-470478E,GPT-5.4,FlowPilot,Two-stage amidation,$.final_validation.design_realization.multistage.stage_parameters[1].residence_time_min,residence_time_min,65.4
H-470478E,GPT-5.4,FlowPilot,Two-stage amidation,$.final_validation.design_realization.multistage.stage_parameters[1].residence_time_inlet_min,residence_time_inlet_min,65.4
H-470478E,GPT-5.4,FlowPilot,Two-stage amidation,$.final_validation.design_realization.multistage.stage_parameters[1].residence_time_in_channel_min,residence_time_in_channel_min,65.4
H-470478E,GPT-5.4,FlowPilot,Two-stage amidation,$.multistage_inventory_plan.total_reactor_volume_mL,total_reactor_volume_mL,15.04
H-470478E,GPT-5.4,FlowPilot,Two-stage amidation,$.multistage_inventory_plan.total_residence_time_inlet_min,total_residence_time_inlet_min,78.4667
H-470478E,GPT-5.4,FlowPilot,Two-stage amidation,$.multistage_inventory_plan.total_residence_time_in_channel_min,total_residence_time_in_channel_min,78.4667
H-470478E,GPT-5.4,FlowPilot,Two-stage amidation,$.multistage_inventory_plan.stage_parameters[0].reactor_volume_mL,reactor_volume_mL,1.96
H-470478E,GPT-5.4,FlowPilot,Two-stage amidation,$.multistage_inventory_plan.stage_parameters[0].temperature_C,temperature_C,70.0
H-470478E,GPT-5.4,FlowPilot,Two-stage amidation,$.multistage_inventory_plan.stage_parameters[0].flow_rate_mL_min,flow_rate_mL_min,0.15
H-470478E,GPT-5.4,FlowPilot,Two-stage amidation,$.multistage_inventory_plan.stage_parameters[0].gas_flow_sccm,gas_flow_sccm,0.0
H-470478E,GPT-5.4,FlowPilot,Two-stage amidation,$.multistage_inventory_plan.stage_parameters[0].gas_flow_actual_mL_min,gas_flow_actual_mL_min,0.0
H-470478E,GPT-5.4,FlowPilot,Two-stage amidation,$.multistage_inventory_plan.stage_parameters[0].residence_time_min,residence_time_min,13.0667
H-470478E,GPT-5.4,FlowPilot,Two-stage amidation,$.multistage_inventory_plan.stage_parameters[0].residence_time_inlet_min,residence_time_inlet_min,13.0667
H-470478E,GPT-5.4,FlowPilot,Two-stage amidation,$.multistage_inventory_plan.stage_parameters[0].residence_time_in_channel_min,residence_time_in_channel_min,13.0667
H-470478E,GPT-5.4,FlowPilot,Two-stage amidation,$.multistage_inventory_plan.stage_parameters[1].reactor_volume_mL,reactor_volume_mL,13.08
H-470478E,GPT-5.4,FlowPilot,Two-stage amidation,$.multistage_inventory_plan.stage_parameters[1].temperature_C,temperature_C,80.0
H-470478E,GPT-5.4,FlowPilot,Two-stage amidation,$.multistage_inventory_plan.stage_parameters[1].flow_rate_mL_min,flow_rate_mL_min,0.2
H-470478E,GPT-5.4,FlowPilot,Two-stage amidation,$.multistage_inventory_plan.stage_parameters[1].gas_flow_sccm,gas_flow_sccm,0.0
H-470478E,GPT-5.4,FlowPilot,Two-stage amidation,$.multistage_inventory_plan.stage_parameters[1].gas_flow_actual_mL_min,gas_flow_actual_mL_min,0.0
H-470478E,GPT-5.4,FlowPilot,Two-stage amidation,$.multistage_inventory_plan.stage_parameters[1].residence_time_min,residence_time_min,65.4
H-470478E,GPT-5.4,FlowPilot,Two-stage amidation,$.multistage_inventory_plan.stage_parameters[1].residence_time_inlet_min,residence_time_inlet_min,65.4
H-470478E,GPT-5.4,FlowPilot,Two-stage amidation,$.multistage_inventory_plan.stage_parameters[1].residence_time_in_channel_min,residence_time_in_channel_min,65.4
H-470478E,GPT-5.4,FlowPilot,Two-stage amidation,$.design_realization.decisions[1].selected_BPR_bar,selected_BPR_bar,0.0
H-470478E,GPT-5.4,FlowPilot,Two-stage amidation,$.design_realization.decisions[2].total_reactive_liquid_flow_mL_min,total_reactive_liquid_flow_mL_min,0.2
H-470478E,GPT-5.4,FlowPilot,Two-stage amidation,$.design_realization.decisions[3].temperature_C,temperature_C,70.0
H-470478E,GPT-5.4,FlowPilot,Two-stage amidation,$.design_realization.decisions[4].temperature_C,temperature_C,80.0
H-470478E,GPT-5.4,FlowPilot,Two-stage amidation,$.design_realization.feed_assignments[0].flow_rate_mL_min,flow_rate_mL_min,0.05
H-470478E,GPT-5.4,FlowPilot,Two-stage amidation,$.design_realization.feed_assignments[0].concentration_M,concentration_M,0.667
H-470478E,GPT-5.4,FlowPilot,Two-stage amidation,$.design_realization.feed_assignments[0].molar_equiv,molar_equiv,1.0
H-470478E,GPT-5.4,FlowPilot,Two-stage amidation,$.design_realization.feed_assignments[1].flow_rate_mL_min,flow_rate_mL_min,0.1
H-470478E,GPT-5.4,FlowPilot,Two-stage amidation,$.design_realization.feed_assignments[1].concentration_M,concentration_M,0.667
H-470478E,GPT-5.4,FlowPilot,Two-stage amidation,$.design_realization.feed_assignments[1].molar_equiv,molar_equiv,2.0
H-470478E,GPT-5.4,FlowPilot,Two-stage amidation,$.design_realization.feed_assignments[2].flow_rate_mL_min,flow_rate_mL_min,0.05
H-470478E,GPT-5.4,FlowPilot,Two-stage amidation,$.design_realization.feed_assignments[2].concentration_M,concentration_M,0.667
H-470478E,GPT-5.4,FlowPilot,Two-stage amidation,$.design_realization.feed_assignments[2].molar_equiv,molar_equiv,1.0
H-470478E,GPT-5.4,FlowPilot,Two-stage amidation,$.design_realization.multistage.total_reactor_volume_mL,total_reactor_volume_mL,15.04
H-470478E,GPT-5.4,FlowPilot,Two-stage amidation,$.design_realization.multistage.total_residence_time_inlet_min,total_residence_time_inlet_min,78.4667
H-470478E,GPT-5.4,FlowPilot,Two-stage amidation,$.design_realization.multistage.total_residence_time_in_channel_min,total_residence_time_in_channel_min,78.4667
H-470478E,GPT-5.4,FlowPilot,Two-stage amidation,$.design_realization.multistage.stage_parameters[0].reactor_volume_mL,reactor_volume_mL,1.96
H-470478E,GPT-5.4,FlowPilot,Two-stage amidation,$.design_realization.multistage.stage_parameters[0].temperature_C,temperature_C,70.0
H-470478E,GPT-5.4,FlowPilot,Two-stage amidation,$.design_realization.multistage.stage_parameters[0].flow_rate_mL_min,flow_rate_mL_min,0.15
H-470478E,GPT-5.4,FlowPilot,Two-stage amidation,$.design_realization.multistage.stage_parameters[0].gas_flow_sccm,gas_flow_sccm,0.0
H-470478E,GPT-5.4,FlowPilot,Two-stage amidation,$.design_realization.multistage.stage_parameters[0].gas_flow_actual_mL_min,gas_flow_actual_mL_min,0.0
H-470478E,GPT-5.4,FlowPilot,Two-stage amidation,$.design_realization.multistage.stage_parameters[0].residence_time_min,residence_time_min,13.0667
H-470478E,GPT-5.4,FlowPilot,Two-stage amidation,$.design_realization.multistage.stage_parameters[0].residence_time_inlet_min,residence_time_inlet_min,13.0667
H-470478E,GPT-5.4,FlowPilot,Two-stage amidation,$.design_realization.multistage.stage_parameters[0].residence_time_in_channel_min,residence_time_in_channel_min,13.0667
H-470478E,GPT-5.4,FlowPilot,Two-stage amidation,$.design_realization.multistage.stage_parameters[1].reactor_volume_mL,reactor_volume_mL,13.08
H-470478E,GPT-5.4,FlowPilot,Two-stage amidation,$.design_realization.multistage.stage_parameters[1].temperature_C,temperature_C,80.0
H-470478E,GPT-5.4,FlowPilot,Two-stage amidation,$.design_realization.multistage.stage_parameters[1].flow_rate_mL_min,flow_rate_mL_min,0.2
H-470478E,GPT-5.4,FlowPilot,Two-stage amidation,$.design_realization.multistage.stage_parameters[1].gas_flow_sccm,gas_flow_sccm,0.0
H-470478E,GPT-5.4,FlowPilot,Two-stage amidation,$.design_realization.multistage.stage_parameters[1].gas_flow_actual_mL_min,gas_flow_actual_mL_min,0.0
H-470478E,GPT-5.4,FlowPilot,Two-stage amidation,$.design_realization.multistage.stage_parameters[1].residence_time_min,residence_time_min,65.4
H-470478E,GPT-5.4,FlowPilot,Two-stage amidation,$.design_realization.multistage.stage_parameters[1].residence_time_inlet_min,residence_time_inlet_min,65.4
H-470478E,GPT-5.4,FlowPilot,Two-stage amidation,$.design_realization.multistage.stage_parameters[1].residence_time_in_channel_min,residence_time_in_channel_min,65.4
H-470478E,GPT-5.4,FlowPilot,Two-stage amidation,$.process_requirements_topology.unit_operations[0].parameters.flow_rate_mL_min,flow_rate_mL_min,0.05
H-470478E,GPT-5.4,FlowPilot,Two-stage amidation,$.process_requirements_topology.unit_operations[1].parameters.flow_rate_mL_min,flow_rate_mL_min,0.1
H-470478E,GPT-5.4,FlowPilot,Two-stage amidation,$.process_requirements_topology.unit_operations[3].parameters.volume_mL,volume_mL,1.96
H-470478E,GPT-5.4,FlowPilot,Two-stage amidation,$.process_requirements_topology.unit_operations[3].parameters.liquid_holdup_volume_mL,liquid_holdup_volume_mL,1.96
H-470478E,GPT-5.4,FlowPilot,Two-stage amidation,$.process_requirements_topology.unit_operations[3].parameters.temperature_C,temperature_C,70.0
H-470478E,GPT-5.4,FlowPilot,Two-stage amidation,$.process_requirements_topology.unit_operations[3].parameters.residence_time_min,residence_time_min,13.07
H-470478E,GPT-5.4,FlowPilot,Two-stage amidation,$.process_requirements_topology.unit_operations[3].parameters.residence_time_inlet_min,residence_time_inlet_min,13.0667
H-470478E,GPT-5.4,FlowPilot,Two-stage amidation,$.process_requirements_topology.unit_operations[3].parameters.residence_time_in_channel_min,residence_time_in_channel_min,13.0667
H-470478E,GPT-5.4,FlowPilot,Two-stage amidation,$.process_requirements_topology.unit_operations[4].parameters.temperature_C,temperature_C,70.0
H-470478E,GPT-5.4,FlowPilot,Two-stage amidation,$.process_requirements_topology.unit_operations[6].parameters.flow_rate_mL_min,flow_rate_mL_min,0.05
H-470478E,GPT-5.4,FlowPilot,Two-stage amidation,$.process_requirements_topology.unit_operations[8].parameters.volume_mL,volume_mL,13.08
H-470478E,GPT-5.4,FlowPilot,Two-stage amidation,$.process_requirements_topology.unit_operations[8].parameters.liquid_holdup_volume_mL,liquid_holdup_volume_mL,13.08
H-470478E,GPT-5.4,FlowPilot,Two-stage amidation,$.process_requirements_topology.unit_operations[8].parameters.temperature_C,temperature_C,80.0
H-470478E,GPT-5.4,FlowPilot,Two-stage amidation,$.process_requirements_topology.unit_operations[8].parameters.residence_time_min,residence_time_min,65.4
H-470478E,GPT-5.4,FlowPilot,Two-stage amidation,$.process_requirements_topology.unit_operations[8].parameters.residence_time_inlet_min,residence_time_inlet_min,65.4
H-470478E,GPT-5.4,FlowPilot,Two-stage amidation,$.process_requirements_topology.unit_operations[8].parameters.residence_time_in_channel_min,residence_time_in_channel_min,65.4
H-470478E,GPT-5.4,FlowPilot,Two-stage amidation,$.process_requirements_topology.unit_operations[9].parameters.temperature_C,temperature_C,80.0
H-470478E,GPT-5.4,FlowPilot,Two-stage amidation,$.process_requirements_topology.total_flow_rate_mL_min,total_flow_rate_mL_min,0.2
H-470478E,GPT-5.4,FlowPilot,Two-stage amidation,$.process_requirements_topology.residence_time_min,residence_time_min,78.4667
H-470478E,GPT-5.4,FlowPilot,Two-stage amidation,$.process_requirements_topology.reactor_volume_mL,reactor_volume_mL,15.04
H-470478E,GPT-5.4,FlowPilot,Two-stage amidation,$.inventory_allocation.assignments[0].settings.flow_rate_mL_min,flow_rate_mL_min,0.05
H-470478E,GPT-5.4,FlowPilot,Two-stage amidation,$.inventory_allocation.assignments[1].settings.flow_rate_mL_min,flow_rate_mL_min,0.1
H-470478E,GPT-5.4,FlowPilot,Two-stage amidation,$.inventory_allocation.assignments[2].settings.total_flow_mL_min,total_flow_mL_min,0.2
H-470478E,GPT-5.4,FlowPilot,Two-stage amidation,$.inventory_allocation.assignments[3].settings.volume_mL,volume_mL,1.96
H-470478E,GPT-5.4,FlowPilot,Two-stage amidation,$.inventory_allocation.assignments[3].settings.temperature_C,temperature_C,70.0
H-470478E,GPT-5.4,FlowPilot,Two-stage amidation,$.inventory_allocation.assignments[4].settings.temperature_C,temperature_C,70.0
H-470478E,GPT-5.4,FlowPilot,Two-stage amidation,$.inventory_allocation.assignments[5].settings.flow_rate_mL_min,flow_rate_mL_min,0.05
H-470478E,GPT-5.4,FlowPilot,Two-stage amidation,$.inventory_allocation.assignments[6].settings.total_flow_mL_min,total_flow_mL_min,0.2
H-470478E,GPT-5.4,FlowPilot,Two-stage amidation,$.inventory_allocation.assignments[7].settings.volume_mL,volume_mL,13.08
H-470478E,GPT-5.4,FlowPilot,Two-stage amidation,$.inventory_allocation.assignments[7].settings.temperature_C,temperature_C,80.0
H-470478E,GPT-5.4,FlowPilot,Two-stage amidation,$.inventory_allocation.assignments[8].settings.temperature_C,temperature_C,80.0
H-470478E,GPT-5.4,FlowPilot,Two-stage amidation,$.inventory_allocation.instrument_manifest[0].settings[0].flow_rate_mL_min,flow_rate_mL_min,0.05
H-470478E,GPT-5.4,FlowPilot,Two-stage amidation,$.inventory_allocation.instrument_manifest[1].settings[0].flow_rate_mL_min,flow_rate_mL_min,0.1
H-470478E,GPT-5.4,FlowPilot,Two-stage amidation,$.inventory_allocation.instrument_manifest[2].settings[0].total_flow_mL_min,total_flow_mL_min,0.2
H-470478E,GPT-5.4,FlowPilot,Two-stage amidation,$.inventory_allocation.instrument_manifest[3].settings[0].volume_mL,volume_mL,1.96
H-470478E,GPT-5.4,FlowPilot,Two-stage amidation,$.inventory_allocation.instrument_manifest[3].settings[0].temperature_C,temperature_C,70.0
H-470478E,GPT-5.4,FlowPilot,Two-stage amidation,$.inventory_allocation.instrument_manifest[4].settings[0].temperature_C,temperature_C,70.0
H-470478E,GPT-5.4,FlowPilot,Two-stage amidation,$.inventory_allocation.instrument_manifest[5].settings[0].flow_rate_mL_min,flow_rate_mL_min,0.05
H-470478E,GPT-5.4,FlowPilot,Two-stage amidation,$.inventory_allocation.instrument_manifest[6].settings[0].total_flow_mL_min,total_flow_mL_min,0.2
H-470478E,GPT-5.4,FlowPilot,Two-stage amidation,$.inventory_allocation.instrument_manifest[7].settings[0].volume_mL,volume_mL,13.08
H-470478E,GPT-5.4,FlowPilot,Two-stage amidation,$.inventory_allocation.instrument_manifest[7].settings[0].temperature_C,temperature_C,80.0
H-470478E,GPT-5.4,FlowPilot,Two-stage amidation,$.inventory_allocation.instrument_manifest[8].settings[0].temperature_C,temperature_C,80.0
H-470478E,GPT-5.4,FlowPilot,Two-stage amidation,$.instrument_manifest[0].settings[0].flow_rate_mL_min,flow_rate_mL_min,0.05
H-470478E,GPT-5.4,FlowPilot,Two-stage amidation,$.instrument_manifest[1].settings[0].flow_rate_mL_min,flow_rate_mL_min,0.1
H-470478E,GPT-5.4,FlowPilot,Two-stage amidation,$.instrument_manifest[2].settings[0].total_flow_mL_min,total_flow_mL_min,0.2
H-470478E,GPT-5.4,FlowPilot,Two-stage amidation,$.instrument_manifest[3].settings[0].volume_mL,volume_mL,1.96
H-470478E,GPT-5.4,FlowPilot,Two-stage amidation,$.instrument_manifest[3].settings[0].temperature_C,temperature_C,70.0
H-470478E,GPT-5.4,FlowPilot,Two-stage amidation,$.instrument_manifest[4].settings[0].temperature_C,temperature_C,70.0
H-470478E,GPT-5.4,FlowPilot,Two-stage amidation,$.instrument_manifest[5].settings[0].flow_rate_mL_min,flow_rate_mL_min,0.05
H-470478E,GPT-5.4,FlowPilot,Two-stage amidation,$.instrument_manifest[6].settings[0].total_flow_mL_min,total_flow_mL_min,0.2
H-470478E,GPT-5.4,FlowPilot,Two-stage amidation,$.instrument_manifest[7].settings[0].volume_mL,volume_mL,13.08
H-470478E,GPT-5.4,FlowPilot,Two-stage amidation,$.instrument_manifest[7].settings[0].temperature_C,temperature_C,80.0
H-470478E,GPT-5.4,FlowPilot,Two-stage amidation,$.instrument_manifest[8].settings[0].temperature_C,temperature_C,80.0
H-470478E,GPT-5.4,FlowPilot,Two-stage amidation,$._analogies[0].full_record.chemistry.additives[0].equiv,equiv,0.22
H-470478E,GPT-5.4,FlowPilot,Two-stage amidation,$._analogies[0].full_record.chemistry.oxidant.equiv,equiv,1.1
H-470478E,GPT-5.4,FlowPilot,Two-stage amidation,$._analogies[0].full_record.batch_baseline.reaction_time_min,reaction_time_min,480
H-470478E,GPT-5.4,FlowPilot,Two-stage amidation,$._analogies[0].full_record.flow_optimized.temperature_C,temperature_C,100
H-470478E,GPT-5.4,FlowPilot,Two-stage amidation,$._analogies[0].full_record.flow_optimized.residence_time_min,residence_time_min,20
H-470478E,GPT-5.4,FlowPilot,Two-stage amidation,$._analogies[0].full_record.flow_optimized.concentration_M,concentration_M,0.22
H-470478E,GPT-5.4,FlowPilot,Two-stage amidation,$._analogies[0].full_record.reactor.tubing_diameter_mm,tubing_diameter_mm,1
H-470478E,GPT-5.4,FlowPilot,Two-stage amidation,$._analogies[0].full_record.field_confidence.reaction_time_min,reaction_time_min,3
H-470478E,GPT-5.4,FlowPilot,Two-stage amidation,$._analogies[0].full_record.field_confidence.residence_time_min,residence_time_min,3
H-470478E,GPT-5.4,FlowPilot,Two-stage amidation,$._analogies[1].full_record.chemistry.additives[0].equiv,equiv,3.0
H-470478E,GPT-5.4,FlowPilot,Two-stage amidation,$._analogies[1].full_record.batch_baseline.reaction_time_min,reaction_time_min,1440
H-470478E,GPT-5.4,FlowPilot,Two-stage amidation,$._analogies[1].full_record.flow_optimized.residence_time_min,residence_time_min,80
H-470478E,GPT-5.4,FlowPilot,Two-stage amidation,$._analogies[1].full_record.flow_optimized.flow_rate_total_mL_min,flow_rate_total_mL_min,0.025
H-470478E,GPT-5.4,FlowPilot,Two-stage amidation,$._analogies[1].full_record.flow_optimized.concentration_M,concentration_M,0.0625
H-470478E,GPT-5.4,FlowPilot,Two-stage amidation,$._analogies[1].full_record.flow_optimized.throughput_mmol_h,throughput_mmol_h,1.688
H-470478E,GPT-5.4,FlowPilot,Two-stage amidation,$._analogies[1].full_record.reactor.volume_mL,volume_mL,2
H-470478E,GPT-5.4,FlowPilot,Two-stage amidation,$._analogies[1].full_record.field_confidence.reaction_time_min,reaction_time_min,3
H-470478E,GPT-5.4,FlowPilot,Two-stage amidation,$._analogies[1].full_record.field_confidence.residence_time_min,residence_time_min,3
H-470478E,GPT-5.4,FlowPilot,Two-stage amidation,$._analogies[1].full_record.field_confidence.flow_rate_total_mL_min,flow_rate_total_mL_min,3
H-470478E,GPT-5.4,FlowPilot,Two-stage amidation,$._analogies[1].full_record.field_confidence.concentration_M,concentration_M,3
H-470478E,GPT-5.4,FlowPilot,Two-stage amidation,$._analogies[1].full_record.field_confidence.throughput_mmol_h,throughput_mmol_h,3
H-470478E,GPT-5.4,FlowPilot,Two-stage amidation,$._analogies[2].full_record.batch_baseline.temperature_C,temperature_C,90
H-470478E,GPT-5.4,FlowPilot,Two-stage amidation,$._analogies[2].full_record.batch_baseline.reaction_time_min,reaction_time_min,420
H-470478E,GPT-5.4,FlowPilot,Two-stage amidation,$._analogies[2].full_record.flow_optimized.temperature_C,temperature_C,100
H-470478E,GPT-5.4,FlowPilot,Two-stage amidation,$._analogies[2].full_record.flow_optimized.residence_time_min,residence_time_min,30
H-470478E,GPT-5.4,FlowPilot,Two-stage amidation,$._analogies[2].full_record.flow_optimized.flow_rate_total_mL_min,flow_rate_total_mL_min,1.34
H-470478E,GPT-5.4,FlowPilot,Two-stage amidation,$._analogies[2].full_record.flow_optimized.flow_rate_stream_A_mL_min,flow_rate_stream_A_mL_min,1.34
H-470478E,GPT-5.4,FlowPilot,Two-stage amidation,$._analogies[2].full_record.flow_optimized.back_pressure_bar,back_pressure_bar,70
H-470478E,GPT-5.4,FlowPilot,Two-stage amidation,$._analogies[2].full_record.reactor.volume_mL,volume_mL,13.4
H-470478E,GPT-5.4,FlowPilot,Two-stage amidation,$._analogies[2].full_record.reactor.tubing_diameter_mm,tubing_diameter_mm,1
H-470478E,GPT-5.4,FlowPilot,Two-stage amidation,$._analogies[2].full_record.field_confidence.flow_optimized,flow_optimized,2
H-470478E,GPT-5.4,FlowPilot,Two-stage amidation,$._analogies[2].full_record.field_confidence.BPR_present,BPR_present,3
H-470478E,GPT-5.4,FlowPilot,Two-stage amidation,$.deliberation_log.rounds[0][2].tool_calls[0].input.temperature_C,temperature_C,80.0
H-470478E,GPT-5.4,FlowPilot,Two-stage amidation,$.deliberation_log.rounds[0][2].tool_calls[0].result.temperature_limit_C,temperature_limit_C,260.0
H-470478E,GPT-5.4,FlowPilot,Two-stage amidation,$.deliberation_log.rounds[0][2].tool_calls[0].result.temperature_margin_C,temperature_margin_C,180.0
H-470478E,GPT-5.4,FlowPilot,Two-stage amidation,$.deliberation_log.rounds[0][3].tool_calls[0].result.batch_time_min,batch_time_min,1800.0
H-470478E,GPT-5.4,FlowPilot,Two-stage amidation,$.deliberation_log.rounds[0][4].tool_calls[0].input.flow_rate_mL_min,flow_rate_mL_min,0.15336
H-470478E,GPT-5.4,FlowPilot,Two-stage amidation,$.deliberation_log.rounds[0][4].tool_calls[0].input.tubing_ID_mm,tubing_ID_mm,0.75
H-470478E,GPT-5.4,FlowPilot,Two-stage amidation,$.deliberation_log.rounds[0][4].tool_calls[0].input.temperature_C,temperature_C,80
H-470478E,GPT-5.4,FlowPilot,Two-stage amidation,$.deliberation_log.rounds[0][4].tool_calls[1].input.tubing_ID_mm,tubing_ID_mm,0.75
H-470478E,GPT-5.4,FlowPilot,Two-stage amidation,$.deliberation_log.rounds[0][4].tool_calls[1].input.residence_time_min,residence_time_min,15
H-470478E,GPT-5.4,FlowPilot,Two-stage amidation,$.deliberation_log.rounds[0][4].tool_calls[1].result.residence_time_s,residence_time_s,900.0
H-470478E,GPT-5.4,FlowPilot,Two-stage amidation,$.deliberation_log.rounds[0][4].tool_calls[2].input.flow_rate_mL_min,flow_rate_mL_min,0.15336
H-470478E,GPT-5.4,FlowPilot,Two-stage amidation,$.deliberation_log.rounds[0][4].tool_calls[2].input.tubing_ID_mm,tubing_ID_mm,0.75
H-470478E,GPT-5.4,FlowPilot,Two-stage amidation,$.deliberation_log.rounds[0][4].tool_calls[2].result.delta_P_Pa,delta_P_Pa,2022.3
H-470478E,GPT-5.4,FlowPilot,Two-stage amidation,$.deliberation_log.rounds[0][4].tool_calls[2].result.delta_P_bar,delta_P_bar,0.02022
H-470478E,GPT-5.4,FlowPilot,Two-stage amidation,$.deliberation_log.rounds[0][4].tool_calls[3].input.flow_rate_mL_min,flow_rate_mL_min,0.184032
H-470478E,GPT-5.4,FlowPilot,Two-stage amidation,$.deliberation_log.rounds[0][4].tool_calls[3].input.tubing_ID_mm,tubing_ID_mm,0.75
H-470478E,GPT-5.4,FlowPilot,Two-stage amidation,$.deliberation_log.rounds[0][4].tool_calls[3].result.delta_P_Pa,delta_P_Pa,2426.759
H-470478E,GPT-5.4,FlowPilot,Two-stage amidation,$.deliberation_log.rounds[0][4].tool_calls[3].result.delta_P_bar,delta_P_bar,0.02427
H-470478E,GPT-5.4,FlowPilot,Two-stage amidation,$.deliberation_log.rounds[0][4].tool_calls[4].input.flow_rate_mL_min,flow_rate_mL_min,0.15336
H-470478E,GPT-5.4,FlowPilot,Two-stage amidation,$.deliberation_log.rounds[0][4].tool_calls[4].input.tubing_ID_mm,tubing_ID_mm,0.75
H-470478E,GPT-5.4,FlowPilot,Two-stage amidation,$.deliberation_log.rounds[0][4].tool_calls[4].result.delta_P_Pa,delta_P_Pa,2426.759
H-470478E,GPT-5.4,FlowPilot,Two-stage amidation,$.deliberation_log.rounds[0][4].tool_calls[4].result.delta_P_bar,delta_P_bar,0.02427
H-470478E,GPT-5.4,FlowPilot,Two-stage amidation,$.deliberation_log.rounds[0][4].tool_calls[5].input.temperature_C,temperature_C,80
H-470478E,GPT-5.4,FlowPilot,Two-stage amidation,$.deliberation_log.rounds[0][4].tool_calls[5].input.delta_P_system_bar,delta_P_system_bar,0.02022
H-470478E,GPT-5.4,FlowPilot,Two-stage amidation,$.deliberation_log.rounds[0][5].tool_calls[0].input.temperature_C,temperature_C,80
H-470478E,GPT-5.4,FlowPilot,Two-stage amidation,$.deliberation_log.rounds[0][5].tool_calls[0].input.delta_P_system_bar,delta_P_system_bar,0.02022
H-470478E,GPT-5.4,FlowPilot,Two-stage amidation,$.deliberation_log.rounds[0][5].tool_calls[1].input.temperature_C,temperature_C,80
H-470478E,GPT-5.4,FlowPilot,Two-stage amidation,$.deliberation_log.rounds[0][5].tool_calls[1].result.temperature_limit_C,temperature_limit_C,260.0
H-470478E,GPT-5.4,FlowPilot,Two-stage amidation,$.deliberation_log.rounds[0][5].tool_calls[1].result.temperature_margin_C,temperature_margin_C,180.0
H-470478E,GPT-5.4,FlowPilot,Two-stage amidation,$.deliberation_log.rounds[1][0].tool_calls[0].input.BPR_center_bar,BPR_center_bar,1.2
H-470478E,GPT-5.4,FlowPilot,Two-stage amidation,$.pre_council_proposal.residence_time_min,residence_time_min,48.57
H-470478E,GPT-5.4,FlowPilot,Two-stage amidation,$.pre_council_proposal.flow_rate_mL_min,flow_rate_mL_min,0.3
H-470478E,GPT-5.4,FlowPilot,Two-stage amidation,$.pre_council_proposal.temperature_C,temperature_C,80.0
H-470478E,GPT-5.4,FlowPilot,Two-stage amidation,$.pre_council_proposal.concentration_M,concentration_M,0.667
H-470478E,GPT-5.4,FlowPilot,Two-stage amidation,$.pre_council_proposal.BPR_bar,BPR_bar,0.0
H-470478E,GPT-5.4,FlowPilot,Two-stage amidation,$.pre_council_proposal.tubing_ID_mm,tubing_ID_mm,0.5
H-470478E,GPT-5.4,FlowPilot,Two-stage amidation,$.pre_council_proposal.reactor_volume_mL,reactor_volume_mL,15.04
H-470478E,GPT-5.4,FlowPilot,Two-stage amidation,$.pre_council_proposal.streams[0].concentration_M,concentration_M,0.667
H-470478E,GPT-5.4,FlowPilot,Two-stage amidation,$.pre_council_proposal.streams[0].flow_rate_mL_min,flow_rate_mL_min,0.1
H-470478E,GPT-5.4,FlowPilot,Two-stage amidation,$.pre_council_proposal.streams[0].molar_equiv,molar_equiv,1.0
H-470478E,GPT-5.4,FlowPilot,Two-stage amidation,$.pre_council_proposal.streams[1].concentration_M,concentration_M,0.667
H-470478E,GPT-5.4,FlowPilot,Two-stage amidation,$.pre_council_proposal.streams[1].flow_rate_mL_min,flow_rate_mL_min,0.1
H-470478E,GPT-5.4,FlowPilot,Two-stage amidation,$.pre_council_proposal.streams[1].molar_equiv,molar_equiv,1.0
H-470478E,GPT-5.4,FlowPilot,Two-stage amidation,$.pre_council_proposal.streams[2].concentration_M,concentration_M,0.667
H-470478E,GPT-5.4,FlowPilot,Two-stage amidation,$.pre_council_proposal.streams[2].flow_rate_mL_min,flow_rate_mL_min,0.1
H-470478E,GPT-5.4,FlowPilot,Two-stage amidation,$.pre_council_proposal.streams[2].molar_equiv,molar_equiv,1.0
H-470478E,GPT-5.4,FlowPilot,Two-stage amidation,$.pre_council_proposal.stage_parameters[0].reactor_volume_mL,reactor_volume_mL,1.96
H-470478E,GPT-5.4,FlowPilot,Two-stage amidation,$.pre_council_proposal.stage_parameters[0].temperature_C,temperature_C,70.0
H-470478E,GPT-5.4,FlowPilot,Two-stage amidation,$.pre_council_proposal.stage_parameters[0].residence_time_min,residence_time_min,9.8
H-470478E,GPT-5.4,FlowPilot,Two-stage amidation,$.pre_council_proposal.stage_parameters[1].reactor_volume_mL,reactor_volume_mL,13.08
H-470478E,GPT-5.4,FlowPilot,Two-stage amidation,$.pre_council_proposal.stage_parameters[1].temperature_C,temperature_C,80.0
H-470478E,GPT-5.4,FlowPilot,Two-stage amidation,$.pre_council_proposal.stage_parameters[1].residence_time_min,residence_time_min,43.6
H-470478E,GPT-5.4,FlowPilot,Two-stage amidation,$.process_topology.unit_operations[0].parameters.flow_rate_mL_min,flow_rate_mL_min,0.05
H-470478E,GPT-5.4,FlowPilot,Two-stage amidation,$.process_topology.unit_operations[1].parameters.flow_rate_mL_min,flow_rate_mL_min,0.1
H-470478E,GPT-5.4,FlowPilot,Two-stage amidation,$.process_topology.unit_operations[3].parameters.volume_mL,volume_mL,1.96
H-470478E,GPT-5.4,FlowPilot,Two-stage amidation,$.process_topology.unit_operations[3].parameters.liquid_holdup_volume_mL,liquid_holdup_volume_mL,1.96
H-470478E,GPT-5.4,FlowPilot,Two-stage amidation,$.process_topology.unit_operations[3].parameters.temperature_C,temperature_C,70.0
H-470478E,GPT-5.4,FlowPilot,Two-stage amidation,$.process_topology.unit_operations[3].parameters.residence_time_min,residence_time_min,13.07
H-470478E,GPT-5.4,FlowPilot,Two-stage amidation,$.process_topology.unit_operations[3].parameters.residence_time_inlet_min,residence_time_inlet_min,13.0667
H-470478E,GPT-5.4,FlowPilot,Two-stage amidation,$.process_topology.unit_operations[3].parameters.residence_time_in_channel_min,residence_time_in_channel_min,13.0667
H-470478E,GPT-5.4,FlowPilot,Two-stage amidation,$.process_topology.unit_operations[4].parameters.temperature_C,temperature_C,70.0
H-470478E,GPT-5.4,FlowPilot,Two-stage amidation,$.process_topology.unit_operations[5].parameters.flow_rate_mL_min,flow_rate_mL_min,0.05
H-470478E,GPT-5.4,FlowPilot,Two-stage amidation,$.process_topology.unit_operations[7].parameters.volume_mL,volume_mL,13.08
H-470478E,GPT-5.4,FlowPilot,Two-stage amidation,$.process_topology.unit_operations[7].parameters.liquid_holdup_volume_mL,liquid_holdup_volume_mL,13.08
H-470478E,GPT-5.4,FlowPilot,Two-stage amidation,$.process_topology.unit_operations[7].parameters.temperature_C,temperature_C,80.0
H-470478E,GPT-5.4,FlowPilot,Two-stage amidation,$.process_topology.unit_operations[7].parameters.residence_time_min,residence_time_min,65.4
H-470478E,GPT-5.4,FlowPilot,Two-stage amidation,$.process_topology.unit_operations[7].parameters.residence_time_inlet_min,residence_time_inlet_min,65.4
H-470478E,GPT-5.4,FlowPilot,Two-stage amidation,$.process_topology.unit_operations[7].parameters.residence_time_in_channel_min,residence_time_in_channel_min,65.4
H-470478E,GPT-5.4,FlowPilot,Two-stage amidation,$.process_topology.unit_operations[8].parameters.temperature_C,temperature_C,80.0
H-470478E,GPT-5.4,FlowPilot,Two-stage amidation,$.process_topology.total_flow_rate_mL_min,total_flow_rate_mL_min,0.2
H-470478E,GPT-5.4,FlowPilot,Two-stage amidation,$.process_topology.residence_time_min,residence_time_min,78.4667
H-470478E,GPT-5.4,FlowPilot,Two-stage amidation,$.process_topology.reactor_volume_mL,reactor_volume_mL,15.04
H-470478E,GPT-5.4,FlowPilot,Two-stage amidation,$.process_topology.instrument_manifest[0].settings[0].flow_rate_mL_min,flow_rate_mL_min,0.05
H-470478E,GPT-5.4,FlowPilot,Two-stage amidation,$.process_topology.instrument_manifest[1].settings[0].flow_rate_mL_min,flow_rate_mL_min,0.1
H-470478E,GPT-5.4,FlowPilot,Two-stage amidation,$.process_topology.instrument_manifest[2].settings[0].total_flow_mL_min,total_flow_mL_min,0.2
H-470478E,GPT-5.4,FlowPilot,Two-stage amidation,$.process_topology.instrument_manifest[3].settings[0].volume_mL,volume_mL,1.96
H-470478E,GPT-5.4,FlowPilot,Two-stage amidation,$.process_topology.instrument_manifest[3].settings[0].temperature_C,temperature_C,70.0
H-470478E,GPT-5.4,FlowPilot,Two-stage amidation,$.process_topology.instrument_manifest[4].settings[0].temperature_C,temperature_C,70.0
H-470478E,GPT-5.4,FlowPilot,Two-stage amidation,$.process_topology.instrument_manifest[5].settings[0].flow_rate_mL_min,flow_rate_mL_min,0.05
H-470478E,GPT-5.4,FlowPilot,Two-stage amidation,$.process_topology.instrument_manifest[6].settings[0].total_flow_mL_min,total_flow_mL_min,0.2
H-470478E,GPT-5.4,FlowPilot,Two-stage amidation,$.process_topology.instrument_manifest[7].settings[0].volume_mL,volume_mL,13.08
H-470478E,GPT-5.4,FlowPilot,Two-stage amidation,$.process_topology.instrument_manifest[7].settings[0].temperature_C,temperature_C,80.0
H-470478E,GPT-5.4,FlowPilot,Two-stage amidation,$.process_topology.instrument_manifest[8].settings[0].temperature_C,temperature_C,80.0
H-470478E,GPT-5.4,FlowPilot,Two-stage amidation,$.final_design.parameters.flow_rate_mL_min,flow_rate_mL_min,0.2
H-470478E,GPT-5.4,FlowPilot,Two-stage amidation,$.final_design.parameters.concentration_M,concentration_M,0.667
H-470478E,GPT-5.4,FlowPilot,Two-stage amidation,$.final_design.parameters.BPR_bar,BPR_bar,0.0
H-470478E,GPT-5.4,FlowPilot,Two-stage amidation,$.final_design.parameters.tubing_ID_mm,tubing_ID_mm,0.5
H-470478E,GPT-5.4,FlowPilot,Two-stage amidation,$.final_design.parameters.reactor_volume_mL,reactor_volume_mL,15.04
H-470478E,GPT-5.4,FlowPilot,Two-stage amidation,$.final_design.parameters.residence_time_min,residence_time_min,78.4667
H-470478E,GPT-5.4,FlowPilot,Two-stage amidation,$.final_design.parameters.residence_time_inlet_min,residence_time_inlet_min,78.4667
H-470478E,GPT-5.4,FlowPilot,Two-stage amidation,$.final_design.parameters.residence_time_in_channel_min,residence_time_in_channel_min,78.4667
H-470478E,GPT-5.4,FlowPilot,Two-stage amidation,$.final_design.stages[0].reactor_volume_mL,reactor_volume_mL,1.96
H-470478E,GPT-5.4,FlowPilot,Two-stage amidation,$.final_design.stages[0].temperature_C,temperature_C,70.0
H-470478E,GPT-5.4,FlowPilot,Two-stage amidation,$.final_design.stages[0].flow_rate_mL_min,flow_rate_mL_min,0.15
H-470478E,GPT-5.4,FlowPilot,Two-stage amidation,$.final_design.stages[0].gas_flow_sccm,gas_flow_sccm,0.0
H-470478E,GPT-5.4,FlowPilot,Two-stage amidation,$.final_design.stages[0].gas_flow_actual_mL_min,gas_flow_actual_mL_min,0.0
H-470478E,GPT-5.4,FlowPilot,Two-stage amidation,$.final_design.stages[0].residence_time_min,residence_time_min,13.0667
H-470478E,GPT-5.4,FlowPilot,Two-stage amidation,$.final_design.stages[0].residence_time_inlet_min,residence_time_inlet_min,13.0667
H-470478E,GPT-5.4,FlowPilot,Two-stage amidation,$.final_design.stages[0].residence_time_in_channel_min,residence_time_in_channel_min,13.0667
H-470478E,GPT-5.4,FlowPilot,Two-stage amidation,$.final_design.stages[1].reactor_volume_mL,reactor_volume_mL,13.08
H-470478E,GPT-5.4,FlowPilot,Two-stage amidation,$.final_design.stages[1].temperature_C,temperature_C,80.0
H-470478E,GPT-5.4,FlowPilot,Two-stage amidation,$.final_design.stages[1].flow_rate_mL_min,flow_rate_mL_min,0.2
H-470478E,GPT-5.4,FlowPilot,Two-stage amidation,$.final_design.stages[1].gas_flow_sccm,gas_flow_sccm,0.0
H-470478E,GPT-5.4,FlowPilot,Two-stage amidation,$.final_design.stages[1].gas_flow_actual_mL_min,gas_flow_actual_mL_min,0.0
H-470478E,GPT-5.4,FlowPilot,Two-stage amidation,$.final_design.stages[1].residence_time_min,residence_time_min,65.4
H-470478E,GPT-5.4,FlowPilot,Two-stage amidation,$.final_design.stages[1].residence_time_inlet_min,residence_time_inlet_min,65.4
H-470478E,GPT-5.4,FlowPilot,Two-stage amidation,$.final_design.stages[1].residence_time_in_channel_min,residence_time_in_channel_min,65.4
H-470478E,GPT-5.4,FlowPilot,Two-stage amidation,$.final_design.streams[0].concentration_M,concentration_M,0.667
H-470478E,GPT-5.4,FlowPilot,Two-stage amidation,$.final_design.streams[0].flow_rate_mL_min,flow_rate_mL_min,0.05
H-470478E,GPT-5.4,FlowPilot,Two-stage amidation,$.final_design.streams[0].molar_equiv,molar_equiv,1.0
H-470478E,GPT-5.4,FlowPilot,Two-stage amidation,$.final_design.streams[1].concentration_M,concentration_M,0.667
H-470478E,GPT-5.4,FlowPilot,Two-stage amidation,$.final_design.streams[1].flow_rate_mL_min,flow_rate_mL_min,0.1
H-470478E,GPT-5.4,FlowPilot,Two-stage amidation,$.final_design.streams[1].molar_equiv,molar_equiv,2.0
H-470478E,GPT-5.4,FlowPilot,Two-stage amidation,$.final_design.streams[2].concentration_M,concentration_M,0.667
H-470478E,GPT-5.4,FlowPilot,Two-stage amidation,$.final_design.streams[2].flow_rate_mL_min,flow_rate_mL_min,0.05
H-470478E,GPT-5.4,FlowPilot,Two-stage amidation,$.final_design.streams[2].molar_equiv,molar_equiv,1.0
H-470478E,GPT-5.4,FlowPilot,Two-stage amidation,$.final_design.instrument_manifest[0].settings[0].flow_rate_mL_min,flow_rate_mL_min,0.05
H-470478E,GPT-5.4,FlowPilot,Two-stage amidation,$.final_design.instrument_manifest[1].settings[0].flow_rate_mL_min,flow_rate_mL_min,0.1
H-470478E,GPT-5.4,FlowPilot,Two-stage amidation,$.final_design.instrument_manifest[2].settings[0].total_flow_mL_min,total_flow_mL_min,0.2
H-470478E,GPT-5.4,FlowPilot,Two-stage amidation,$.final_design.instrument_manifest[3].settings[0].volume_mL,volume_mL,1.96
H-470478E,GPT-5.4,FlowPilot,Two-stage amidation,$.final_design.instrument_manifest[3].settings[0].temperature_C,temperature_C,70.0
H-470478E,GPT-5.4,FlowPilot,Two-stage amidation,$.final_design.instrument_manifest[4].settings[0].temperature_C,temperature_C,70.0
H-470478E,GPT-5.4,FlowPilot,Two-stage amidation,$.final_design.instrument_manifest[5].settings[0].flow_rate_mL_min,flow_rate_mL_min,0.05
H-470478E,GPT-5.4,FlowPilot,Two-stage amidation,$.final_design.instrument_manifest[6].settings[0].total_flow_mL_min,total_flow_mL_min,0.2
H-470478E,GPT-5.4,FlowPilot,Two-stage amidation,$.final_design.instrument_manifest[7].settings[0].volume_mL,volume_mL,13.08
H-470478E,GPT-5.4,FlowPilot,Two-stage amidation,$.final_design.instrument_manifest[7].settings[0].temperature_C,temperature_C,80.0
H-470478E,GPT-5.4,FlowPilot,Two-stage amidation,$.final_design.instrument_manifest[8].settings[0].temperature_C,temperature_C,80.0
H-470478E,GPT-5.4,FlowPilot,Two-stage amidation,$.final_design.process_graph.topology.unit_operations[0].parameters.flow_rate_mL_min,flow_rate_mL_min,0.05
H-470478E,GPT-5.4,FlowPilot,Two-stage amidation,$.final_design.process_graph.topology.unit_operations[1].parameters.flow_rate_mL_min,flow_rate_mL_min,0.1
H-470478E,GPT-5.4,FlowPilot,Two-stage amidation,$.final_design.process_graph.topology.unit_operations[3].parameters.volume_mL,volume_mL,1.96
H-470478E,GPT-5.4,FlowPilot,Two-stage amidation,$.final_design.process_graph.topology.unit_operations[3].parameters.liquid_holdup_volume_mL,liquid_holdup_volume_mL,1.96
H-470478E,GPT-5.4,FlowPilot,Two-stage amidation,$.final_design.process_graph.topology.unit_operations[3].parameters.temperature_C,temperature_C,70.0
H-470478E,GPT-5.4,FlowPilot,Two-stage amidation,$.final_design.process_graph.topology.unit_operations[3].parameters.residence_time_min,residence_time_min,13.07
H-470478E,GPT-5.4,FlowPilot,Two-stage amidation,$.final_design.process_graph.topology.unit_operations[3].parameters.residence_time_inlet_min,residence_time_inlet_min,13.0667
H-470478E,GPT-5.4,FlowPilot,Two-stage amidation,$.final_design.process_graph.topology.unit_operations[3].parameters.residence_time_in_channel_min,residence_time_in_channel_min,13.0667
H-470478E,GPT-5.4,FlowPilot,Two-stage amidation,$.final_design.process_graph.topology.unit_operations[4].parameters.temperature_C,temperature_C,70.0
H-470478E,GPT-5.4,FlowPilot,Two-stage amidation,$.final_design.process_graph.topology.unit_operations[5].parameters.flow_rate_mL_min,flow_rate_mL_min,0.05
H-470478E,GPT-5.4,FlowPilot,Two-stage amidation,$.final_design.process_graph.topology.unit_operations[7].parameters.volume_mL,volume_mL,13.08
H-470478E,GPT-5.4,FlowPilot,Two-stage amidation,$.final_design.process_graph.topology.unit_operations[7].parameters.liquid_holdup_volume_mL,liquid_holdup_volume_mL,13.08
H-470478E,GPT-5.4,FlowPilot,Two-stage amidation,$.final_design.process_graph.topology.unit_operations[7].parameters.temperature_C,temperature_C,80.0
H-470478E,GPT-5.4,FlowPilot,Two-stage amidation,$.final_design.process_graph.topology.unit_operations[7].parameters.residence_time_min,residence_time_min,65.4
H-470478E,GPT-5.4,FlowPilot,Two-stage amidation,$.final_design.process_graph.topology.unit_operations[7].parameters.residence_time_inlet_min,residence_time_inlet_min,65.4
H-470478E,GPT-5.4,FlowPilot,Two-stage amidation,$.final_design.process_graph.topology.unit_operations[7].parameters.residence_time_in_channel_min,residence_time_in_channel_min,65.4
H-470478E,GPT-5.4,FlowPilot,Two-stage amidation,$.final_design.process_graph.topology.unit_operations[8].parameters.temperature_C,temperature_C,80.0
H-470478E,GPT-5.4,FlowPilot,Two-stage amidation,$.final_design.process_graph.topology.total_flow_rate_mL_min,total_flow_rate_mL_min,0.2
H-470478E,GPT-5.4,FlowPilot,Two-stage amidation,$.final_design.process_graph.topology.residence_time_min,residence_time_min,78.4667
H-470478E,GPT-5.4,FlowPilot,Two-stage amidation,$.final_design.process_graph.topology.reactor_volume_mL,reactor_volume_mL,15.04
H-470478E,GPT-5.4,FlowPilot,Two-stage amidation,$.final_design.process_graph.topology.instrument_manifest[0].settings[0].flow_rate_mL_min,flow_rate_mL_min,0.05
H-470478E,GPT-5.4,FlowPilot,Two-stage amidation,$.final_design.process_graph.topology.instrument_manifest[1].settings[0].flow_rate_mL_min,flow_rate_mL_min,0.1
H-470478E,GPT-5.4,FlowPilot,Two-stage amidation,$.final_design.process_graph.topology.instrument_manifest[2].settings[0].total_flow_mL_min,total_flow_mL_min,0.2
H-470478E,GPT-5.4,FlowPilot,Two-stage amidation,$.final_design.process_graph.topology.instrument_manifest[3].settings[0].volume_mL,volume_mL,1.96
H-470478E,GPT-5.4,FlowPilot,Two-stage amidation,$.final_design.process_graph.topology.instrument_manifest[3].settings[0].temperature_C,temperature_C,70.0
H-470478E,GPT-5.4,FlowPilot,Two-stage amidation,$.final_design.process_graph.topology.instrument_manifest[4].settings[0].temperature_C,temperature_C,70.0
H-470478E,GPT-5.4,FlowPilot,Two-stage amidation,$.final_design.process_graph.topology.instrument_manifest[5].settings[0].flow_rate_mL_min,flow_rate_mL_min,0.05
H-470478E,GPT-5.4,FlowPilot,Two-stage amidation,$.final_design.process_graph.topology.instrument_manifest[6].settings[0].total_flow_mL_min,total_flow_mL_min,0.2
H-470478E,GPT-5.4,FlowPilot,Two-stage amidation,$.final_design.process_graph.topology.instrument_manifest[7].settings[0].volume_mL,volume_mL,13.08
H-470478E,GPT-5.4,FlowPilot,Two-stage amidation,$.final_design.process_graph.topology.instrument_manifest[7].settings[0].temperature_C,temperature_C,80.0
H-470478E,GPT-5.4,FlowPilot,Two-stage amidation,$.final_design.process_graph.topology.instrument_manifest[8].settings[0].temperature_C,temperature_C,80.0
H-470478E,GPT-5.4,FlowPilot,Two-stage amidation,$.final_design.process_graph.feeds[0].flow_rate_mL_min,flow_rate_mL_min,0.05
H-470478E,GPT-5.4,FlowPilot,Two-stage amidation,$.final_design.process_graph.feeds[1].flow_rate_mL_min,flow_rate_mL_min,0.1
H-470478E,GPT-5.4,FlowPilot,Two-stage amidation,$.final_design.process_graph.feeds[2].flow_rate_mL_min,flow_rate_mL_min,0.05
H-470478E,GPT-5.4,FlowPilot,Two-stage amidation,$.final_design.process_graph.stages[0].temperature_C,temperature_C,70.0
H-470478E,GPT-5.4,FlowPilot,Two-stage amidation,$.final_design.process_graph.stages[0].reactor_volume_mL,reactor_volume_mL,1.96
H-470478E,GPT-5.4,FlowPilot,Two-stage amidation,$.final_design.process_graph.stages[0].residence_flow_mL_min,residence_flow_mL_min,0.15
H-470478E,GPT-5.4,FlowPilot,Two-stage amidation,$.final_design.process_graph.stages[0].residence_time_min,residence_time_min,13.07
H-470478E,GPT-5.4,FlowPilot,Two-stage amidation,$.final_design.process_graph.stages[1].temperature_C,temperature_C,80.0
H-470478E,GPT-5.4,FlowPilot,Two-stage amidation,$.final_design.process_graph.stages[1].reactor_volume_mL,reactor_volume_mL,13.08
H-470478E,GPT-5.4,FlowPilot,Two-stage amidation,$.final_design.process_graph.stages[1].residence_flow_mL_min,residence_flow_mL_min,0.2
H-470478E,GPT-5.4,FlowPilot,Two-stage amidation,$.final_design.process_graph.stages[1].residence_time_min,residence_time_min,65.4
H-470478E,GPT-5.4,FlowPilot,Two-stage amidation,$.final_design.process_graph.total_liquid_flow_mL_min,total_liquid_flow_mL_min,0.2
H-470478E,GPT-5.4,FlowPilot,Two-stage amidation,$.final_design.process_graph.total_reactor_volume_mL,total_reactor_volume_mL,15.04
H-470478E,GPT-5.4,FlowPilot,Two-stage amidation,$.final_design.process_graph.total_residence_time_min,total_residence_time_min,78.4667
H-470478E,GPT-5.4,FlowPilot,Two-stage amidation,$.final_design.diagnostic.preliminary_candidate.residence_time_min,residence_time_min,78.4667
H-470478E,GPT-5.4,FlowPilot,Two-stage amidation,$.final_design.diagnostic.preliminary_candidate.residence_time_inlet_min,residence_time_inlet_min,78.4667
H-470478E,GPT-5.4,FlowPilot,Two-stage amidation,$.final_design.diagnostic.preliminary_candidate.residence_time_in_channel_min,residence_time_in_channel_min,78.4667
H-470478E,GPT-5.4,FlowPilot,Two-stage amidation,$.final_design.diagnostic.preliminary_candidate.flow_rate_mL_min,flow_rate_mL_min,0.2
H-470478E,GPT-5.4,FlowPilot,Two-stage amidation,$.final_design.diagnostic.preliminary_candidate.reactor_volume_mL,reactor_volume_mL,15.04
H-470478E,GPT-5.4,FlowPilot,Two-stage amidation,$.final_design.diagnostic.stage_requirements[0].reactor_volume_mL,reactor_volume_mL,1.96
H-470478E,GPT-5.4,FlowPilot,Two-stage amidation,$.final_design.diagnostic.stage_requirements[0].flow_rate_mL_min,flow_rate_mL_min,0.15
H-470478E,GPT-5.4,FlowPilot,Two-stage amidation,$.final_design.diagnostic.stage_requirements[0].residence_time_inlet_min,residence_time_inlet_min,13.0667
H-470478E,GPT-5.4,FlowPilot,Two-stage amidation,$.final_design.diagnostic.stage_requirements[0].residence_time_in_channel_min,residence_time_in_channel_min,13.0667
H-470478E,GPT-5.4,FlowPilot,Two-stage amidation,$.final_design.diagnostic.stage_requirements[1].reactor_volume_mL,reactor_volume_mL,13.08
H-470478E,GPT-5.4,FlowPilot,Two-stage amidation,$.final_design.diagnostic.stage_requirements[1].flow_rate_mL_min,flow_rate_mL_min,0.2
H-470478E,GPT-5.4,FlowPilot,Two-stage amidation,$.final_design.diagnostic.stage_requirements[1].residence_time_inlet_min,residence_time_inlet_min,65.4
H-470478E,GPT-5.4,FlowPilot,Two-stage amidation,$.final_design.diagnostic.stage_requirements[1].residence_time_in_channel_min,residence_time_in_channel_min,65.4
