stage,tau_min,Q_mL_min,ID_mm,V_R_mL,S_V_m_inv,U_W_m2K,A_wall_m2,UA_W_K,UA_per_volume_W_m3_K,thermal_time_constant_s_rho1000_Cp4000,Q_gen_W,Q_rem_W,Da_th,dH_J_mol,dT_lm_C,r_mol_m3_s
pre,5.0,4.02124,1.6,20.106,2500.0,300.0,0.050265482457436686,15.079644737231005,750007.1987083957,5.333282143009414,3.5627318655250653,150.79644737231004,0.023626099471221833,-60000.0,10.0,2.9532614032197912
post,2.0,3.5343,0.5,7.069,8000.0,300.0,0.05654882484424897,16.96464745327469,2399865.2501449557,1.6667602482091,3.1313135332199127,169.6464745327469,0.018457875660808233,-60000.0,10.0,7.383153508049479
