candidate_id,judge,judge_family,model,generator_family,architecture,case,criterion_id,applicability,score_0_4,critical_error,severity,confidence,rationale,evidence_paths,observed_values,expected_or_correct,required_correction
N2-42E255BD,qwen,qwen,Qwen3.8-27B,qwen,One-shot,Hydrogenolysis,UO-01,APPLICABLE,4,False,NONE,HIGH,"The transformation, substrate, product, catalyst, and modality are correctly identified and preserved.",,,Hydrogenolysis of DMAOL to 3-azetidinol using Pd(OH)2/Al2O3.,
N2-42E255BD,qwen,qwen,Qwen3.8-27B,qwen,One-shot,Hydrogenolysis,UO-02,APPLICABLE,4,False,NONE,HIGH,"All required reagents, solvents, gases, and catalysts are present and correctly assigned from the inventory.",,,"DMAOL, Methanol, H2, Pd(OH)2/Al2O3.",
N2-42E255BD,qwen,qwen,Qwen3.8-27B,qwen,One-shot,Hydrogenolysis,UO-03,APPLICABLE,1,True,CRITICAL,HIGH,"The hydrogen flow rate of 1.0 sccm results in a molar equivalent of ~1.2 relative to the substrate. For a heterogeneous hydrogenolysis, especially one with low batch conversion (38.1%), this is a material defect. It creates a severe mass transfer limitation and likely prevents the reaction from proceeding at a measurable rate, rendering the screen invalid. The prompt asks for a 'conservative continuous-flow packed-bed screening design'. A 1:1 ratio is not conservative; it is starvation. Standard practice is 10-50+ equivalents. This violates the spirit of 'executable' and 'supported' design for a screen.",delivered_final_outcome.streams[1].gas_flow_sccm | delivered_final_outcome.streams[1].molar_equiv,value: 1.0 sccm | value: 1.0 equiv,"H2 flow must be sufficient for hydrogenolysis (typically >10 equiv, often >20 equiv for screening). 1.0 sccm is ~0.045 mmol/min. Liquid feed 0.3 mL/min of 0.126 M DMAOL is ~0.038 mmol/min. Ratio is ~1.2 equiv. This is stoichiometrically insufficient for a heterogeneous gas-liquid reaction where mass transfer limits rate, and critically low for a 'screen' intended to establish conversion. The prompt requires reporting H2 equivalents. 1.0 equiv is chemically implausible for a robust screen of a hydrogenolysis which typically requires excess H2 to drive equilibrium and maintain catalyst surface.","Increase H2 flow to at least 10-20 equivalents (e.g., 40-100 sccm) to ensure mass transfer is not the limiting factor and to provide a valid screen."
N2-42E255BD,qwen,qwen,Qwen3.8-27B,qwen,One-shot,Hydrogenolysis,UO-04,APPLICABLE,4,False,NONE,HIGH,Temperature and pressure are correctly mapped to the inventory capabilities and protocol requirements.,,,"60 C, 21 bar.",
N2-42E255BD,qwen,qwen,Qwen3.8-27B,qwen,One-shot,Hydrogenolysis,UO-05,APPLICABLE,4,False,NONE,HIGH,The topology is executable and correctly ordered using the available inventory.,,,Pump -> Mixer -> Reactor -> Separator -> Collector.,
N2-42E255BD,qwen,qwen,Qwen3.8-27B,qwen,One-shot,Hydrogenolysis,UO-06,APPLICABLE,4,False,NONE,HIGH,Liquid concentrations and flow rates are consistent.,,,Liquid balance closes.,
N2-42E255BD,qwen,qwen,Qwen3.8-27B,qwen,One-shot,Hydrogenolysis,UO-07,APPLICABLE,4,False,NONE,HIGH,Residence time calculation (3.0 mL / 0.3 mL/min = 10 min) is numerically correct and physically plausible.,,,Residence time = Volume / Flow.,
N2-42E255BD,qwen,qwen,Qwen3.8-27B,qwen,One-shot,Hydrogenolysis,UO-08,APPLICABLE,1,True,CRITICAL,HIGH,"The gas bookkeeping is internally inconsistent and physically impossible. 1.0 sccm is 1 mL/min at STP. The candidate lists 'gas_flow_actual_mL_min' as 21.0. This is a factor of 21 error if referring to STP, or a factor of 400+ error if referring to in-channel volume at 21 bar. This violates the requirement to 'Report hydrogen flow at inlet/STP and pressure-corrected in-channel conditions, with the conversion calculation.'",delivered_final_outcome.streams[1].gas_flow_actual_mL_min | delivered_final_outcome.streams[1].gas_flow_sccm,value: 21.0 mL/min | value: 1.0 sccm,"Gas bookkeeping must be consistent. 1.0 sccm = 0.001 L/min = 1.0 mL/min at STP. The candidate reports 21.0 mL/min as 'gas_flow_actual_mL_min'. If this is in-channel flow, it implies a massive expansion or error. If it is STP flow, it contradicts the 1.0 sccm value. The conversion calculation is missing or erroneous. 1.0 sccm is 0.001 mL/s. At 21 bar (approx 20x pressure), the volumetric flow in channel would be ~0.05 mL/min. The value 21.0 is physically inconsistent with 1.0 sccm and 21 bar.",Correct gas flow values. 1.0 sccm = 1.0 mL/min (STP). In-channel flow at 21 bar abs is ~0.045 mL/min. The value 21.0 is incorrect.
N2-42E255BD,qwen,qwen,Qwen3.8-27B,qwen,One-shot,Hydrogenolysis,UO-09,NOT_APPLICABLE,,False,NONE,HIGH,Single stage process.,,,N/A,
N2-42E255BD,qwen,qwen,Qwen3.8-27B,qwen,One-shot,Hydrogenolysis,UO-10,APPLICABLE,4,False,NONE,HIGH,All selected equipment exists in the authoritative inventory.,,,Inventory items exist.,
N2-42E255BD,qwen,qwen,Qwen3.8-27B,qwen,One-shot,Hydrogenolysis,UO-11,APPLICABLE,4,False,NONE,HIGH,"Physical and transport assumptions are plausible given the corrected flow rates (though the reported ones are wrong, the topology supports plausible operation).",,,Plausible transport.,
N2-42E255BD,qwen,qwen,Qwen3.8-27B,qwen,One-shot,Hydrogenolysis,UO-12,APPLICABLE,4,False,NONE,HIGH,"Hydrogen hazards are recognized and controls (purge, vent, BPR) are specified.",,,Hazards controlled.,
N2-42E255BD,qwen,qwen,Qwen3.8-27B,qwen,One-shot,Hydrogenolysis,UO-13,APPLICABLE,4,False,NONE,HIGH,"Startup, shutdown, and work-up procedures are described.",,,Procedure reproducible.,
N2-42E255BD,qwen,qwen,Qwen3.8-27B,qwen,One-shot,Hydrogenolysis,UO-14,APPLICABLE,2,False,MAJOR,MEDIUM,"The candidate recommends SCREEN despite significant errors in gas flow calculation and stoichiometry. However, the primary defects are in the engineering/chemistry criteria. The disposition is overly optimistic but not the root cause of the failure.",delivered_final_outcome.disposition_rationale,value: 'The design is feasible... requires experimental validation',Disposition should reflect the material defects in gas flow and bookkeeping.,Update disposition to BLOCK or require revision due to gas flow errors.
N2-F05CF9A5,qwen,qwen,Qwen3.8-27B,qwen,One-shot,Hydrogenolysis,UO-01,APPLICABLE,4,False,NONE,HIGH,"The transformation, substrate, product, catalyst, and modality are correctly identified and preserved.",,,Hydrogenolysis of DMAOL to 3-azetidinol using Pd(OH)2/Al2O3.,
N2-F05CF9A5,qwen,qwen,Qwen3.8-27B,qwen,One-shot,Hydrogenolysis,UO-02,APPLICABLE,4,False,NONE,HIGH,All required reagents and catalysts are present and correctly assigned.,,,"DMAOL, Methanol, H2, Pd(OH)2/Al2O3.",
N2-F05CF9A5,qwen,qwen,Qwen3.8-27B,qwen,One-shot,Hydrogenolysis,UO-03,APPLICABLE,1,True,CRITICAL,HIGH,"The declared liquid flow rate of 3.0 mL/min exceeds the maximum flow rate of the selected pump (pump_h2_pilot, max 2.0 mL/min). This is a material defect in stoichiometry/feed execution as the proposed flow cannot be achieved with the specified inventory. The internal reasoning correctly identified the constraint but the final output is inconsistent with the inventory limits.",delivered_final_outcome.parameters.flow_rate_mL_min | delivered_final_outcome.streams[0].flow_rate_mL_min | delivered_final_outcome.evidence_and_reasoning.reasoning_per_field.flow_rate_mL_min,"value: 3.0 mL/min | value: 3.0 mL/min | value: 'Set to 3.0 mL/min... wait, pump max is 2.0 mL/min... Let's adjust flow to 1.5 mL/min...'","Flow rate must be <= 2.0 mL/min (pump max). The final parameters state 3.0 mL/min, which exceeds the pump's maximum capacity of 2.0 mL/min. The reasoning trace shows the model identified this error but failed to update the final output parameters.","Reduce liquid flow rate to <= 2.0 mL/min (e.g., 1.5 mL/min as suggested in reasoning) and recalculate residence time and equivalents accordingly."
N2-F05CF9A5,qwen,qwen,Qwen3.8-27B,qwen,One-shot,Hydrogenolysis,UO-04,APPLICABLE,3,False,MINOR,HIGH,"The pressure basis is stated as gauge. The inventory BPR max is 40 bar. 21 bar gauge is within limits. The calculation for gas flow uses 21 bar as P_actual. If P_actual is 21 bar gauge, P_abs is ~22 bar. The calculation uses 21 bar. This is a minor inconsistency in the gas flow calculation (using 21 instead of 22), but the error is small (~5%).",delivered_final_outcome.parameters.BPR_basis,value: 'gauge',"The prompt asks to explicitly state whether gas compression uses 21 bar absolute or 21 bar gauge. The candidate states 'gauge'. The inventory BPR has a setpoint of 21.0 bar. Usually, BPRs are rated in absolute or gauge depending on context, but 21 bar gauge is ~22 bar absolute. The published reference says 21 bar. If the BPR is set to 21 bar gauge, the absolute pressure is higher. This is a minor ambiguity but not a critical failure if the equipment supports it (max 40 bar).","Clarify if 21 bar is absolute or gauge in the gas flow calculation. If gauge, use 22.013 bar for absolute pressure in ideal gas law."
N2-F05CF9A5,qwen,qwen,Qwen3.8-27B,qwen,One-shot,Hydrogenolysis,UO-05,APPLICABLE,4,False,NONE,HIGH,The topology is executable and follows the correct order for a gas-liquid-solid hydrogenation.,,,Pump -> Mixer -> Reactor -> Separator -> Collector.,
N2-F05CF9A5,qwen,qwen,Qwen3.8-27B,qwen,One-shot,Hydrogenolysis,UO-06,APPLICABLE,1,True,CRITICAL,HIGH,"The stream definitions contain contradictory and incorrect values. The gas flow is listed as 3.0 sccm in the stream, but the reasoning discusses 100 sccm. The actual flow is listed as 63.0 mL/min, which does not match 3.0 sccm or 100 sccm at the stated conditions. This makes the material balance invalid.",delivered_final_outcome.streams[0].flow_rate_mL_min | delivered_final_outcome.streams[1].gas_flow_sccm | delivered_final_outcome.streams[1].gas_flow_actual_mL_min,value: 3.0 mL/min | value: 3.0 sccm | value: 63.0 mL/min,"The gas flow in the stream definition (3.0 sccm) contradicts the reasoning (100 sccm) and the calculated actual flow (63.0 mL/min). 3.0 sccm at 21 bar/60C is approx 0.6 mL/min, not 63.0 mL/min. 100 sccm at 21 bar/60C is approx 20 mL/min. The value 63.0 mL/min corresponds to ~100 sccm at ~1 bar? No. 100 sccm * (333/273) * (1/21) = 5.86 mL/min. The value 63.0 is likely a calculation error or typo. The stream definition is internally inconsistent and inconsistent with the reasoning.","Correct the gas flow values in the stream definition to match the chosen operating point (e.g., 100 sccm) and recalculate the actual flow correctly."
N2-F05CF9A5,qwen,qwen,Qwen3.8-27B,qwen,One-shot,Hydrogenolysis,UO-07,APPLICABLE,1,True,CRITICAL,HIGH,"The residence time calculation is internally consistent with the declared flow and volume, but the declared flow is invalid (UO-03). Therefore, the residence time is not physically achievable with the specified inventory.",delivered_final_outcome.parameters.residence_time_min | delivered_final_outcome.parameters.flow_rate_mL_min | delivered_final_outcome.parameters.reactor_volume_mL,value: 1.0 min | value: 3.0 mL/min | value: 3.0 mL,"Residence time = Volume / Flow. 3.0 mL / 3.0 mL/min = 1.0 min. This is mathematically consistent. However, since the flow rate is invalid (exceeds pump max), the residence time is based on an invalid flow. If the flow were corrected to 1.5 mL/min, the residence time would be 2.0 min. The current value is consistent with the erroneous flow, but the flow is erroneous.",Recalculate residence time based on a valid flow rate (<= 2.0 mL/min).
N2-F05CF9A5,qwen,qwen,Qwen3.8-27B,qwen,One-shot,Hydrogenolysis,UO-08,APPLICABLE,1,True,CRITICAL,HIGH,The gas flow values are physically inconsistent and mathematically incorrect. The reported actual flow does not match the reported STP flow or the calculated value in the reasoning.,delivered_final_outcome.streams[1].gas_flow_sccm | delivered_final_outcome.streams[1].gas_flow_actual_mL_min | delivered_final_outcome.evidence_and_reasoning.reasoning_per_field.gas_flow_actual_mL_min,value: 3.0 sccm | value: 63.0 mL/min | value: '5.86 mL/min',"The gas bookkeeping is inconsistent. The stream says 3.0 sccm. The reasoning says 100 sccm -> 5.86 mL/min. The stream says 63.0 mL/min. None of these match. 3.0 sccm is 0.003 L/min. At 21 bar, 60C, V = nRT/P. n = 0.003/22.4 = 0.000134 mol/min. V = 0.000134 * 0.08314 * 333 / 21 = 0.000177 m3/min = 0.177 mL/min. The value 63.0 mL/min is wildly incorrect for 3.0 sccm. It is also incorrect for 100 sccm (which is ~5.86 mL/min).",Correct the gas flow values to be consistent with the chosen STP flow and the ideal gas law.
N2-F05CF9A5,qwen,qwen,Qwen3.8-27B,qwen,One-shot,Hydrogenolysis,UO-09,NOT_APPLICABLE,,False,NONE,HIGH,Single stage process.,,,N/A,
N2-F05CF9A5,qwen,qwen,Qwen3.8-27B,qwen,One-shot,Hydrogenolysis,UO-10,APPLICABLE,1,True,CRITICAL,HIGH,The design proposes an operating point that exceeds the hard limit of the selected equipment.,delivered_final_outcome.parameters.flow_rate_mL_min | authoritative_inventory.pumps[0].max_flow_rate_mL_min,value: 3.0 mL/min | value: 2.0 mL/min,The selected pump (pump_h2_pilot) has a max flow of 2.0 mL/min. The design specifies 3.0 mL/min. This exceeds the equipment limit.,Select a pump with higher capacity or reduce the flow rate.
N2-F05CF9A5,qwen,qwen,Qwen3.8-27B,qwen,One-shot,Hydrogenolysis,UO-11,APPLICABLE,3,False,MINOR,HIGH,No major physical impossibilities other than those stemming from the incorrect flow rates.,,,"Physical plausibility is generally maintained, assuming the flow rates were correct.",
N2-F05CF9A5,qwen,qwen,Qwen3.8-27B,qwen,One-shot,Hydrogenolysis,UO-12,APPLICABLE,4,False,NONE,HIGH,"Hazards are recognized and controls (purge, check valve, vent) are specified.",,,Hydrogen safety controls are present.,
N2-F05CF9A5,qwen,qwen,Qwen3.8-27B,qwen,One-shot,Hydrogenolysis,UO-13,APPLICABLE,3,False,MINOR,HIGH,"The procedure is clear, but the parameters are incorrect, which would lead to execution failure.",,,Procedure is generally reproducible.,
N2-F05CF9A5,qwen,qwen,Qwen3.8-27B,qwen,One-shot,Hydrogenolysis,UO-14,APPLICABLE,2,False,MAJOR,HIGH,The evidence and uncertainty calibration is poor because it claims feasibility for a design that violates inventory constraints.,delivered_final_outcome.disposition_rationale,value: 'The design is feasible...',"The disposition is SCREEN, which is appropriate. However, the rationale claims feasibility despite the inventory violation.",Update the disposition rationale to reflect the inventory constraints or correct the design.
N2-3ECA5D30,qwen,qwen,Qwen3.8-27B,qwen,One-shot,Hydrogenolysis,UO-01,APPLICABLE,4,False,NONE,HIGH,"The design correctly identifies the substrate (DMAOL), product (3-azetidinol), transformation (hydrogenolysis), catalyst (Pd(OH)2/Al2O3), and phase regime (gas-liquid-solid). No unsupported substitutions are made.",,,"Preserve substrate, product, transformation, catalyst strategy, reaction modality, and phase regime without unsupported substitution.",
N2-3ECA5D30,qwen,qwen,Qwen3.8-27B,qwen,One-shot,Hydrogenolysis,UO-02,APPLICABLE,4,False,NONE,HIGH,"All required components (DMAOL, methanol, H2, Pd(OH)2/Al2O3) are present and correctly assigned to the inventory items.",,,"All required reagents, catalysts, solvents, additives, gases, and reactive components present and correctly assigned.",
N2-3ECA5D30,qwen,qwen,Qwen3.8-27B,qwen,One-shot,Hydrogenolysis,UO-03,APPLICABLE,2,False,MAJOR,HIGH,"There is a material defect in the stoichiometry and feed chemistry reporting. The `gas_flow_actual_mL_min` in the stream is 210.0, which is physically impossible for 10 sccm at 21 bar (should be ~0.6 mL/min). The `molar_equiv` is listed as 2.0, but the reasoning calculates ~11.8 equivalents for 10 sccm. The reasoning explicitly identifies the calculation error for the gas volume but leaves the incorrect value in the stream object. This creates a contradiction between the declared parameters and the reasoning, making the feed chemistry incoherent in the final output.",delivered_final_outcome.streams[1].gas_flow_actual_mL_min | delivered_final_outcome.streams[1].molar_equiv | delivered_final_outcome.evidence_and_reasoning.reasoning_per_field.gas_flow_actual_mL_min | delivered_final_outcome.evidence_and_reasoning.reasoning_per_field.gas_flow_sccm,gas_flow_actual_mL_min: 210.0 | molar_equiv: 2.0 | reasoning: 'V_actual = 10 * (333.15/273.15) * (1.013/21.0) = 0.588 mL/min... The previous value of 210 was incorrect... Corrected value is ~0.59 mL/min.' | reasoning: '10 sccm = 0.446 mmol/min... 0.446/0.0378 ≈ 11.8 equivalents... Let's stick to 10 sccm to keep H2 eq around 12...',Gas flow and equivalents must be explicit and coherent. The stream object contains contradictory and physically impossible values (210 mL/min actual for 10 sccm at 21 bar is impossible; it should be ~0.6 mL/min). The molar equivalents in the stream (2.0) contradict the reasoning (11.8) and the calculation (10 sccm / 0.0378 mmol/min = 11.8 eq). The reasoning identifies the error but fails to update the final JSON fields consistently.,"Update `streams[1].gas_flow_actual_mL_min` to ~0.59 mL/min and `streams[1].molar_equiv` to ~11.8 (or adjust flow to match 2.0 eq if that was the intent, but 2.0 eq requires ~1.7 sccm, which is valid). Ensure consistency between reasoning and stream values."
N2-3ECA5D30,qwen,qwen,Qwen3.8-27B,qwen,One-shot,Hydrogenolysis,UO-04,APPLICABLE,4,False,NONE,HIGH,Temperature (60 °C) and pressure (21 bar) are correctly specified. The addition order (gas-liquid mixing before reactor) is correct. The stage boundaries are clear.,,,"Temperature, pressure, atmosphere, irradiation, addition order, stage boundaries, and chemistry-critical batch operations translated faithfully.",
N2-3ECA5D30,qwen,qwen,Qwen3.8-27B,qwen,One-shot,Hydrogenolysis,UO-05,APPLICABLE,4,False,NONE,HIGH,The topology is executable: Pump -> Mixer -> Reactor -> Separator -> Collector. All necessary components are present and connected in the correct order.,,,"Feeds, pumps or MFCs, mixers, reactors, controls, separators, quench, collection, and waste connected in the correct executable order.",
N2-3ECA5D30,qwen,qwen,Qwen3.8-27B,qwen,One-shot,Hydrogenolysis,UO-06,APPLICABLE,4,False,NONE,HIGH,The liquid material balance is correct. 0.3 mL/min of 0.126 M DMAOL yields 0.0378 mmol/min. The total flow is consistent.,,,"Liquid concentrations and flow rates reproduce component molar flows, equivalents, total flow, dilution, and throughput.",
N2-3ECA5D30,qwen,qwen,Qwen3.8-27B,qwen,One-shot,Hydrogenolysis,UO-07,APPLICABLE,4,False,NONE,HIGH,Reactor volume (3.0 mL) / Liquid flow (0.3 mL/min) = 10 min residence time. This is consistent and correctly identified as liquid-holdup residence time.,,,"Reactor volume, cumulative flow, geometry, holdup basis, per-stage residence time, and total residence time close numerically.",
N2-3ECA5D30,qwen,qwen,Qwen3.8-27B,qwen,One-shot,Hydrogenolysis,UO-08,APPLICABLE,1,True,CRITICAL,HIGH,"The gas bookkeeping contains a critical physical inconsistency. The stream object reports `gas_flow_actual_mL_min` as 210.0, which contradicts the ideal gas law calculation for 10 sccm at 21 bar (which is ~0.59 mL/min). The reasoning explicitly acknowledges this error ('The previous value of 210 was incorrect... Corrected value is ~0.59 mL/min') but the final JSON field remains incorrect. This makes the design specification physically impossible and inconsistent.",delivered_final_outcome.streams[1].gas_flow_actual_mL_min | delivered_final_outcome.streams[1].gas_flow_sccm | delivered_final_outcome.evidence_and_reasoning.reasoning_per_field.gas_flow_actual_mL_min,gas_flow_sccm: 10.0 | gas_flow_actual_mL_min: 210.0 | reasoning: 'V_actual = 10 * (333.15/273.15) * (1.013/21.0) = 0.588 mL/min... The previous value of 210 was incorrect... Corrected value is ~0.59 mL/min.',"Gas molar flow, equivalents, or residence time is physically inconsistent. The reported actual gas flow (210 mL/min) is physically impossible for the stated STP flow (10 sccm) and pressure (21 bar). The correct value is ~0.59 mL/min. The candidate explicitly identifies this error in the reasoning but fails to correct the final output field, resulting in a physically inconsistent design specification.",Correct `streams[1].gas_flow_actual_mL_min` to ~0.59 mL/min.
N2-3ECA5D30,qwen,qwen,Qwen3.8-27B,qwen,One-shot,Hydrogenolysis,UO-09,NOT_APPLICABLE,,False,NONE,HIGH,The process is single-stage (multistage_process=false).,,,N/A,
N2-3ECA5D30,qwen,qwen,Qwen3.8-27B,qwen,One-shot,Hydrogenolysis,UO-10,APPLICABLE,4,False,NONE,HIGH,"All equipment items are from the authoritative inventory and used within their specified limits (e.g., pump flow 0.3 mL/min is within 0.1-2.0 mL/min; MFC 10 sccm is within 1-100 sccm).",,,"Every selected equipment item exists, and are flow, volume, material, ID, temperature, pressure, wavelength, and connectivity within declared limits.",
N2-3ECA5D30,qwen,qwen,Qwen3.8-27B,qwen,One-shot,Hydrogenolysis,UO-11,APPLICABLE,4,False,NONE,HIGH,"The operating conditions (60 °C, 21 bar) are within the equipment limits. The gas-liquid-solid flow regime is plausible for a packed bed. The residence time is reasonable.",,,"Phase behavior, mixing, pressure drop, heat transfer, mass transfer, and transport assumptions physically plausible and supported at the proposed operating point.",
N2-3ECA5D30,qwen,qwen,Qwen3.8-27B,qwen,One-shot,Hydrogenolysis,UO-12,APPLICABLE,4,False,NONE,HIGH,"Hydrogen hazards are recognized (flammability, leak-tightness). Nitrogen purge is specified. Grounded collection vessel is used. BPR is used for pressure control.",,,"Chemistry-specific thermal, pressure, gas, peroxide, azide, catalyst, solvent, and incompatibility hazards recognized and converted into concrete controls.",
N2-3ECA5D30,qwen,qwen,Qwen3.8-27B,qwen,One-shot,Hydrogenolysis,UO-13,APPLICABLE,4,False,NONE,HIGH,"The procedure includes nitrogen purge, startup steps, steady-state qualification, collection, and shutdown/displacement steps. It is reproducible.",,,"Feed preparation, leak testing, priming, startup, steady-state qualification, collection, normal and emergency shutdown, depressurization, quench, separation, work-up, and waste handling reproducible where required.",
N2-3ECA5D30,qwen,qwen,Qwen3.8-27B,qwen,One-shot,Hydrogenolysis,UO-14,APPLICABLE,3,False,MINOR,HIGH,"The candidate identifies a calculation error in the reasoning but fails to correct the final output, leading to a discrepancy between the reasoning and the reported parameters. This is a minor defect in evidence calibration as the reasoning is honest about the error, but the final output is not updated.",delivered_final_outcome.evidence_and_reasoning.reasoning_per_field.gas_flow_actual_mL_min | delivered_final_outcome.streams[1].gas_flow_actual_mL_min,reasoning: 'The previous value of 210 was incorrect... Corrected value is ~0.59 mL/min.' | stream: 210.0,"Source facts, calculations, assumptions, analogies, performance predictions, uncertainty, validation needs, confidence, and SCREEN/BLOCK/EXECUTE disposition represented honestly and proportionately.",Update the final output to match the corrected reasoning.
N2-AA2B3CE9,qwen,qwen,Qwen3.8-27B,qwen,FlowPilot,Hydrogenolysis,UO-01,APPLICABLE,4,False,NONE,HIGH,"The design correctly identifies the substrate, product, transformation (hydrogenolysis), catalyst (Pd(OH)2/Al2O3), and phase regime (gas-liquid-solid packed bed). No unsupported substitutions are present.",delivered_final_outcome.chemistry_and_operations.chemistry_identity.reaction_name | delivered_final_outcome.chemistry_and_operations.chemistry_identity.transformation_family,N-diphenylmethyl hydrogenolysis | hydrogenolysis,Hydrogenolysis of DMAOL to 3-azetidinol,None
N2-AA2B3CE9,qwen,qwen,Qwen3.8-27B,qwen,FlowPilot,Hydrogenolysis,UO-02,APPLICABLE,4,False,NONE,HIGH,"All required reagents (DMAOL, H2), solvent (methanol), and catalyst (Pd(OH)2/Al2O3 in packed bed) are present and correctly assigned. The inventory items are strictly used.",delivered_final_outcome.chemistry_and_operations.stream_components | delivered_final_outcome.topology.instrument_manifest,DMAOL | methanol | H2,"DMAOL, methanol, H2, Pd(OH)2/Al2O3",None
N2-AA2B3CE9,qwen,qwen,Qwen3.8-27B,qwen,FlowPilot,Hydrogenolysis,UO-03,APPLICABLE,4,False,NONE,HIGH,The concentration of 0.126 M is consistent with the 3.8 wt% solution and assumed density. The H2 equivalents (5.0) are explicitly calculated and sufficient for the reaction. Feed compositions are coherent.,delivered_final_outcome.streams[0].concentration_M | delivered_final_outcome.streams[1].molar_equiv,0.126 M | 5.0 equiv,"0.126 M DMAOL, H2 equiv >= 1",None
N2-AA2B3CE9,qwen,qwen,Qwen3.8-27B,qwen,FlowPilot,Hydrogenolysis,UO-04,APPLICABLE,4,False,NONE,HIGH,"Temperature (60 C) and pressure (21 bar gauge, 22.01 bar absolute) are correctly mapped from the protocol. The design explicitly states the pressure basis, satisfying the hard constraint.",delivered_final_outcome.parameters.temperature_C | delivered_final_outcome.parameters.BPR_bar | delivered_final_outcome.parameters.BPR_basis,60.0 C | 21.0 bar | gauge,"60 C, 21 bar (gauge or absolute specified)",None
N2-AA2B3CE9,qwen,qwen,Qwen3.8-27B,qwen,FlowPilot,Hydrogenolysis,UO-05,APPLICABLE,4,False,NONE,HIGH,"The topology is executable and follows the correct order: liquid and gas feeds mix before the packed bed, pressure is maintained by the BPR, and phases are separated before collection. All inventory items are connected logically.",delivered_final_outcome.topology.unit_operations | delivered_final_outcome.topology.streams,Pump -> Mixer -> Reactor -> BPR -> Separator -> Collector,Feeds -> Mixer -> Reactor -> Backpressure -> Separator -> Collection,None
N2-AA2B3CE9,qwen,qwen,Qwen3.8-27B,qwen,FlowPilot,Hydrogenolysis,UO-06,APPLICABLE,4,False,NONE,HIGH,"Liquid flow rate (0.1 mL/min) and concentration (0.126 M) yield a consistent molar feed rate. The total flow is dominated by the liquid phase, and the balance is dimensionally valid.",delivered_final_outcome.streams[0].flow_rate_mL_min | delivered_final_outcome.streams[0].concentration_M,0.1 mL/min | 0.126 M,Consistent molar flows,None
N2-AA2B3CE9,qwen,qwen,Qwen3.8-27B,qwen,FlowPilot,Hydrogenolysis,UO-07,APPLICABLE,4,False,NONE,HIGH,"The residence time is correctly calculated as 30 minutes based on the geometric reactor volume (3.0 mL) and liquid flow rate (0.1 mL/min). The basis is explicitly defined as nominal empty-bed liquid space time, distinguishing it from gas-liquid total flow.",delivered_final_outcome.parameters.residence_time_min | delivered_final_outcome.parameters.residence_time_basis | delivered_final_outcome.deterministic_verification_sheet.top_level_volume_flow_time_closure,30.0 min | liquid-only reactor volume / liquid flow,V/Q = 3.0 mL / 0.1 mL/min = 30 min,None
N2-AA2B3CE9,qwen,qwen,Qwen3.8-27B,qwen,FlowPilot,Hydrogenolysis,UO-08,APPLICABLE,4,False,NONE,HIGH,The gas bookkeeping is correct. The STP flow (1.412 sccm) is converted to in-channel flow (0.07927 mL/min) using the ideal gas law with the correct absolute pressure (22.01325 bar) and temperature (60 C). The equivalents (5.0) are derived correctly from these flows.,delivered_final_outcome.streams[1].gas_flow_sccm | delivered_final_outcome.streams[1].gas_flow_actual_mL_min | delivered_final_outcome.parameters.pressure_absolute_bar,1.412 sccm | 0.07927 mL/min | 22.01325 bar,Consistent STP and in-channel gas flows,None
N2-AA2B3CE9,qwen,qwen,Qwen3.8-27B,qwen,FlowPilot,Hydrogenolysis,UO-09,NOT_APPLICABLE,,False,NONE,HIGH,The process is single-stage. This criterion is not applicable.,case_context.applicability.multistage_process,false,N/A,None
N2-AA2B3CE9,qwen,qwen,Qwen3.8-27B,qwen,FlowPilot,Hydrogenolysis,UO-10,APPLICABLE,4,False,NONE,HIGH,"All equipment items are from the authoritative inventory. Operating conditions (60 C, 21 bar) are within the declared limits of the reactor, pump, and mixer. No invented equipment is used.",delivered_final_outcome.topology.instrument_manifest,pump_h2_pilot | mfc_h2_100 | reactor_h2_pbr_300,Inventory items within limits,None
N2-AA2B3CE9,qwen,qwen,Qwen3.8-27B,qwen,FlowPilot,Hydrogenolysis,UO-11,APPLICABLE,4,False,NONE,HIGH,The operating point is physically plausible. Methanol is liquid at 60 C and 21 bar. The packed bed configuration supports gas-liquid-solid contact. Pressure drop and heat transfer assumptions are standard for this scale.,delivered_final_outcome.parameters.temperature_C | delivered_final_outcome.parameters.BPR_bar,60 C | 21 bar,Physically plausible transport,None
N2-AA2B3CE9,qwen,qwen,Qwen3.8-27B,qwen,FlowPilot,Hydrogenolysis,UO-12,APPLICABLE,4,False,NONE,HIGH,"Key hazards (flammable hydrogen, high pressure) are recognized and controlled. Specific controls include inert purge, backflow prevention, safe venting, and leak testing. The design is safe for a first screen.",delivered_final_outcome.safety_controls.controls,H2-INERT-PURGE | H2-BACKFLOW-PREVENTION | H2-VENT-ROUTING,Hydrogen and pressure hazards mitigated,None
N2-AA2B3CE9,qwen,qwen,Qwen3.8-27B,qwen,FlowPilot,Hydrogenolysis,UO-13,APPLICABLE,4,False,NONE,HIGH,"The operating procedure is detailed and reproducible, covering preparation, setup, priming, leak testing, purge, startup, steady-state qualification, collection, and shutdown. No immediate execution hazards are created by missing steps.",delivered_final_outcome.chemistry_and_operations.operating_procedure,PREP-A | SETUP-PRIME | H2-INERT-PURGE | START-FEEDS,Reproducible procedure,None
N2-AA2B3CE9,qwen,qwen,Qwen3.8-27B,qwen,FlowPilot,Hydrogenolysis,UO-14,APPLICABLE,4,False,NONE,HIGH,"The disposition is SCREEN, which is appropriate for a first experimental screen. The confidence is labeled LOW, acknowledging the need for wet-lab validation. No invented evidence or unsupported guarantees are made.",delivered_final_outcome.disposition_rationale | delivered_final_outcome.evidence_and_reasoning.confidence,SCREEN | LOW,Honest disposition,None
N2-479DCF09,qwen,qwen,Qwen3.8-27B,qwen,FlowPilot,Hydrogenolysis,UO-01,APPLICABLE,4,False,NONE,HIGH,"The design correctly identifies the transformation, substrate, product, catalyst, and reaction modality (gas-liquid-solid packed bed) as required by the protocol.",delivered_final_outcome.chemistry_and_operations.chemistry_identity | delivered_final_outcome.streams,hydrogenolysis | DMAOL | Pd(OH)2/Al2O3,Hydrogenolysis of DMAOL to 3-azetidinol using Pd(OH)2/Al2O3 catalyst.,None
N2-479DCF09,qwen,qwen,Qwen3.8-27B,qwen,FlowPilot,Hydrogenolysis,UO-02,APPLICABLE,4,False,NONE,HIGH,"The design includes DMAOL, methanol, hydrogen, and the specified catalyst. No unsafe or transformation-changing materials are introduced. Acetic acid is correctly omitted as it is optional and not justified.",delivered_final_outcome.streams | delivered_final_outcase_context.authoritative_inventory,DMAOL | methanol | H2 | Pd(OH)2/Al2O3,"All required reagents, solvents, gases, and catalysts are present.",None
N2-479DCF09,qwen,qwen,Qwen3.8-27B,qwen,FlowPilot,Hydrogenolysis,UO-03,APPLICABLE,4,False,NONE,HIGH,"The substrate concentration (0.126 M) matches the protocol's instruction to use 3.8 wt% in methanol with density 0.792 g/mL. The hydrogen equivalents (1.57) are calculated from the gas flow and liquid flow, providing a clear stoichiometric basis. The feed composition is coherent.",delivered_final_outcome.streams[0].concentration_M | delivered_final_outcome.streams[1].molar_equiv,0.126 M | 1.57 equiv H2,Concentrations and equivalents are explicit and coherent.,None
N2-479DCF09,qwen,qwen,Qwen3.8-27B,qwen,FlowPilot,Hydrogenolysis,UO-04,APPLICABLE,4,False,NONE,HIGH,"The design operates at 60 C and 21 bar. The candidate explicitly states the BPR basis is gauge, which is a critical distinction for gas calculations, and correctly converts to absolute pressure (22.01325 bar) for gas law calculations. This faithfully translates the batch conditions.",delivered_final_outcome.parameters.temperature_C | delivered_final_outcome.parameters.BPR_bar | delivered_final_outcome.parameters.BPR_basis,60 C | 21 bar gauge | 22.01325 bar absolute,"Temperature 60 C, Pressure 21 bar (basis explicitly stated).",None
N2-479DCF09,qwen,qwen,Qwen3.8-27B,qwen,FlowPilot,Hydrogenolysis,UO-05,APPLICABLE,4,False,NONE,HIGH,"The topology connects the liquid pump and gas MFC to a T-mixer, then to the packed-bed reactor, followed by a back-pressure regulator, gas-liquid separator, and collection vessel. This is a physically executable and standard flow chemistry topology for this reaction.",delivered_final_outcome.topology.unit_operations | delivered_final_outcome.topology.streams,Pump -> Mixer -> Reactor -> BPR -> Separator -> Collector,Executable topology with correct order of operations.,None
N2-479DCF09,qwen,qwen,Qwen3.8-27B,qwen,FlowPilot,Hydrogenolysis,UO-06,APPLICABLE,4,False,NONE,HIGH,The liquid flow rate and concentration are consistent. The molar flow of substrate is 0.22517 mL/min * 0.126 mmol/mL = 0.02837 mmol/min. This is internally consistent.,delivered_final_outcome.streams[0].flow_rate_mL_min | delivered_final_outcome.streams[0].concentration_M,0.22517 mL/min | 0.126 M,Liquid material balance is dimensionally valid.,None
N2-479DCF09,qwen,qwen,Qwen3.8-27B,qwen,FlowPilot,Hydrogenolysis,UO-07,APPLICABLE,4,False,NONE,HIGH,"The candidate correctly distinguishes between nominal empty-bed space time and liquid-holdup residence time. It calculates residence time as V_reactor / Q_liquid = 3.0 / 0.22517 = 13.32 min. The verification sheet confirms this closure. The basis is explicitly stated as liquid-only, avoiding the error of using total gas+liquid flow for liquid reaction time.",delivered_final_outcome.parameters.residence_time_min | delivered_final_outcome.parameters.residence_time_basis | delivered_final_outcome.deterministic_verification_sheet.top_level_volume_flow_time_closure,13.32 min | liquid-only reactor volume / liquid flow | 3.0 mL / 0.22517 mL/min,Residence time closes numerically with reactor volume and flow.,None
N2-479DCF09,qwen,qwen,Qwen3.8-27B,qwen,FlowPilot,Hydrogenolysis,UO-08,APPLICABLE,4,False,NONE,HIGH,"The candidate reports H2 flow at inlet/STP (1 sccm) and pressure-corrected in-channel flow (0.05614 mL/min). The conversion calculation is provided in the reasoning: 1 sccm = 1 mL/min at STP. At 60 C (333.15 K) and 22.0132 bar abs, the volume is corrected using ideal gas law: V2 = V1 * (P1/P2) * (T2/T1) = 1 * (1.01325/22.0132) * (333.15/273.15) ≈ 0.0561 mL/min. This is physically consistent and distinct from liquid flow.",delivered_final_outcome.streams[1].gas_flow_sccm | delivered_final_outcome.streams[1].gas_flow_actual_mL_min | delivered_final_outcome.streams[1].reasoning,1.0 sccm | 0.05614 mL/min | 22.0132 bar absolute,Gas bookkeeping is consistent with STP and operating pressure.,None
N2-479DCF09,qwen,qwen,Qwen3.8-27B,qwen,FlowPilot,Hydrogenolysis,UO-09,NOT_APPLICABLE,,False,NONE,HIGH,The process is a single-stage packed bed reaction. Multistage closure is not applicable.,case_context.applicability.multistage_process,false,N/A for single-stage process.,None
N2-479DCF09,qwen,qwen,Qwen3.8-27B,qwen,FlowPilot,Hydrogenolysis,UO-10,APPLICABLE,4,False,NONE,HIGH,All selected equipment IDs match the authoritative inventory. Flow rates (0.225 mL/min) are within pump limits (0.1-2.0 mL/min). Pressure (21 bar) is within BPR and reactor limits (40 bar). Temperature (60 C) is within reactor and bath limits. No invented equipment is used.,delivered_final_outcome.topology.instrument_manifest | case_context.authoritative_inventory,pump_h2_pilot | mfc_h2_100 | reactor_h2_pbr_300 | bpr_h2_21,All equipment exists in inventory and is within limits.,None
N2-479DCF09,qwen,qwen,Qwen3.8-27B,qwen,FlowPilot,Hydrogenolysis,UO-11,APPLICABLE,4,False,NONE,HIGH,"Operating at 60 C and 21 bar ensures methanol remains liquid (boiling point ~65 C at 1 bar, much higher at 21 bar). Hydrogen solubility is sufficient for catalytic hydrogenation. Pressure drop across a 200 mm packed bed at low flow is manageable. No plugging or runaway hazards are indicated by the conditions.",delivered_final_outcome.parameters.temperature_C | delivered_final_outcome.parameters.BPR_bar,60 C | 21 bar,Phase behavior and transport are plausible.,None
N2-479DCF09,qwen,qwen,Qwen3.8-27B,qwen,FlowPilot,Hydrogenolysis,UO-12,APPLICABLE,4,False,NONE,HIGH,"The design includes specific controls for hydrogen safety: inert purge with N2, backflow prevention with check valve, vent routing to safe vent, ignition control, and pressure relief/leak testing. These are concrete and appropriate for the hazards.",delivered_final_outcome.safety_controls.controls | delivered_final_outcome.chemistry_and_operations.operating_procedure,H2-INERT-PURGE | H2-BACKFLOW-PREVENTION | H2-VENT-ROUTING | H2-IGNITION-CONTROL,Hydrogen and pressure hazards are recognized and controlled.,None
N2-479DCF09,qwen,qwen,Qwen3.8-27B,qwen,FlowPilot,Hydrogenolysis,UO-13,APPLICABLE,4,False,NONE,HIGH,"The procedure covers feed preparation, setup verification, priming, leak testing, inert purge, startup sequence, steady-state qualification, collection, and shutdown. It is detailed enough to be reconstructed and executed safely.",delivered_final_outcome.chemistry_and_operations.operating_procedure,PREP-A | SETUP-VERIFY | H2-INERT-PURGE | START-FEEDS | STEADY-STATE,Operating procedure is reproducible and safe.,None
N2-479DCF09,qwen,qwen,Qwen3.8-27B,qwen,FlowPilot,Hydrogenolysis,UO-14,APPLICABLE,4,False,NONE,HIGH,"The candidate reports LOW confidence and a SCREEN disposition, acknowledging that this is a first experimental screen requiring wet-lab validation. It does not guarantee performance or invent evidence. The reasoning for parameters is transparent.",delivered_final_outcome.evidence_and_reasoning.confidence | delivered_final_outcome.disposition_rationale,LOW | SCREEN,Evidence and uncertainty are calibrated honestly.,None
N2-708C60D9,qwen,qwen,Qwen3.8-27B,qwen,FlowPilot,Hydrogenolysis,UO-01,APPLICABLE,4,False,NONE,HIGH,"The design correctly identifies the transformation as hydrogenolysis of the N-diphenylmethyl group, consistent with the protocol and source facts.",delivered_final_outcome.chemistry_and_operations.chemistry_identity.reaction_name | delivered_final_outcome.chemistry_and_operations.chemistry_identity.transformation_family,N-diphenylmethyl hydrogenolysis | hydrogenolysis,Hydrogenolysis of DMAOL to 3-azetidinol,
N2-708C60D9,qwen,qwen,Qwen3.8-27B,qwen,FlowPilot,Hydrogenolysis,UO-02,APPLICABLE,4,False,NONE,HIGH,"All required reagents, solvents, gases, and catalysts are present and correctly assigned from the inventory.",delivered_final_outcome.chemistry_and_operations.stream_components | delivered_final_outcase.topology.instrument_manifest,DMAOL | methanol | H2 | Pd(OH)2/Al2O3,"DMAOL, methanol, H2, Pd(OH)2/Al2O3",
N2-708C60D9,qwen,qwen,Qwen3.8-27B,qwen,FlowPilot,Hydrogenolysis,UO-03,APPLICABLE,4,False,NONE,HIGH,Concentration matches the protocol's derived molarity. Hydrogen equivalents are explicitly stated and coherent with a screening design.,delivered_final_outcome.streams[0].concentration_M | delivered_final_outcome.streams[1].molar_equiv,0.126 M | 10.0 equiv,"0.126 M (approx), 10 equiv (conservative screen)",
N2-708C60D9,qwen,qwen,Qwen3.8-27B,qwen,FlowPilot,Hydrogenolysis,UO-04,APPLICABLE,4,False,NONE,HIGH,"Temperature and pressure conditions match the protocol. The candidate explicitly states the BPR basis is gauge, satisfying the hard constraint.",delivered_final_outcome.parameters.temperature_C | delivered_final_outcome.parameters.BPR_bar | delivered_final_outcome.parameters.BPR_basis,60.0 C | 21.0 bar | gauge,"60 C, 21 bar (gauge or absolute explicitly stated)",
N2-708C60D9,qwen,qwen,Qwen3.8-27B,qwen,FlowPilot,Hydrogenolysis,UO-05,APPLICABLE,4,False,NONE,HIGH,"The topology connects all required unit operations in a physically executable order: liquid and gas feeds mix before the packed bed, followed by pressure control, separation, and collection.",delivered_final_outcome.topology.unit_operations | delivered_final_outcome.topology.streams,Pump -> Mixer -> Reactor -> BPR -> Separator -> Collector,Executable topology with correct order,
N2-708C60D9,qwen,qwen,Qwen3.8-27B,qwen,FlowPilot,Hydrogenolysis,UO-06,APPLICABLE,4,False,NONE,HIGH,Liquid flow rate and concentration are consistent. Molar flow of substrate is 0.0126 mmol/min. No dimensional invalidity.,delivered_final_outcome.streams[0].flow_rate_mL_min | delivered_final_outcome.streams[0].concentration_M,0.1 mL/min | 0.126 M,Consistent molar flows,
N2-708C60D9,qwen,qwen,Qwen3.8-27B,qwen,FlowPilot,Hydrogenolysis,UO-07,APPLICABLE,4,False,NONE,HIGH,"Reactor volume (3.0 mL) / Liquid flow (0.1 mL/min) = 30 min. The candidate correctly distinguishes this as nominal empty-bed liquid space time, adhering to the protocol's instruction to distinguish it from gas-plus-liquid time.",delivered_final_outcome.parameters.residence_time_min | delivered_final_outcome.parameters.residence_time_basis | delivered_final_outcome.deterministic_verification_sheet.top_level_volume_flow_time_closure,30.0 min | liquid-only reactor volume / liquid flow | passes_10_percent: true,Residence time closes numerically with volume and flow,
N2-708C60D9,qwen,qwen,Qwen3.8-27B,qwen,FlowPilot,Hydrogenolysis,UO-08,APPLICABLE,4,False,NONE,HIGH,"The candidate provides STP flow (2.824 sccm) and pressure-corrected in-channel flow (0.1585 mL/min). Calculation check: 2.824 sccm = 2.824 mL/min at STP. At 22.01325 bar abs and 333.15 K (60 C), V = V_stp * (1.01325/22.01325) * (333.15/273.15) ≈ 2.824 * 0.04603 * 1.2196 ≈ 0.1585 mL/min. The calculation is correct and distinct from liquid flow.",delivered_final_outcome.streams[1].gas_flow_sccm | delivered_final_outcome.streams[1].gas_flow_actual_mL_min | delivered_final_outcome.parameters.pressure_absolute_bar,2.824 sccm | 0.1585 mL/min | 22.01325 bar abs,Gas flows close with pressure and temperature,
N2-708C60D9,qwen,qwen,Qwen3.8-27B,qwen,FlowPilot,Hydrogenolysis,UO-09,NOT_APPLICABLE,,False,NONE,HIGH,The process is single-stage.,case_context.applicability.multistage_process,false,N/A,
N2-708C60D9,qwen,qwen,Qwen3.8-27B,qwen,FlowPilot,Hydrogenolysis,UO-10,APPLICABLE,4,False,NONE,HIGH,"All equipment items (pump, MFC, mixer, reactor, BPR, separator, collector, bath) are from the authoritative inventory and used within their declared limits (e.g., pressure, flow, temperature).",delivered_final_outcome.topology.instrument_manifest,All equipment IDs match inventory,Inventory feasible,
N2-708C60D9,qwen,qwen,Qwen3.8-27B,qwen,FlowPilot,Hydrogenolysis,UO-11,APPLICABLE,4,False,NONE,HIGH,Operating at 60 C and 21 bar keeps methanol liquid. Gas-liquid mixing in a packed bed is standard. No physical impossibilities identified.,delivered_final_outcome.parameters.temperature_C | delivered_final_outcome.parameters.BPR_bar,60 C | 21 bar,Physically plausible transport,
N2-708C60D9,qwen,qwen,Qwen3.8-27B,qwen,FlowPilot,Hydrogenolysis,UO-12,APPLICABLE,4,False,NONE,HIGH,"Hydrogen-specific hazards (flammability, pressure) are addressed with concrete controls: N2 purge, check valve, safe vent, ignition control, and leak testing.",delivered_final_outcome.safety_controls.controls,H2-INERT-PURGE | H2-BACKFLOW-PREVENTION | H2-VENT-ROUTING | H2-IGNITION-CONTROL,Hazards recognized and controlled,
N2-708C60D9,qwen,qwen,Qwen3.8-27B,qwen,FlowPilot,Hydrogenolysis,UO-13,APPLICABLE,4,False,NONE,HIGH,"The operating procedure is detailed, covering preparation, leak testing, purging, startup sequence, steady-state qualification, collection, and shutdown. It is reproducible.",delivered_final_outcome.chemistry_and_operations.operating_procedure,"Preparation, Setup, Startup, Steady State, Collection, Shutdown",Reproducible procedure,
N2-708C60D9,qwen,qwen,Qwen3.8-27B,qwen,FlowPilot,Hydrogenolysis,UO-14,APPLICABLE,4,False,NONE,HIGH,"The disposition is SCREEN, appropriate for a first experimental screen. Confidence is LOW, acknowledging the need for wet-lab validation. No invented evidence.",delivered_final_outcase.disposition_rationale | delivered_final_outcome.evidence_and_reasoning.confidence,SCREEN | LOW,Honest evidence and uncertainty,
N2-D9414DDD,qwen,qwen,Qwen3.8-27B,qwen,One-shot,Photochemical oxidation,UO-01,APPLICABLE,4,False,NONE,HIGH,"The design correctly identifies the photocatalytic aerobic oxidation of Fmoc-L-methionine using 4,7-diphenyl-2,1,3-benzothiadiazole in acetonitrile under 420 nm light. The transformation fidelity is preserved.",,,"Preserve substrate, product, transformation, catalyst, modality, phase.",
N2-D9414DDD,qwen,qwen,Qwen3.8-27B,qwen,One-shot,Photochemical oxidation,UO-02,APPLICABLE,4,False,NONE,HIGH,"The design includes Fmoc-L-methionine, the photocatalyst, acetonitrile solvent, and air (as oxygen source). All components are correctly assigned to the inventory items (pump_photo_liquid, mfc_air_10).",,,"All required reagents, catalysts, solvents, additives, gases present.",
N2-D9414DDD,qwen,qwen,Qwen3.8-27B,qwen,One-shot,Photochemical oxidation,UO-03,APPLICABLE,4,False,NONE,HIGH,"The liquid feed is 0.1 M substrate with 10 mol% catalyst, matching the batch reference. The air flow is set to 1.0 sccm. While the oxygen equivalents are not explicitly calculated in the text, the flow rate is reasonable for a screen, and the stoichiometry is coherent.",,,"Concentrations, equivalents, feed compositions explicit and coherent.",
N2-D9414DDD,qwen,qwen,Qwen3.8-27B,qwen,One-shot,Photochemical oxidation,UO-04,APPLICABLE,4,False,NONE,HIGH,"Temperature is set to 21 C. Pressure is set to 3 bar (gauge). Irradiation is 420 nm. The gas-liquid mixing occurs before the reactor. The residence time is 5 min, matching the batch reference.",,,"Temperature, pressure, atmosphere, irradiation, addition order, stage boundaries faithful.",
N2-D9414DDD,qwen,qwen,Qwen3.8-27B,qwen,One-shot,Photochemical oxidation,UO-05,APPLICABLE,4,False,NONE,HIGH,"The topology connects the liquid pump and air MFC to the T-mixer, then to the photoreactor, then to the gas-liquid separator, and finally to the collection vessel. This is a standard and executable gas-liquid flow topology.",,,"Feeds, pumps, mixers, reactors, controls, separators, quench, collection, waste connected correctly.",
N2-D9414DDD,qwen,qwen,Qwen3.8-27B,qwen,One-shot,Photochemical oxidation,UO-06,APPLICABLE,4,False,NONE,HIGH,The liquid flow rate is 0.2 mL/min. The concentration is 0.1 M. The molar flow of substrate is 0.02 mmol/min. The reactor volume is 1.0 mL. The residence time is 5 min. The material balance is consistent.,,,"Liquid concentrations and flow rates reproduce component molar flows, equivalents, total flow, dilution, throughput.",
N2-D9414DDD,qwen,qwen,Qwen3.8-27B,qwen,One-shot,Photochemical oxidation,UO-07,APPLICABLE,4,False,NONE,HIGH,The residence time is calculated as V/Q = 1.0 mL / 0.2 mL/min = 5.0 min. This matches the reported residence time and the batch reference. The geometry (1.0 mL coil) is consistent with the inventory.,,,"Reactor volume, cumulative flow, geometry, holdup basis, per-stage residence time, total residence time close numerically.",
N2-D9414DDD,qwen,qwen,Qwen3.8-27B,qwen,One-shot,Photochemical oxidation,UO-08,APPLICABLE,3,False,NONE,HIGH,"The design reports air at 1.0 sccm (STP). It does not explicitly calculate the in-channel gas flow or oxygen equivalents, which is a minor omission for a complete gas bookkeeping report, but the design is still executable and safe. The pressure basis is stated as gauge, which is consistent with the BPR setpoint.",,,"Gas identity, STP definition, inlet flow, molar flow, equivalents, absolute pressure, channel flow, holdup, gas-sensitive residence-time bases close and distinct.",
N2-D9414DDD,qwen,qwen,Qwen3.8-27B,qwen,One-shot,Photochemical oxidation,UO-09,NOT_APPLICABLE,,False,NONE,HIGH,The process is single-stage (multistage_process=false).,,,N/A,
N2-D9414DDD,qwen,qwen,Qwen3.8-27B,qwen,One-shot,Photochemical oxidation,UO-10,APPLICABLE,4,False,NONE,HIGH,"All equipment IDs (pump_photo_liquid, mfc_air_10, mixer_photo_t, reactor_photo_100, bpr_photo_3, separator_photo_gl, collector_photo_100, safety_photo_enclosure) are from the authoritative inventory. The operating conditions (3 bar, 21 C, 0.2 mL/min, 1.0 sccm) are within the limits of the selected equipment.",,,"Every selected equipment item exists, and are flow, volume, material, ID, temperature, pressure, wavelength, and connectivity within declared limits.",
N2-D9414DDD,qwen,qwen,Qwen3.8-27B,qwen,One-shot,Photochemical oxidation,UO-11,APPLICABLE,4,False,NONE,HIGH,The use of a T-mixer for gas-liquid mixing is standard. The pressure of 3 bar is sufficient to maintain gas-liquid contact and prevent cavitation. The residence time of 5 min is reasonable for a photocatalytic oxidation. The design is physically plausible.,,,"Phase behavior, mixing, pressure drop, heat transfer, mass transfer, and transport assumptions physically plausible and supported.",
N2-D9414DDD,qwen,qwen,Qwen3.8-27B,qwen,One-shot,Photochemical oxidation,UO-12,APPLICABLE,4,False,NONE,HIGH,"The design identifies the hazards of acetonitrile (flammable), oxygen-enriched organic stream (fire/explosion), and 420 nm light (eye hazard). It proposes the use of the interlocked photochemical enclosure and vent for safety. The pressure rating of the equipment is checked.",,,"Chemistry-specific thermal, pressure, gas, peroxide, azide, catalyst, solvent, and incompatibility hazards recognized and converted into concrete controls.",
N2-D9414DDD,qwen,qwen,Qwen3.8-27B,qwen,One-shot,Photochemical oxidation,UO-13,APPLICABLE,4,False,NONE,HIGH,"The design provides a clear startup procedure (prime pump, set MFC, set thermostat, set BPR, start pump, start MFC, wait for steady state). It also provides a shutdown procedure (stop pumps and MFC, flush with acetonitrile). The work-up is described (separation and collection).",,,"Feed preparation, leak testing, priming, startup, steady-state qualification, collection, normal and emergency shutdown, depressurization, quench, separation, work-up, and waste handling reproducible.",
N2-D9414DDD,qwen,qwen,Qwen3.8-27B,qwen,One-shot,Photochemical oxidation,UO-14,APPLICABLE,4,False,NONE,HIGH,"The design correctly identifies the need for experimental validation of mass transfer and residence time distribution in flow photochemistry. It reports a SCREEN disposition, which is appropriate for a first screen. The confidence is stated as HIGH, which is reasonable given the inventory support and chemical knowledge.",,,"Source facts, calculations, assumptions, analogies, performance predictions, uncertainty, validation needs, confidence, and SCREEN/BLOCK/EXECUTE disposition represented honestly and proportionately.",
N2-93353F12,qwen,qwen,Qwen3.8-27B,qwen,One-shot,Photochemical oxidation,UO-01,APPLICABLE,4,False,NONE,HIGH,"The design correctly identifies the photocatalytic aerobic oxidation of Fmoc-L-methionine using 4,7-diphenyl-2,1,3-benzothiadiazole in acetonitrile under 420 nm light. The transformation and modality are preserved.",,,"Preserve substrate, product, transformation, catalyst, modality, phase.",
N2-93353F12,qwen,qwen,Qwen3.8-27B,qwen,One-shot,Photochemical oxidation,UO-02,APPLICABLE,4,False,NONE,HIGH,"Fmoc-L-methionine, photocatalyst, acetonitrile, and air are all included and correctly assigned to the liquid and gas feeds.",,,"All required reagents, catalysts, solvents, additives, gases present.",
N2-93353F12,qwen,qwen,Qwen3.8-27B,qwen,One-shot,Photochemical oxidation,UO-03,APPLICABLE,4,False,NONE,HIGH,"The liquid feed is 0.1 M substrate with 10 mol% catalyst, matching the batch protocol. Air is supplied as a reagent. The stoichiometry is coherent for a screening design.",,,"Concentrations, equivalents, feed compositions explicit and coherent.",
N2-93353F12,qwen,qwen,Qwen3.8-27B,qwen,One-shot,Photochemical oxidation,UO-04,APPLICABLE,4,False,NONE,HIGH,"Temperature (21 C), wavelength (420 nm), and pressure (3 bar) are correctly set. The gas-liquid mixing before the reactor is appropriate for aerobic oxidation.",,,"Temperature, pressure, atmosphere, irradiation, addition order, stage boundaries faithful.",
N2-93353F12,qwen,qwen,Qwen3.8-27B,qwen,One-shot,Photochemical oxidation,UO-05,APPLICABLE,4,False,NONE,HIGH,"The topology connects the liquid pump and air MFC to the T-mixer, then to the photoreactor, then to the gas-liquid separator, and finally to the collection vessel. This is a valid executable order.",,,"Feeds, pumps, mixers, reactors, controls, separators, quench, collection, waste connected correctly.",
N2-93353F12,qwen,qwen,Qwen3.8-27B,qwen,One-shot,Photochemical oxidation,UO-06,APPLICABLE,4,False,NONE,HIGH,Liquid flow is 0.1 mL/min. Concentration is 0.1 M. Molar flow is 0.01 mmol/min. This is dimensionally consistent.,,,"Liquid concentrations and flow rates reproduce component molar flows, equivalents, total flow, dilution, throughput.",
N2-93353F12,qwen,qwen,Qwen3.8-27B,qwen,One-shot,Photochemical oxidation,UO-07,APPLICABLE,4,False,NONE,HIGH,Reactor volume is 1.0 mL. Liquid flow is 0.1 mL/min. Residence time is 10.0 min. V = Q * tau holds (1.0 = 0.1 * 10). The design explicitly uses liquid contact residence time as required.,,,"Reactor volume, cumulative flow, geometry, holdup basis, per-stage residence time, total residence time close numerically.",
N2-93353F12,qwen,qwen,Qwen3.8-27B,qwen,One-shot,Photochemical oxidation,UO-08,APPLICABLE,4,False,NONE,HIGH,Air is supplied at 1.0 sccm. The design calculates the actual gas flow at 3 bar (gauge) / 4 bar (absolute) as ~0.24 mL/min. It correctly distinguishes between STP flow and in-channel flow. Oxygen equivalents are derived from 21 mol% O2 in air. The gas bookkeeping is consistent.,,,"Gas identity, STP definition, inlet flow, molar flow, equivalents, absolute pressure, channel flow, holdup, gas-sensitive residence-time bases close and remain distinct.",
N2-93353F12,qwen,qwen,Qwen3.8-27B,qwen,One-shot,Photochemical oxidation,UO-09,NOT_APPLICABLE,,False,NONE,HIGH,The process is single-stage (multistage_process=false).,,,N/A,
N2-93353F12,qwen,qwen,Qwen3.8-27B,qwen,One-shot,Photochemical oxidation,UO-10,APPLICABLE,4,False,NONE,HIGH,"All equipment IDs (pump_photo_liquid, mfc_air_10, mixer_photo_t, reactor_photo_100, bpr_photo_3, separator_photo_gl, collector_photo_100, safety_photo_enclosure) are from the authoritative inventory. Operating conditions (3 bar, 21 C, 0.1 mL/min, 1.0 sccm) are within the specified limits for each component.",,,"Every selected equipment item exists, and are flow, volume, material, ID, temperature, pressure, wavelength, and connectivity within declared limits.",
N2-93353F12,qwen,qwen,Qwen3.8-27B,qwen,One-shot,Photochemical oxidation,UO-11,APPLICABLE,4,False,NONE,HIGH,The gas-liquid flow in a 1.0 mm coil at 3 bar is physically plausible. The low liquid flow rate (0.1 mL/min) and low gas flow rate (1.0 sccm) suggest a segmented or annular flow regime which is suitable for mass transfer in photochemical oxidations. Pressure drop is negligible at these low flows.,,,"Phase behavior, mixing, pressure drop, heat transfer, mass transfer, and transport assumptions physically plausible and supported at the proposed operating point.",
N2-93353F12,qwen,qwen,Qwen3.8-27B,qwen,One-shot,Photochemical oxidation,UO-12,APPLICABLE,4,False,NONE,HIGH,"Hazards of oxygen-enriched organic streams, acetonitrile vapor, and high-intensity light are identified. Controls include the interlocked photochemical enclosure and vented separator. The BPR provides pressure relief.",,,"Chemistry-specific thermal, pressure, gas, peroxide, azide, catalyst, solvent, and incompatibility hazards recognized and converted into concrete controls.",
N2-93353F12,qwen,qwen,Qwen3.8-27B,qwen,One-shot,Photochemical oxidation,UO-13,APPLICABLE,4,False,NONE,HIGH,"The pre-reactor and post-reactor steps provide a clear sequence for setup, startup, and shutdown. Feed preparation is described. Collection and separation are defined.",,,"Feed preparation, leak testing, priming, startup, steady-state qualification, collection, normal and emergency shutdown, depressurization, quench, separation, work-up, and waste handling reproducible where required.",
N2-93353F12,qwen,qwen,Qwen3.8-27B,qwen,One-shot,Photochemical oxidation,UO-14,APPLICABLE,4,False,NONE,HIGH,"The disposition is SCREEN, which is appropriate for a first flow screen. The confidence is stated as High for safety/feasibility and Medium for yield, acknowledging the need for experimental validation. No invented evidence is present.",,,"Source facts, calculations, assumptions, analogies, performance predictions, uncertainty, validation needs, confidence, and SCREEN/BLOCK/EXECUTE disposition represented honestly and proportionately.",
N2-471087C0,qwen,qwen,Qwen3.8-27B,qwen,One-shot,Photochemical oxidation,UO-01,APPLICABLE,4,False,NONE,HIGH,"The design correctly identifies the substrate (Fmoc-L-methionine), product (sulfoxide), catalyst (4,7-diphenyl-2,1,3-benzothiadiazole), and modality (photochemical oxidation with air). No unsupported substitutions.",,,"Preserve substrate, product, catalyst, modality, phase.",
N2-471087C0,qwen,qwen,Qwen3.8-27B,qwen,One-shot,Photochemical oxidation,UO-02,APPLICABLE,4,False,NONE,HIGH,"All required components (substrate, catalyst, solvent, air) are present and correctly assigned to streams.",,,"All required reagents, catalysts, solvents, additives, gases present.",
N2-471087C0,qwen,qwen,Qwen3.8-27B,qwen,One-shot,Photochemical oxidation,UO-03,APPLICABLE,4,False,NONE,HIGH,Concentration (0.1 M) and catalyst loading (10 mol%) match the batch reference. Equivalents are defined. Feed composition is coherent.,,,"Concentrations, equivalents, feed compositions explicit and coherent.",
N2-471087C0,qwen,qwen,Qwen3.8-27B,qwen,One-shot,Photochemical oxidation,UO-04,APPLICABLE,4,False,NONE,HIGH,"Temperature (21 C), wavelength (420 nm), and pressure (3 bar) are correctly set. Addition order (mixer before reactor) is correct. Stage boundaries are clear.",,,"Temperature, pressure, atmosphere, irradiation, addition order, stage boundaries translated faithfully.",
N2-471087C0,qwen,qwen,Qwen3.8-27B,qwen,One-shot,Photochemical oxidation,UO-05,APPLICABLE,4,False,NONE,HIGH,The topology (Pump -> Mixer -> Reactor -> Separator -> Collector) is physically executable and follows the required order. All equipment IDs are from the inventory.,,,"Feeds, pumps, mixers, reactors, controls, separators, quench, collection, waste connected in correct executable order.",
N2-471087C0,qwen,qwen,Qwen3.8-27B,qwen,One-shot,Photochemical oxidation,UO-06,APPLICABLE,4,False,NONE,HIGH,Liquid flow rate (0.1 mL/min) and concentration (0.1 M) yield a molar flow of 0.01 mmol/min. This is consistent with the stoichiometry and throughput calculations.,,,"Liquid concentrations and flow rates reproduce component molar flows, equivalents, total flow, dilution, and throughput.",
N2-471087C0,qwen,qwen,Qwen3.8-27B,qwen,One-shot,Photochemical oxidation,UO-07,APPLICABLE,4,False,NONE,HIGH,Reactor volume (1.0 mL) / Liquid flow (0.1 mL/min) = 10 min residence time. This closes numerically and is explicitly stated as the basis.,,,"Reactor volume, cumulative flow, geometry, holdup basis, per-stage residence time, and total residence time close numerically.",
N2-471087C0,qwen,qwen,Qwen3.8-27B,qwen,One-shot,Photochemical oxidation,UO-08,APPLICABLE,1,True,CRITICAL,HIGH,"The candidate fails to report the pressure-corrected in-channel gas flow/volume as explicitly required by the hard constraints ('Report air at inlet/STP and pressure-corrected in-channel conditions'). The provided value 'gas_flow_actual_mL_min: 0.21' is ambiguous and likely incorrect (1.0 sccm at 3 bar gauge ~ 4 bar abs is ~0.25 mL/min, but the candidate does not state this calculation or basis). Furthermore, the oxygen equivalents are not calculated from the 21 mol% oxygen as required. This is a material defect in gas bookkeeping.",delivered_final_outcome.streams[1].gas_flow_sccm | delivered_final_outcome.streams[1].gas_flow_actual_mL_min | delivered_final_outcome.parameters.BPR_bar | delivered_final_outcome.parameters.BPR_basis,gas_flow_sccm: 1.0 | gas_flow_actual_mL_min: 0.21 | BPR_bar: 3.0 | BPR_basis: gauge,"Gas identity, STP definition, inlet flow, molar flow, equivalents, absolute pressure, channel flow, holdup, and gas-sensitive residence-time bases must close and remain distinct. Specifically, the prompt requires reporting air at inlet/STP and pressure-corrected in-channel conditions. The candidate fails to provide the pressure-corrected in-channel gas flow or volume, and the provided 'gas_flow_actual_mL_min' (0.21) is inconsistent with the STP flow (1.0 sccm = 1.0 mL/min at STP) if interpreted as in-channel volume without pressure correction, or is simply missing the required calculation. The",Calculate and report the in-channel gas volume/flow at the operating pressure (3 bar gauge). Calculate oxygen equivalents based on 21 mol% O2 in air.
N2-471087C0,qwen,qwen,Qwen3.8-27B,qwen,One-shot,Photochemical oxidation,UO-09,NOT_APPLICABLE,,False,NONE,HIGH,The process is single-stage (multistage_process=false).,,,N/A,
N2-471087C0,qwen,qwen,Qwen3.8-27B,qwen,One-shot,Photochemical oxidation,UO-10,APPLICABLE,4,False,NONE,HIGH,"All equipment IDs are from the authoritative inventory. Operating conditions (flow, pressure, temperature) are within the declared limits of the equipment.",,,"Every selected equipment item exists, and are flow, volume, material, ID, temperature, pressure, wavelength, and connectivity within declared limits.",
N2-471087C0,qwen,qwen,Qwen3.8-27B,qwen,One-shot,Photochemical oxidation,UO-11,APPLICABLE,4,False,NONE,HIGH,"The design uses a T-mixer for gas-liquid mixing, which is plausible. The pressure (3 bar) helps solubility. The flow rates are low, minimizing pressure drop issues. The design is physically plausible.",,,"Phase behavior, mixing, pressure drop, heat transfer, mass transfer, and transport assumptions physically plausible and supported at the proposed operating point.",
N2-471087C0,qwen,qwen,Qwen3.8-27B,qwen,One-shot,Photochemical oxidation,UO-12,APPLICABLE,4,False,NONE,HIGH,"Hazards (oxygen-enriched stream, light, solvent vapor) are identified and controls (enclosure, vent, shielding) are specified.",,,"Chemistry-specific thermal, pressure, gas, peroxide, azide, catalyst, solvent, and incompatibility hazards recognized and converted into concrete controls.",
N2-471087C0,qwen,qwen,Qwen3.8-27B,qwen,One-shot,Photochemical oxidation,UO-13,APPLICABLE,4,False,NONE,HIGH,Pre-reactor and post-reactor steps are listed. Startup and shutdown procedures are implied or partially described. The design is reproducible.,,,"Feed preparation, leak testing, priming, startup, steady-state qualification, collection, normal and emergency shutdown, depressurization, quench, separation, work-up, and waste handling reproducible where required.",
N2-471087C0,qwen,qwen,Qwen3.8-27B,qwen,One-shot,Photochemical oxidation,UO-14,APPLICABLE,4,False,NONE,HIGH,"The disposition is SCREEN, which is appropriate for a first flow screen. Confidence is stated as HIGH, which is reasonable given the conservative design. No invented evidence.",,,"Source facts, calculations, assumptions, analogies, performance predictions, uncertainty, validation needs, confidence, and SCREEN/BLOCK/EXECUTE disposition represented honestly and proportionately.",
N2-0CBFDC76,qwen,qwen,Qwen3.8-27B,qwen,FlowPilot,Photochemical oxidation,UO-01,APPLICABLE,4,False,NONE,HIGH,"The design correctly identifies the substrate, product transformation, catalyst, and oxidant as specified in the protocol. No unsupported substitutions.",delivered_final_outcome.chemistry_and_operations.chemistry_identity.reaction_name | delivered_final_outcome.chemistry_and_operations.stream_components,"photocatalytic aerobic oxidation of Fmoc-L-methionine | Fmoc-L-methionine | 4,7-diphenyl-2,1,3-benzothiadiazole | air",Oxidation of Fmoc-L-methionine to sulfoxide using air and photocatalyst.,None
N2-0CBFDC76,qwen,qwen,Qwen3.8-27B,qwen,FlowPilot,Photochemical oxidation,UO-02,APPLICABLE,4,False,NONE,HIGH,All required chemical components are present and correctly assigned to streams A (liquid) and B (gas).,delivered_final_outcome.chemistry_and_operations.stream_components | delivered_final_outcase.topology.instrument_manifest,"Fmoc-L-methionine | 4,7-diphenyl-2,1,3-benzothiadiazole | acetonitrile | air","All reagents, catalyst, solvent, and gas present.",None
N2-0CBFDC76,qwen,qwen,Qwen3.8-27B,qwen,FlowPilot,Photochemical oxidation,UO-03,APPLICABLE,4,False,NONE,HIGH,Concentrations match the batch reference. Gas flow is calculated to provide 1 equivalent of air (and thus ~0.21 equiv O2) relative to substrate at the defined residence time. The stoichiometry is coherent for a screening design.,delivered_final_outcome.streams[0].concentration_M | delivered_final_outcome.streams[1].gas_flow_sccm | delivered_final_outcome.evidence_and_reasoning.reasoning_per_field.BPR_bar,0.1 M | 3.3158 sccm | 4.01325 bar absolute,"0.1 M substrate, 10 mol% catalyst, air at sufficient equivalents.",None
N2-0CBFDC76,qwen,qwen,Qwen3.8-27B,qwen,FlowPilot,Photochemical oxidation,UO-04,APPLICABLE,4,False,NONE,HIGH,"Temperature, wavelength, and pressure setpoints match the protocol and inventory constraints exactly.",delivered_final_outcome.parameters.temperature_C | delivered_final_outcome.parameters.wavelength_nm | delivered_final_outcome.parameters.BPR_bar,21.0 C | 420.0 nm | 3.0 bar gauge,"21 C, 420 nm, 3 bar BPR.",None
N2-0CBFDC76,qwen,qwen,Qwen3.8-27B,qwen,FlowPilot,Photochemical oxidation,UO-05,APPLICABLE,4,False,NONE,HIGH,"The topology correctly connects the liquid pump and gas MFC to a mixer, then to the photoreactor, followed by back-pressure regulation, phase separation, and collection. This is a standard and executable gas-liquid flow sequence.",delivered_final_outcome.topology.pid_description | delivered_final_outcome.topology.unit_operations,Pump -> Mixer -> Reactor -> BPR -> Separator -> Collector,Executable gas-liquid flow topology.,None
N2-0CBFDC76,qwen,qwen,Qwen3.8-27B,qwen,FlowPilot,Photochemical oxidation,UO-06,APPLICABLE,4,False,NONE,HIGH,The liquid flow rate (0.31068 mL/min) and reactor volume (1.0 mL) yield the stated residence time. The material balance for the liquid phase is dimensionally valid.,delivered_final_outcome.streams[0].flow_rate_mL_min | delivered_final_outcome.streams[0].concentration_M | delivered_final_outcome.deterministic_verification_sheet.top_level_volume_flow_time_closure,0.31068 mL/min | 0.1 M | 1.0 mL,Liquid flow and concentration consistent with reactor volume and residence time.,None
N2-0CBFDC76,qwen,qwen,Qwen3.8-27B,qwen,FlowPilot,Photochemical oxidation,UO-07,APPLICABLE,4,False,NONE,HIGH,"The design explicitly defines residence time based on liquid flow and reactor volume, as required by the hard constraints. The calculation (1.0 / 0.31068 ≈ 3.22 min) is correct.",delivered_final_outcome.parameters.residence_time_min | delivered_final_outcome.parameters.residence_time_basis | delivered_final_outcome.deterministic_verification_sheet.top_level_volume_flow_time_closure,3.218746 min | liquid-only | 1.0 mL / 0.31068 mL/min,Residence time calculated as V/Q_liquid.,None
N2-0CBFDC76,qwen,qwen,Qwen3.8-27B,qwen,FlowPilot,Photochemical oxidation,UO-08,APPLICABLE,4,False,NONE,HIGH,The design correctly reports STP flow (sccm) and pressure-corrected in-channel flow. The conversion from sccm to mL/min at 4.01325 bar and 21 C is physically consistent. Oxygen equivalents are derived from air composition.,delivered_final_outcome.streams[1].gas_flow_sccm | delivered_final_outcome.streams[1].gas_flow_actual_mL_min | delivered_final_outcome.evidence_and_reasoning.reasoning_per_field.BPR_bar,3.3158 sccm | 0.901523 mL/min | 4.01325 bar absolute,Gas flow corrected for pressure and temperature.,None
N2-0CBFDC76,qwen,qwen,Qwen3.8-27B,qwen,FlowPilot,Photochemical oxidation,UO-09,NOT_APPLICABLE,,False,NONE,HIGH,The process is single-stage. Criterion UO-09 is not applicable.,case_context.applicability.multistage_process,false,N/A for single-stage process.,None
N2-0CBFDC76,qwen,qwen,Qwen3.8-27B,qwen,FlowPilot,Photochemical oxidation,UO-10,APPLICABLE,4,False,NONE,HIGH,"All selected equipment IDs match the authoritative inventory. Operating parameters (flow, pressure, temperature) are within the declared limits of the inventory items.",delivered_final_outcome.topology.instrument_manifest | case_context.authoritative_inventory,pump_photo_liquid | mfc_air_10 | reactor_photo_100 | bpr_photo_3,All equipment from inventory.,None
N2-0CBFDC76,qwen,qwen,Qwen3.8-27B,qwen,FlowPilot,Photochemical oxidation,UO-11,APPLICABLE,4,False,NONE,HIGH,The use of a BPR ensures the liquid phase is maintained. The gas-liquid separator handles the phase split. The flow rates and reactor geometry are physically plausible for a 1 mL coil.,delivered_final_outcome.safety_controls.controls | delivered_final_outcome.parameters.BPR_bar,3.0 bar | vented separator,Plausible transport and phase behavior.,None
N2-0CBFDC76,qwen,qwen,Qwen3.8-27B,qwen,FlowPilot,Photochemical oxidation,UO-12,APPLICABLE,4,False,NONE,HIGH,"Key hazards (light, oxygen/organic mix, pressure) are identified. Controls include interlocked enclosure, venting, and pressure testing. No major hazard is omitted.",delivered_final_outcome.safety_controls.hazards | delivered_final_outcome.safety_controls.controls,high_intensity_light | oxygen_organic_service | pressurized_operation,Hazards identified and controlled.,None
N2-0CBFDC76,qwen,qwen,Qwen3.8-27B,qwen,FlowPilot,Photochemical oxidation,UO-13,APPLICABLE,4,False,NONE,HIGH,"The operating procedure covers preparation, setup, priming, leak testing, startup, steady-state qualification, collection, and shutdown. It is reproducible.",delivered_final_outcome.chemistry_and_operations.operating_procedure,PREP-A | SETUP-VERIFY | START-FEEDS | NORMAL-SHUTDOWN,Reproducible procedure.,None
N2-0CBFDC76,qwen,qwen,Qwen3.8-27B,qwen,FlowPilot,Photochemical oxidation,UO-14,APPLICABLE,4,False,NONE,HIGH,"The disposition is SCREEN, which is appropriate for a first experimental design. Confidence is stated as LOW, acknowledging the need for wet-lab validation. No invented evidence.",delivered_final_outcome.reported_disposition | delivered_final_outcome.evidence_and_reasoning.confidence,SCREEN | LOW,Honest disposition.,None
N2-306DCDAD,qwen,qwen,Qwen3.8-27B,qwen,FlowPilot,Photochemical oxidation,UO-01,APPLICABLE,4,False,NONE,HIGH,"The design correctly identifies the substrate, product transformation (oxidation), catalyst, and oxidant (air) as specified in the protocol. No unsupported substitutions.",delivered_final_outcome.chemistry_and_operations.chemistry_identity.reaction_name | delivered_final_outcome.chemistry_and_operations.stream_components,"photocatalytic aerobic oxidation of Fmoc-L-methionine | Fmoc-L-methionine | 4,7-diphenyl-2,1,3-benzothiadiazole | air",Oxidation of Fmoc-L-methionine to sulfoxide using air and photocatalyst.,None
N2-306DCDAD,qwen,qwen,Qwen3.8-27B,qwen,FlowPilot,Photochemical oxidation,UO-02,APPLICABLE,4,False,NONE,HIGH,"All required reagents (substrate, catalyst, solvent, gas) are present and correctly assigned to streams.",delivered_final_outcome.chemistry_and_operations.stream_components | delivered_final_outcase_context.authoritative_inventory,"Fmoc-L-methionine | 4,7-diphenyl-2,1,3-benzothiadiazole | acetonitrile | air",All reagents present.,None
N2-306DCDAD,qwen,qwen,Qwen3.8-27B,qwen,FlowPilot,Photochemical oxidation,UO-03,APPLICABLE,4,False,NONE,HIGH,"Concentrations and equivalents are explicit. The air flow is calculated to provide 1 equivalent of oxygen relative to the substrate flow, which is a defensible stoichiometric basis for a screen.",delivered_final_outcome.streams[0].concentration_M | delivered_final_outcome.streams[1].molar_equiv,0.1 M | 1.0 equiv air,"0.1 M substrate, 10 mol% catalyst, sufficient air.",None
N2-306DCDAD,qwen,qwen,Qwen3.8-27B,qwen,FlowPilot,Photochemical oxidation,UO-04,APPLICABLE,4,False,NONE,HIGH,"Temperature, wavelength, and pressure match the protocol and inventory constraints. The residence time is derived from the flow rate and reactor volume.",delivered_final_outcome.parameters.temperature_C | delivered_final_outcome.parameters.wavelength_nm | delivered_final_outcome.parameters.BPR_bar,21.0 C | 420.0 nm | 3.0 bar,"21 C, 420 nm, 3 bar.",None
N2-306DCDAD,qwen,qwen,Qwen3.8-27B,qwen,FlowPilot,Photochemical oxidation,UO-05,APPLICABLE,4,False,NONE,HIGH,"The topology correctly connects the liquid pump and gas MFC to a T-mixer, then to the photoreactor, followed by back-pressure regulation, phase separation, and collection. This is a standard and executable gas-liquid flow setup.",delivered_final_outcome.topology.unit_operations | delivered_final_outcome.topology.streams,Pump -> Mixer -> Reactor -> BPR -> Separator -> Collector,Executable topology with gas-liquid mixing before reactor.,None
N2-306DCDAD,qwen,qwen,Qwen3.8-27B,qwen,FlowPilot,Photochemical oxidation,UO-06,APPLICABLE,4,False,NONE,HIGH,"The liquid flow rate and concentration yield a consistent molar feed rate. The gas flow is calculated based on STP and corrected for pressure/temperature, maintaining dimensional consistency.",delivered_final_outcome.streams[0].flow_rate_mL_min | delivered_final_outcome.streams[0].concentration_M,0.31068 mL/min | 0.1 M,Consistent molar flows.,None
N2-306DCDAD,qwen,qwen,Qwen3.8-27B,qwen,FlowPilot,Photochemical oxidation,UO-07,APPLICABLE,4,False,NONE,HIGH,"The residence time is correctly calculated as reactor volume divided by liquid flow rate, as required by the hard constraints. The verification sheet confirms closure.",delivered_final_outcome.parameters.residence_time_min | delivered_final_outcome.parameters.reactor_volume_mL | delivered_final_outcome.parameters.flow_rate_mL_min,3.218746 min | 1.0 mL | 0.31068 mL/min,tau = V/Q = 1.0 / 0.31068 = 3.2187 min.,None
N2-306DCDAD,qwen,qwen,Qwen3.8-27B,qwen,FlowPilot,Photochemical oxidation,UO-08,APPLICABLE,4,False,NONE,HIGH,"The design explicitly reports inlet STP flow, pressure-corrected in-channel flow, and absolute pressure. The calculation (3.3158 sccm at 1.01325 bar -> 0.9015 mL/min at 4.01325 bar and 21 C) is physically consistent (Ideal Gas Law: P1V1/T1 = P2V2/T2).",delivered_final_outcome.streams[1].gas_flow_sccm | delivered_final_outcome.streams[1].gas_flow_actual_mL_min | delivered_final_outcome.parameters.pressure_absolute_bar,3.3158 sccm | 0.901523 mL/min | 4.01325 bar,Gas flows consistent with STP and operating pressure.,None
N2-306DCDAD,qwen,qwen,Qwen3.8-27B,qwen,FlowPilot,Photochemical oxidation,UO-09,NOT_APPLICABLE,,False,NONE,HIGH,The process is single-stage. Criterion is not applicable.,case_context.applicability.multistage_process,false,N/A for single stage.,None
N2-306DCDAD,qwen,qwen,Qwen3.8-27B,qwen,FlowPilot,Photochemical oxidation,UO-10,APPLICABLE,4,False,NONE,HIGH,"All equipment IDs match the authoritative inventory. Operating parameters (flow, pressure, temperature) are within the declared limits of the inventory items.",delivered_final_outcome.topology.instrument_manifest,pump_photo_liquid | mfc_air_10 | mixer_photo_t | reactor_photo_100 | bpr_photo_3,All equipment from inventory.,None
N2-306DCDAD,qwen,qwen,Qwen3.8-27B,qwen,FlowPilot,Photochemical oxidation,UO-11,APPLICABLE,4,False,NONE,HIGH,The use of a BPR ensures the liquid phase is maintained. The gas-liquid separator handles the phase split. The low flow rates and small ID tubing suggest manageable pressure drops. No physical impossibilities detected.,delivered_final_outcome.parameters.BPR_bar | delivered_final_outcome.safety_controls.controls,3.0 bar | Oxygen/Organic controls,Physically plausible transport and phase behavior.,None
N2-306DCDAD,qwen,qwen,Qwen3.8-27B,qwen,FlowPilot,Photochemical oxidation,UO-12,APPLICABLE,4,False,NONE,HIGH,"Key hazards (light, oxygen/organic mix, pressure) are identified. Controls include interlocked enclosure, venting, leak testing, and emergency stop procedures.",delivered_final_outcome.safety_controls.hazards | delivered_final_outcome.safety_controls.controls,high_intensity_light | oxygen_organic_service | pressurized_operation,Hazards identified and controlled.,None
N2-306DCDAD,qwen,qwen,Qwen3.8-27B,qwen,FlowPilot,Photochemical oxidation,UO-13,APPLICABLE,4,False,NONE,HIGH,"The operating procedure covers preparation, setup, priming, leak testing, startup, steady-state qualification, collection, and shutdown. It is detailed enough for reconstruction.",delivered_final_outcome.chemistry_and_operations.operating_procedure,PREP-A | SETUP-VERIFY | START-FEEDS | COLLECT-PRODUCT | NORMAL-SHUTDOWN,Reproducible procedure.,None
N2-306DCDAD,qwen,qwen,Qwen3.8-27B,qwen,FlowPilot,Photochemical oxidation,UO-14,APPLICABLE,4,False,NONE,HIGH,"The disposition is SCREEN, acknowledging the need for wet-lab validation. Confidence is rated LOW, which is appropriate for a first screen without prior flow data. No invented evidence.",delivered_final_outcome.disposition_rationale | delivered_final_outcome.evidence_and_reasoning.confidence,SCREEN | LOW,Honest disposition.,None
N2-8CBCF39B,qwen,qwen,Qwen3.8-27B,qwen,FlowPilot,Photochemical oxidation,UO-01,APPLICABLE,4,False,NONE,HIGH,"The design correctly identifies the substrate, product transformation, catalyst, and oxidant as specified in the protocol. No unsupported substitutions.",delivered_final_outcome.chemistry_and_operations.chemistry_identity.reaction_name | delivered_final_outcome.chemistry_and_operations.stream_components,"photocatalytic aerobic oxidation of Fmoc-L-methionine | Fmoc-L-methionine | 4,7-diphenyl-2,1,3-benzothiadiazole | air",Oxidation of Fmoc-L-methionine to sulfoxide using air and photocatalyst.,None
N2-8CBCF39B,qwen,qwen,Qwen3.8-27B,qwen,FlowPilot,Photochemical oxidation,UO-02,APPLICABLE,4,False,NONE,HIGH,All required chemical components are present and correctly assigned to streams A (liquid) and B (gas).,delivered_final_outcome.chemistry_and_operations.stream_components | delivered_final_outcase.topology.instrument_manifest,"Fmoc-L-methionine | 4,7-diphenyl-2,1,3-benzothiadiazole | acetonitrile | air","All reagents, catalyst, solvent, and gas present.",None
N2-8CBCF39B,qwen,qwen,Qwen3.8-27B,qwen,FlowPilot,Photochemical oxidation,UO-03,APPLICABLE,4,False,NONE,HIGH,"Concentrations and equivalents are explicit. The air flow is calculated to provide 1.0 equivalent of oxygen relative to the substrate molar flow, which is a defensible stoichiometric basis for a screen.",delivered_final_outcome.streams[0].concentration_M | delivered_final_outcome.streams[1].molar_equiv,0.1 M | 1.0 equiv air,"0.1 M substrate, 10 mol% catalyst, stoichiometric air.",None
N2-8CBCF39B,qwen,qwen,Qwen3.8-27B,qwen,FlowPilot,Photochemical oxidation,UO-04,APPLICABLE,4,False,NONE,HIGH,"Temperature, wavelength, and pressure match the protocol and inventory constraints. The BPR basis is explicitly stated as gauge.",delivered_final_outcome.parameters.temperature_C | delivered_final_outcome.parameters.wavelength_nm | delivered_final_outcome.parameters.BPR_bar,21.0 C | 420.0 nm | 3.0 bar,"21 C, 420 nm, 3 bar.",None
N2-8CBCF39B,qwen,qwen,Qwen3.8-27B,qwen,FlowPilot,Photochemical oxidation,UO-05,APPLICABLE,4,False,NONE,HIGH,"The topology correctly connects the liquid pump and gas MFC to a mixer, then to the photoreactor, followed by pressure control, phase separation, and collection. This is a standard and executable gas-liquid flow sequence.",delivered_final_outcome.topology.pid_description | delivered_final_outcome.topology.unit_operations,Pump -> Mixer -> Reactor -> BPR -> Separator -> Collector,Executable gas-liquid flow topology.,None
N2-8CBCF39B,qwen,qwen,Qwen3.8-27B,qwen,FlowPilot,Photochemical oxidation,UO-06,APPLICABLE,4,False,NONE,HIGH,The liquid flow rate and concentration yield a consistent molar feed rate. The gas flow is calculated from STP conditions to in-channel conditions correctly.,delivered_final_outcome.streams[0].flow_rate_mL_min | delivered_final_outcome.streams[0].concentration_M,0.31068 mL/min | 0.1 M,Consistent molar flows.,None
N2-8CBCF39B,qwen,qwen,Qwen3.8-27B,qwen,FlowPilot,Photochemical oxidation,UO-07,APPLICABLE,4,False,NONE,HIGH,"The residence time is correctly calculated based on the liquid flow rate and reactor volume, as required by the hard constraints. The verification sheet confirms closure.",delivered_final_outcome.parameters.residence_time_min | delivered_final_outcome.parameters.reactor_volume_mL | delivered_final_outcome.parameters.flow_rate_mL_min,3.218746 min | 1.0 mL | 0.31068 mL/min,tau = V/Q = 1.0 / 0.31068 = 3.2187 min.,None
N2-8CBCF39B,qwen,qwen,Qwen3.8-27B,qwen,FlowPilot,Photochemical oxidation,UO-08,APPLICABLE,4,False,NONE,HIGH,"The design explicitly reports STP flow, in-channel flow corrected for temperature and pressure (3 bar gauge = 4.01325 bar abs), and calculates oxygen equivalents. The math is consistent: 3.3158 sccm * (273.15/294.15) * (1.01325/4.01325) ≈ 0.9015 mL/min.",delivered_final_outcome.streams[1].gas_flow_sccm | delivered_final_outcome.streams[1].gas_flow_actual_mL_min | delivered_final_outcome.parameters.pressure_absolute_bar,3.3158 sccm | 0.901523 mL/min | 4.01325 bar,Consistent gas bookkeeping.,None
N2-8CBCF39B,qwen,qwen,Qwen3.8-27B,qwen,FlowPilot,Photochemical oxidation,UO-09,NOT_APPLICABLE,,False,NONE,HIGH,The process is single-stage. Criterion is not applicable.,case_context.applicability.multistage_process,false,N/A for single stage.,None
N2-8CBCF39B,qwen,qwen,Qwen3.8-27B,qwen,FlowPilot,Photochemical oxidation,UO-10,APPLICABLE,4,False,NONE,HIGH,"All equipment IDs match the authoritative inventory. Flow rates and pressures are within the declared limits of the hardware (e.g., pump max 1.0 mL/min, BPR max 3.0 bar).",delivered_final_outcome.topology.instrument_manifest,pump_photo_liquid | mfc_air_10 | reactor_photo_100 | bpr_photo_3,Inventory items within limits.,None
N2-8CBCF39B,qwen,qwen,Qwen3.8-27B,qwen,FlowPilot,Photochemical oxidation,UO-11,APPLICABLE,4,False,NONE,HIGH,"Operating at 21 C and 3 bar is well within the boiling point of acetonitrile, preventing cavitation or boiling. The gas-liquid mixing and residence time are physically plausible for a 1 mL coil.",delivered_final_outcome.parameters.temperature_C | delivered_final_outcome.parameters.BPR_bar,21 C | 3 bar,Physically plausible transport.,None
N2-8CBCF39B,qwen,qwen,Qwen3.8-27B,qwen,FlowPilot,Photochemical oxidation,UO-12,APPLICABLE,4,False,NONE,HIGH,"Key hazards (oxygen/organic mix, high-intensity light, pressure) are identified and specific controls (venting, enclosure, leak testing) are assigned.",delivered_final_outcome.safety_controls.controls,OXYGEN-ORGANIC-IGNITION-CONTROL | PHOTO-LIGHT-ENCLOSURE | PRESSURE-LEAK-TEST,Hazards identified and controlled.,None
N2-8CBCF39B,qwen,qwen,Qwen3.8-27B,qwen,FlowPilot,Photochemical oxidation,UO-13,APPLICABLE,4,False,NONE,HIGH,"The operating procedure covers preparation, setup, priming, startup, steady-state qualification, collection, and shutdown. It is detailed enough for reconstruction.",delivered_final_outcome.chemistry_and_operations.operating_procedure,PREP-A | SETUP-PRIME | START-FEEDS | COLLECT-PRODUCT,Reproducible procedure.,None
N2-8CBCF39B,qwen,qwen,Qwen3.8-27B,qwen,FlowPilot,Photochemical oxidation,UO-14,APPLICABLE,4,False,NONE,HIGH,"The disposition is SCREEN, and confidence is LOW, appropriately reflecting that this is a first experimental screen without prior wet-lab validation for this specific flow setup.",delivered_final_outcome.evidence_and_reasoning.confidence | delivered_final_outcome.reported_disposition,LOW | SCREEN,Honest uncertainty calibration.,None
N2-70AC5DB5,qwen,qwen,Qwen3.8-27B,qwen,One-shot,CuAAC,UO-01,APPLICABLE,2,False,MAJOR,HIGH,"The protocol explicitly requires translating the batch procedure (150 °C) into a flow design. The candidate arbitrarily reduces the temperature to 80 °C, citing 'conservative' safety, but fails to justify why the specific chemistry (CuAAC on Cu/C) requires this reduction or if it will yield the product. This is a material deviation from the intended transformation conditions without a defensible chemical basis provided in the output.",delivered_final_outcome.parameters.temperature_C | delivered_final_outcome.chemistry_and_operations.chemistry_notes,value: 80.0 | value: 80 °C,150 °C (per protocol),Use 150 °C or provide rigorous kinetic/safety data proving 80 °C is necessary and sufficient for conversion.
N2-70AC5DB5,qwen,qwen,Qwen3.8-27B,qwen,One-shot,CuAAC,UO-02,APPLICABLE,4,False,NONE,HIGH,"All required reagents and solvents are present. The catalyst is part of the reactor hardware (packed bed), which is correctly identified.",delivered_final_outcome.streams[0].contents,"Benzyl azide, phenylacetylene, acetone","Benzyl azide, phenylacetylene, acetone, Cu/C catalyst",None
N2-70AC5DB5,qwen,qwen,Qwen3.8-27B,qwen,One-shot,CuAAC,UO-03,APPLICABLE,4,False,NONE,HIGH,Concentrations and equivalents are correctly calculated and consistent with the batch protocol.,delivered_final_outcome.streams[0].concentration_M | delivered_final_outcome.streams[0].contents,0.25 M | phenylacetylene (0.275 M),"0.25 M substrate, 1.1 equiv coupling partner",None
N2-70AC5DB5,qwen,qwen,Qwen3.8-27B,qwen,One-shot,CuAAC,UO-04,APPLICABLE,2,False,MAJOR,HIGH,"Same as UO-01. The condition mapping is flawed because the temperature is changed without justification, potentially making the intended chemistry (high-yield conversion in short time) implausible or requiring much longer residence times than calculated.",delivered_final_outcome.parameters.temperature_C,value: 80.0,150 °C,Align temperature with protocol or justify deviation.
N2-70AC5DB5,qwen,qwen,Qwen3.8-27B,qwen,One-shot,CuAAC,UO-05,APPLICABLE,4,False,NONE,HIGH,The topology is executable and uses the available inventory correctly.,delivered_final_outcome.topology,packed-bed,Pump -> Reactor -> BPR -> Collector,None
N2-70AC5DB5,qwen,qwen,Qwen3.8-27B,qwen,One-shot,CuAAC,UO-06,APPLICABLE,4,False,NONE,HIGH,Liquid material balance is correct.,delivered_final_outcome.streams[0].flow_rate_mL_min | delivered_final_outcome.streams[0].concentration_M,0.3 mL/min | 0.25 M,Consistent molar flows,None
N2-70AC5DB5,qwen,qwen,Qwen3.8-27B,qwen,One-shot,CuAAC,UO-07,APPLICABLE,4,False,NONE,HIGH,Residence time calculation is mathematically correct and consistent with reactor volume and flow rate.,delivered_final_outcome.parameters.residence_time_min | delivered_final_outcome.parameters.reactor_volume_mL | delivered_final_outcome.parameters.flow_rate_mL_min,1.0 min | 0.3 mL | 0.3 mL/min,V/Q = 0.3/0.3 = 1.0 min,None
N2-70AC5DB5,qwen,qwen,Qwen3.8-27B,qwen,One-shot,CuAAC,UO-08,NOT_APPLICABLE,,False,NONE,HIGH,Gas process is false.,,,N/A,None
N2-70AC5DB5,qwen,qwen,Qwen3.8-27B,qwen,One-shot,CuAAC,UO-09,NOT_APPLICABLE,,False,NONE,HIGH,Multistage process is false.,,,N/A,None
N2-70AC5DB5,qwen,qwen,Qwen3.8-27B,qwen,One-shot,CuAAC,UO-10,APPLICABLE,4,False,NONE,HIGH,All equipment is from the authoritative inventory.,delivered_final_outcome.topology.inventory_selection,"X-Cube HPLC pump, Cu/C CatCart, BPR",Available inventory,None
N2-70AC5DB5,qwen,qwen,Qwen3.8-27B,qwen,One-shot,CuAAC,UO-11,APPLICABLE,4,False,NONE,HIGH,"At 80 °C and 20 bar, acetone is liquid. Transport assumptions are plausible.",delivered_final_outcome.parameters.temperature_C | delivered_final_outcome.parameters.BPR_bar,80 °C | 20 bar,Physically plausible,None
N2-70AC5DB5,qwen,qwen,Qwen3.8-27B,qwen,One-shot,CuAAC,UO-12,APPLICABLE,4,False,NONE,HIGH,Hazards are recognized and controls are specified.,delivered_final_outcome.safety_controls,Azide safety: Use the azide-service blast shield | Pressure safety: BPR set to 20.0 bar,Azide and pressure controls,None
N2-70AC5DB5,qwen,qwen,Qwen3.8-27B,qwen,One-shot,CuAAC,UO-13,APPLICABLE,4,False,NONE,HIGH,Procedure is complete and reproducible.,delivered_final_outcome.chemistry_and_operations.pre_reactor_steps | delivered_final_outcome.chemistry_and_operations.post_reactor_steps,"Premix, purge, collect, quench, extract",Reproducible procedure,None
N2-70AC5DB5,qwen,qwen,Qwen3.8-27B,qwen,One-shot,CuAAC,UO-14,APPLICABLE,3,False,MINOR,HIGH,"The candidate admits to deviating from the batch conditions but frames it as a 'conservative screen'. While the deviation is material (UO-01/UO-04), the evidence calibration is honest about the change. However, recommending execution (SCREEN) with a known unvalidated condition change that might fail the chemistry is a minor defect in calibration.",delivered_final_outcome.disposition_rationale,"conservative screening experiment at a lower, safer temperature",Honest calibration,None
N2-75DF0799,qwen,qwen,Qwen3.8-27B,qwen,One-shot,CuAAC,UO-01,APPLICABLE,4,False,NONE,HIGH,"The design correctly identifies the substrate, product, catalyst (Cu/C), and reaction modality (thermal flow). No unsupported substitutions were made.",,,CuAAC transformation with Cu/C catalyst preserved.,
N2-75DF0799,qwen,qwen,Qwen3.8-27B,qwen,One-shot,CuAAC,UO-02,APPLICABLE,4,False,NONE,HIGH,"Benzyl azide, phenylacetylene, acetone, and Cu/C catalyst are all included and correctly assigned.",,,All reagents present.,
N2-75DF0799,qwen,qwen,Qwen3.8-27B,qwen,One-shot,CuAAC,UO-03,APPLICABLE,4,False,NONE,HIGH,"Concentrations (0.25 M azide, 0.275 M alkyne) and equivalents (1.1 equiv alkyne) match the batch protocol and are chemically coherent.",,,Stoichiometry matches batch reference.,
N2-75DF0799,qwen,qwen,Qwen3.8-27B,qwen,One-shot,CuAAC,UO-04,APPLICABLE,4,False,NONE,HIGH,Temperature (150 °C) and residence time (3 min) are explicitly mapped from the batch reference. The single-stage packed bed is appropriate for this heterogeneous catalysis.,,,Conditions translated faithfully.,
N2-75DF0799,qwen,qwen,Qwen3.8-27B,qwen,One-shot,CuAAC,UO-05,APPLICABLE,4,False,NONE,HIGH,"The topology (Pump -> Reactor -> BPR -> Collection) is physically executable and uses the correct inventory items. The premixed feed strategy avoids the need for inline mixers, which are not in the inventory.",,,Executable topology.,
N2-75DF0799,qwen,qwen,Qwen3.8-27B,qwen,One-shot,CuAAC,UO-06,APPLICABLE,4,False,NONE,HIGH,Flow rate (0.1 mL/min) and concentrations are consistent with the stated stoichiometry and reactor volume.,,,Material balance closes.,
N2-75DF0799,qwen,qwen,Qwen3.8-27B,qwen,One-shot,CuAAC,UO-07,APPLICABLE,4,False,NONE,HIGH,Reactor volume (0.3 mL) / Flow rate (0.1 mL/min) = 3.0 min. This matches the reported residence time and the batch reference. The deterministic verification sheet confirms this closure.,,,Residence time closes.,
N2-75DF0799,qwen,qwen,Qwen3.8-27B,qwen,One-shot,CuAAC,UO-08,NOT_APPLICABLE,,False,NONE,HIGH,The process is a single-phase liquid reaction with no gas reagents. gas_process is false.,,,N/A,
N2-75DF0799,qwen,qwen,Qwen3.8-27B,qwen,One-shot,CuAAC,UO-09,NOT_APPLICABLE,,False,NONE,HIGH,The process is a single reactive stage. multistage_process is false.,,,N/A,
N2-75DF0799,qwen,qwen,Qwen3.8-27B,qwen,One-shot,CuAAC,UO-10,APPLICABLE,4,False,NONE,HIGH,"All equipment (X-Cube HPLC pump, Cu/C CatCart, BPR, safety shield) is from the authoritative inventory. Operating conditions (150 °C, 20 bar) are within the specified limits of the hardware.",,,Inventory feasible.,
N2-75DF0799,qwen,qwen,Qwen3.8-27B,qwen,One-shot,CuAAC,UO-11,APPLICABLE,4,False,NONE,HIGH,"Acetone remains liquid at 150 °C under 20 bar pressure (vapor pressure of acetone at 150 °C is approx 10-11 bar, so 20 bar provides sufficient margin). Heat transfer in a packed bed is generally efficient. No phase changes or plugging risks are evident.",,,Physically plausible.,
N2-75DF0799,qwen,qwen,Qwen3.8-27B,qwen,One-shot,CuAAC,UO-12,APPLICABLE,4,False,NONE,HIGH,Azide hazards are addressed with the specified blast shield and secondary containment. High temperature and pressure are managed by the rated equipment and BPR.,,,Hazards controlled.,
N2-75DF0799,qwen,qwen,Qwen3.8-27B,qwen,One-shot,CuAAC,UO-13,APPLICABLE,4,False,NONE,HIGH,"Feed preparation, priming, startup, and collection steps are clearly described. The work-up is standard.",,,Procedure reproducible.,
N2-75DF0799,qwen,qwen,Qwen3.8-27B,qwen,One-shot,CuAAC,UO-14,APPLICABLE,4,False,NONE,HIGH,"The disposition is SCREEN, which is appropriate given the translation from batch to flow requires validation. The reasoning acknowledges the uncertainty in heat transfer and conversion efficiency.",,,Evidence calibrated.,
N2-9273F68E,qwen,qwen,Qwen3.8-27B,qwen,One-shot,CuAAC,UO-01,APPLICABLE,4,False,NONE,HIGH,"The design correctly preserves the substrate (benzyl azide), coupling partner (phenylacetylene), catalyst strategy (Cu/C packed bed), solvent (acetone), and phase regime (liquid). No unsupported substitutions are made.",,,CuAAC transformation with Cu/C catalyst in acetone.,
N2-9273F68E,qwen,qwen,Qwen3.8-27B,qwen,One-shot,CuAAC,UO-02,APPLICABLE,4,False,NONE,HIGH,"All required reagents, solvents, and the catalyst are present and correctly assigned. The inventory items used (pump, reactor, BPR, shield) are appropriate.",,,"Benzyl azide, phenylacetylene, acetone, Cu/C catalyst.",
N2-9273F68E,qwen,qwen,Qwen3.8-27B,qwen,One-shot,CuAAC,UO-03,APPLICABLE,4,False,NONE,HIGH,The feed composition matches the batch protocol: 0.25 M benzyl azide and 1.1 equivalents of phenylacetylene in acetone. The stoichiometry is coherent and explicit.,,,"0.25 M benzyl azide, 1.1 equiv phenylacetylene.",
N2-9273F68E,qwen,qwen,Qwen3.8-27B,qwen,One-shot,CuAAC,UO-04,APPLICABLE,4,False,NONE,HIGH,Temperature (150 C) and pressure (20 bar) are set to match the batch conditions and maintain liquid phase. The residence time (3.0 min) is explicitly mapped to the batch reaction time. The single-stage topology is appropriate for this translation.,,,"150 C, 20 bar, 3 min residence time.",
N2-9273F68E,qwen,qwen,Qwen3.8-27B,qwen,One-shot,CuAAC,UO-05,APPLICABLE,4,False,NONE,HIGH,"The topology connects the pump, reactor, BPR, and collection vessel in the correct executable order. The use of a premixed feed eliminates the need for a mixer, which is consistent with the hard constraints.",,,Pump -> Reactor -> BPR -> Collection.,
N2-9273F68E,qwen,qwen,Qwen3.8-27B,qwen,One-shot,CuAAC,UO-06,APPLICABLE,4,False,NONE,HIGH,The liquid material balance is consistent. The flow rate (0.1 mL/min) and concentration (0.25 M) are derived correctly from the reactor volume and desired residence time. The pump's minimum flow rate (0.1 mL/min) is met exactly.,,,Flow rates and concentrations consistent.,
N2-9273F68E,qwen,qwen,Qwen3.8-27B,qwen,One-shot,CuAAC,UO-07,APPLICABLE,4,False,NONE,HIGH,The residence time calculation (0.3 mL / 0.1 mL/min = 3.0 min) is numerically closed and physically possible. The reactor volume matches the inventory.,,,"V = 0.3 mL, Q = 0.1 mL/min, tau = 3.0 min.",
N2-9273F68E,qwen,qwen,Qwen3.8-27B,qwen,One-shot,CuAAC,UO-08,NOT_APPLICABLE,,False,NONE,HIGH,The process does not use a gas reagent or gas-liquid processing. Gas bookkeeping is not applicable.,,,N/A,
N2-9273F68E,qwen,qwen,Qwen3.8-27B,qwen,One-shot,CuAAC,UO-09,NOT_APPLICABLE,,False,NONE,HIGH,The process is a single reactive stage. Multistage closure is not applicable.,,,N/A,
N2-9273F68E,qwen,qwen,Qwen3.8-27B,qwen,One-shot,CuAAC,UO-10,APPLICABLE,4,False,NONE,HIGH,"All selected equipment (X-Cube HPLC pump, Cu/C CatCart, BPR, safety shield) exists in the inventory. Operating points (150 C, 20 bar, 0.1 mL/min) are within the declared limits of the equipment.",,,All equipment within limits.,
N2-9273F68E,qwen,qwen,Qwen3.8-27B,qwen,One-shot,CuAAC,UO-11,APPLICABLE,4,False,NONE,HIGH,"The design assumes plug flow in a packed bed, which is standard. The pressure (20 bar) is sufficient to keep acetone liquid at 150 C. Heat transfer in a small packed bed is generally efficient. No physical impossibilities are identified.",,,Physically plausible transport.,
N2-9273F68E,qwen,qwen,Qwen3.8-27B,qwen,One-shot,CuAAC,UO-12,APPLICABLE,4,False,NONE,HIGH,The design explicitly includes the azide-service blast shield and secondary containment for benzyl azide. High pressure and temperature are managed by the BPR and rated equipment. Hazards are recognized and controlled.,,,Azide and pressure hazards controlled.,
N2-9273F68E,qwen,qwen,Qwen3.8-27B,qwen,One-shot,CuAAC,UO-13,APPLICABLE,4,False,NONE,HIGH,"The operating procedure includes feed preparation, system connection, startup, collection, and work-up. The steps are sufficient to reconstruct the experiment.",,,Reproducible procedure.,
N2-9273F68E,qwen,qwen,Qwen3.8-27B,qwen,One-shot,CuAAC,UO-14,APPLICABLE,4,False,NONE,HIGH,"The disposition is SCREEN, which is appropriate given the translation from batch to flow requires validation. The reasoning acknowledges the need for experimental verification of yield and selectivity. No invented evidence or unsupported guarantees are made.",,,Honest disposition.,
N2-D18E933B,qwen,qwen,Qwen3.8-27B,qwen,FlowPilot,CuAAC,UO-01,APPLICABLE,4,False,NONE,HIGH,"The design correctly identifies the CuAAC transformation, preserves the substrate (benzyl azide), coupling partner (phenylacetylene), and catalyst strategy (Cu/C packed bed). No unsupported substitutions are present.",delivered_final_outcome.chemistry_and_operations.chemistry_identity.reaction_name | delivered_final_outcome.chemistry_and_operations.chemistry_identity.transformation_family,copper-catalyzed azide-alkyne cycloaddition | cuaac,CuAAC transformation using Cu/C catalyst,None
N2-D18E933B,qwen,qwen,Qwen3.8-27B,qwen,FlowPilot,CuAAC,UO-02,APPLICABLE,4,False,NONE,HIGH,"All required components (benzyl azide, phenylacetylene, acetone, Cu/C catalyst) are explicitly listed and assigned to the correct streams and equipment. No missing or unsafe materials.",delivered_final_outcome.chemistry_and_operations.stream_components | delivered_final_outcase.topology.instrument_manifest,benzyl azide | phenylacetylene | acetone | Cu/C CatCart,"All reagents, solvent, and catalyst present",None
N2-D18E933B,qwen,qwen,Qwen3.8-27B,qwen,FlowPilot,CuAAC,UO-03,APPLICABLE,4,False,NONE,HIGH,Concentrations and equivalents are explicit and coherent. The 1.1 equiv of phenylacetylene relative to benzyl azide is correctly calculated and stated. No incompatibilities.,delivered_final_outcome.chemistry_and_operations.stream_components | delivered_final_outcome.streams,"benzyl azide: 0.25 M, 1.0 equiv | phenylacetylene: 0.275 M, 1.1 equiv","Stoichiometry matches protocol (1.0 equiv azide, 1.1 equiv alkyne)",None
N2-D18E933B,qwen,qwen,Qwen3.8-27B,qwen,FlowPilot,CuAAC,UO-04,APPLICABLE,4,False,NONE,HIGH,Temperature (150 °C) and pressure (20 bar) are within the inventory limits and consistent with the batch reference. The single-stage packed-bed topology is appropriate for this transformation.,delivered_final_outcome.parameters.temperature_C | delivered_final_outcome.parameters.BPR_bar | delivered_final_outcase.topology.unit_operations,150.0 C | 20.0 bar,Temperature and pressure conditions translated faithfully,None
N2-D18E933B,qwen,qwen,Qwen3.8-27B,qwen,FlowPilot,CuAAC,UO-05,APPLICABLE,4,False,NONE,HIGH,"The topology connects the pump, reactor, back-pressure regulator, and collector in the correct executable order. All required unit operations are present and assigned to inventory items.",delivered_final_outcase.topology.pid_description | delivered_final_outcase.topology.unit_operations,Pump -> Reactor -> BPR -> Collector,Executable topology with correct order,None
N2-D18E933B,qwen,qwen,Qwen3.8-27B,qwen,FlowPilot,CuAAC,UO-06,APPLICABLE,4,False,NONE,HIGH,The flow rate (0.6 mL/min) and concentration (0.25 M) yield a molar flow of 0.15 mmol/min for benzyl azide. This is consistent with the stoichiometry and throughput expectations. No dimensional errors.,delivered_final_outcome.streams.flow_rate_mL_min | delivered_final_outcome.streams.concentration_M,0.6 mL/min | 0.25 M,Liquid material balance is dimensionally valid,None
N2-D18E933B,qwen,qwen,Qwen3.8-27B,qwen,FlowPilot,CuAAC,UO-07,APPLICABLE,4,False,NONE,HIGH,The residence time is correctly calculated as reactor volume divided by flow rate (0.3 mL / 0.6 mL/min = 0.5 min). The geometry and volume are consistent with the inventory.,delivered_final_outcome.parameters.reactor_volume_mL | delivered_final_outcome.parameters.residence_time_min | delivered_final_outcome.parameters.flow_rate_mL_min,0.3 mL | 0.5 min | 0.6 mL/min,Residence time closes numerically (V/Q = 0.3/0.6 = 0.5 min),None
N2-D18E933B,qwen,qwen,Qwen3.8-27B,qwen,FlowPilot,CuAAC,UO-08,NOT_APPLICABLE,,False,NONE,HIGH,The process does not use gas reagents. This criterion is not applicable.,case_context.applicability.gas_process,false,N/A for non-gas processes,None
N2-D18E933B,qwen,qwen,Qwen3.8-27B,qwen,FlowPilot,CuAAC,UO-09,NOT_APPLICABLE,,False,NONE,HIGH,The process is a single-stage reaction. This criterion is not applicable.,case_context.applicability.multistage_process,false,N/A for single-stage processes,None
N2-D18E933B,qwen,qwen,Qwen3.8-27B,qwen,FlowPilot,CuAAC,UO-10,APPLICABLE,4,False,NONE,HIGH,"All selected equipment items are present in the authoritative inventory. Operating points (flow, pressure, temperature) are within the declared limits of the equipment.",delivered_final_outcase.topology.instrument_manifest | case_context.authoritative_inventory,pump_xcube_hplc | reactor_cuc_cart_030 | bpr_xcube_20 | collector_amber_100 | heater_xcube,All equipment exists in inventory and is within limits,None
N2-D18E933B,qwen,qwen,Qwen3.8-27B,qwen,FlowPilot,CuAAC,UO-11,APPLICABLE,4,False,NONE,HIGH,Acetone remains liquid at 150 °C under 20 bar pressure. The packed-bed flow and heat transfer assumptions are standard and plausible for this scale and equipment.,delivered_final_outcome.parameters.temperature_C | delivered_final_outcome.parameters.BPR_bar | delivered_final_outcase.safety_controls,150 C | 20 bar,Phase behavior and transport assumptions are plausible,None
N2-D18E933B,qwen,qwen,Qwen3.8-27B,qwen,FlowPilot,CuAAC,UO-12,APPLICABLE,4,False,NONE,HIGH,"Azide and pressure hazards are explicitly identified. Concrete controls including shielding, leak testing, emergency stop, and depressurization procedures are defined.",delivered_final_outcase.safety_controls.controls | delivered_final_outcase.safety_controls.hazards,energetic_azide | pressurized_operation | AZIDE-SHIELD-CONTAINMENT | PRESSURE-LEAK-TEST,Hazards recognized and controlled,None
N2-D18E933B,qwen,qwen,Qwen3.8-27B,qwen,FlowPilot,CuAAC,UO-13,APPLICABLE,4,False,NONE,HIGH,"The operating procedure covers preparation, setup, priming, leak testing, startup, steady-state qualification, collection, and shutdown. It is detailed enough for reconstruction.",delivered_final_outcome.chemistry_and_operations.operating_procedure,PREP-A | SETUP-VERIFY | START-FEEDS | STEADY-STATE | COLLECT-PRODUCT,Procedure is reproducible and complete,None
N2-D18E933B,qwen,qwen,Qwen3.8-27B,qwen,FlowPilot,CuAAC,UO-14,APPLICABLE,4,False,NONE,HIGH,"The disposition is SCREEN, which is appropriate for a first experimental screen. Confidence is stated as LOW, reflecting the need for wet-lab validation. No invented evidence or unsupported guarantees.",delivered_final_outcome.disposition_rationale | delivered_final_outcome.evidence_and_reasoning.confidence,SCREEN | LOW,Disposition is honest and proportionate,None
N2-A8838A72,qwen,qwen,Qwen3.8-27B,qwen,FlowPilot,CuAAC,UO-01,APPLICABLE,4,False,NONE,HIGH,"The design correctly identifies the CuAAC reaction, preserves the substrate (benzyl azide), coupling partner (phenylacetylene), catalyst strategy (Cu/C packed bed), and phase regime (liquid). No unsupported substitutions are present.",delivered_final_outcome.chemistry_and_operations.chemistry_identity.reaction_name | delivered_final_outcome.chemistry_and_operations.chemistry_identity.transformation_family,copper-catalyzed azide-alkyne cycloaddition | cuaac,CuAAC transformation with Cu/C catalyst,None
N2-A8838A72,qwen,qwen,Qwen3.8-27B,qwen,FlowPilot,CuAAC,UO-02,APPLICABLE,4,False,NONE,HIGH,"All required components (benzyl azide, phenylacetylene, acetone, Cu/C catalyst) are explicitly listed and assigned to the correct streams and equipment. No missing or unsafe materials.",delivered_final_outcome.chemistry_and_operations.stream_components | delivered_final_outcase.topology.instrument_manifest,benzyl azide | phenylacetylene | acetone | Cu/C CatCart,"All reagents, solvent, and catalyst present",None
N2-A8838A72,qwen,qwen,Qwen3.8-27B,qwen,FlowPilot,CuAAC,UO-03,APPLICABLE,4,False,NONE,HIGH,"Concentrations and equivalents are explicit and coherent. Benzyl azide is 0.25 M (1.0 equiv) and phenylacetylene is 0.275 M (1.1 equiv), matching the batch reference stoichiometry. Compatibility is maintained.",delivered_final_outcome.chemistry_and_operations.stream_components | delivered_final_outcome.streams,0.25 M benzyl azide | 0.275 M phenylacetylene | 1.1 equiv,"Stoichiometry matches protocol (1.0 equiv azide, 1.1 equiv alkyne)",None
N2-A8838A72,qwen,qwen,Qwen3.8-27B,qwen,FlowPilot,CuAAC,UO-04,APPLICABLE,4,False,NONE,HIGH,Temperature (150 °C) and pressure (20 bar) are explicitly set and within equipment limits. The single-stage packed-bed topology faithfully translates the batch heating step. No condition changes make the chemistry implausible.,delivered_final_outcome.parameters.temperature_C | delivered_final_outcome.parameters.BPR_bar | delivered_final_outcase.topology.unit_operations,150.0 C | 20.0 bar,Temperature and pressure conditions translated faithfully,None
N2-A8838A72,qwen,qwen,Qwen3.8-27B,qwen,FlowPilot,CuAAC,UO-05,APPLICABLE,4,False,NONE,HIGH,"The topology connects the pump, reactor, BPR, and collector in the correct executable order. All required unit operations are present and assigned to inventory items.",delivered_final_outcase.topology.pid_description | delivered_final_outcase.topology.unit_operations,Pump -> Reactor -> BPR -> Collector,Executable topology with correct order,None
N2-A8838A72,qwen,qwen,Qwen3.8-27B,qwen,FlowPilot,CuAAC,UO-06,APPLICABLE,4,False,NONE,HIGH,"Flow rate (0.3 mL/min) and concentrations (0.25 M azide, 0.275 M alkyne) are consistent. Molar flows can be derived correctly. Total flow and dilution are coherent.",delivered_final_outcome.streams.flow_rate_mL_min | delivered_final_outcome.streams.concentration_M,0.3 mL/min | 0.25 M,Liquid material balance closes,None
N2-A8838A72,qwen,qwen,Qwen3.8-27B,qwen,FlowPilot,CuAAC,UO-07,APPLICABLE,4,False,NONE,HIGH,Reactor volume (0.3 mL) divided by flow rate (0.3 mL/min) equals 1.0 min residence time. The calculation is numerically closed and physically possible.,delivered_final_outcome.parameters.reactor_volume_mL | delivered_final_outcome.parameters.residence_time_min | delivered_final_outcome.parameters.flow_rate_mL_min,0.3 mL | 1.0 min | 0.3 mL/min,Residence time = Volume / Flow,None
N2-A8838A72,qwen,qwen,Qwen3.8-27B,qwen,FlowPilot,CuAAC,UO-08,NOT_APPLICABLE,,False,NONE,HIGH,The process does not use gas reagents. Criterion is not applicable.,case_context.applicability.gas_process,false,N/A for non-gas processes,None
N2-A8838A72,qwen,qwen,Qwen3.8-27B,qwen,FlowPilot,CuAAC,UO-09,NOT_APPLICABLE,,False,NONE,HIGH,The process is a single reactive stage. Criterion is not applicable.,case_context.applicability.multistage_process,false,N/A for single-stage processes,None
N2-A8838A72,qwen,qwen,Qwen3.8-27B,qwen,FlowPilot,CuAAC,UO-10,APPLICABLE,4,False,NONE,HIGH,"All selected equipment items exist in the authoritative inventory. Operating points (flow, pressure, temperature) are within declared limits.",delivered_final_outcase.topology.instrument_manifest | case_context.authoritative_inventory,pump_xcube_hplc | reactor_cuc_cart_030 | bpr_xcube_20 | heater_xcube | collector_amber_100,All equipment from inventory,None
N2-A8838A72,qwen,qwen,Qwen3.8-27B,qwen,FlowPilot,CuAAC,UO-11,APPLICABLE,4,False,NONE,HIGH,"Acetone at 150 °C and 20 bar is a single liquid phase (critical point ~235 °C, 48 bar). Pressure drop and heat transfer assumptions are standard for this scale. No plugging or boiling hazards are evident.",delivered_final_outcome.parameters.temperature_C | delivered_final_outcome.parameters.BPR_bar,150 C | 20 bar,Physically plausible transport,None
N2-A8838A72,qwen,qwen,Qwen3.8-27B,qwen,FlowPilot,CuAAC,UO-12,APPLICABLE,4,False,NONE,HIGH,"Azide and pressure hazards are explicitly recognized. Concrete controls include shielding, holdup minimization, emergency stop sequences, and depressurization procedures. No major hazard is omitted.",delivered_final_outcome.safety_controls.controls | delivered_final_outcome.safety_controls.hazards,energetic_azide | pressurized_operation | AZIDE-SHIELD-CONTAINMENT,Hazards recognized and controlled,None
N2-A8838A72,qwen,qwen,Qwen3.8-27B,qwen,FlowPilot,CuAAC,UO-13,APPLICABLE,4,False,NONE,HIGH,"The operating procedure covers preparation, setup, priming, leak testing, startup, steady-state qualification, collection, and shutdown. It is reproducible and includes necessary safety steps.",delivered_final_outcome.chemistry_and_operations.operating_procedure,PREP-A | SETUP-VERIFY | START-FEEDS | COLLECT-PRODUCT | NORMAL-SHUTDOWN,Reproducible procedure,None
N2-A8838A72,qwen,qwen,Qwen3.8-27B,qwen,FlowPilot,CuAAC,UO-14,APPLICABLE,4,False,NONE,HIGH,"The disposition is SCREEN, appropriate for a first flow screen. Confidence is stated as LOW, acknowledging the need for wet-lab validation. No invented evidence or unsupported guarantees are present.",delivered_final_outcome.disposition_rationale | delivered_final_outcome.evidence_and_reasoning.confidence,SCREEN | LOW,Honest evidence and uncertainty,None
N2-4086C480,qwen,qwen,Qwen3.8-27B,qwen,FlowPilot,CuAAC,UO-01,APPLICABLE,4,False,NONE,HIGH,"The design correctly identifies the CuAAC transformation, preserves the substrate (benzyl azide), coupling partner (phenylacetylene), catalyst strategy (Cu/C packed bed), and phase regime (liquid). No unsupported substitutions are present.",delivered_final_outcome.chemistry_and_operations.chemistry_identity.reaction_name | delivered_final_outcome.chemistry_and_operations.chemistry_identity.transformation_family,copper-catalyzed azide-alkyne cycloaddition | cuaac,CuAAC transformation with Cu/C catalyst,None
N2-4086C480,qwen,qwen,Qwen3.8-27B,qwen,FlowPilot,CuAAC,UO-02,APPLICABLE,4,False,NONE,HIGH,"All required components (benzyl azide, phenylacetylene, acetone, Cu/C catalyst) are present and correctly assigned to the feed stream and reactor. No missing or unsafe materials.",delivered_final_outcome.chemistry_and_operations.stream_components | delivered_final_outcase.topology.instrument_manifest,benzyl azide | phenylacetylene | acetone | Cu/C CatCart,"All reagents, solvent, and catalyst present",None
N2-4086C480,qwen,qwen,Qwen3.8-27B,qwen,FlowPilot,CuAAC,UO-03,APPLICABLE,4,False,NONE,HIGH,"Concentrations and equivalents are explicit and coherent. Benzyl azide is 0.25 M (1.0 equiv) and phenylacetylene is 0.275 M (1.1 equiv), matching the protocol requirements. Chemical compatibility is maintained.",delivered_final_outcome.chemistry_and_operations.stream_components | delivered_final_outcome.streams[0].contents,"benzyl azide: 0.25 M, 1.0 equiv | phenylacetylene: 0.275 M, 1.1 equiv","Stoichiometry matches protocol (1.0 equiv azide, 1.1 equiv alkyne)",None
N2-4086C480,qwen,qwen,Qwen3.8-27B,qwen,FlowPilot,CuAAC,UO-04,APPLICABLE,4,False,NONE,HIGH,Temperature (150 °C) and pressure (20 bar) are explicitly defined and translated faithfully from the batch reference. The single-stage packed-bed topology is appropriate for the transformation.,delivered_final_outcome.parameters.temperature_C | delivered_final_outcome.parameters.BPR_bar | delivered_final_outcase.topology.unit_operations[1].parameters.temperature_C,150.0 C | 20.0 bar,"Temperature 150 C, Pressure 20 bar",None
N2-4086C480,qwen,qwen,Qwen3.8-27B,qwen,FlowPilot,CuAAC,UO-05,APPLICABLE,4,False,NONE,HIGH,"The topology connects the pump, reactor, BPR, and collector in the correct executable order. All required unit operations are present and assigned from the inventory.",delivered_final_outcase.topology.pid_description | delivered_final_outcase.topology.streams,Pump -> Reactor -> BPR -> Collector,Executable topology with correct order,None
N2-4086C480,qwen,qwen,Qwen3.8-27B,qwen,FlowPilot,CuAAC,UO-06,APPLICABLE,4,False,NONE,HIGH,"The liquid flow rate (0.11111 mL/min) and concentrations (0.25 M azide, 0.275 M alkyne) are dimensionally valid and reproduce the stated stoichiometry. Total flow and dilution are consistent.",delivered_final_outcome.streams[0].flow_rate_mL_min | delivered_final_outcome.streams[0].concentration_M,0.11111 mL/min | 0.25 M,Liquid material balance consistent,None
N2-4086C480,qwen,qwen,Qwen3.8-27B,qwen,FlowPilot,CuAAC,UO-07,APPLICABLE,4,False,NONE,HIGH,Reactor volume (0.3 mL) and flow rate (0.11111 mL/min) yield a residence time of ~2.7 min. The calculation is numerically closed and physically plausible. The basis (liquid-only volume) is explicitly stated.,delivered_final_outcome.parameters.reactor_volume_mL | delivered_final_outcome.parameters.residence_time_min | delivered_final_outcome.parameters.flow_rate_mL_min,0.3 mL | 2.700027 min | 0.11111 mL/min,Residence time = Volume / Flow,None
N2-4086C480,qwen,qwen,Qwen3.8-27B,qwen,FlowPilot,CuAAC,UO-08,NOT_APPLICABLE,,False,NONE,HIGH,The process does not use gas reagents. Criterion is not applicable.,case_context.applicability.gas_process,false,N/A for non-gas processes,None
N2-4086C480,qwen,qwen,Qwen3.8-27B,qwen,FlowPilot,CuAAC,UO-09,NOT_APPLICABLE,,False,NONE,HIGH,The process is a single-stage design. Criterion is not applicable.,case_context.applicability.multistage_process,false,N/A for single-stage processes,None
N2-4086C480,qwen,qwen,Qwen3.8-27B,qwen,FlowPilot,CuAAC,UO-10,APPLICABLE,4,False,NONE,HIGH,"All selected equipment items exist in the authoritative inventory. Operating points (flow, temperature, pressure) are within declared limits.",delivered_final_outcase.topology.instrument_manifest | case_context.authoritative_inventory,pump_xcube_hplc | reactor_cuc_cart_030 | bpr_xcube_20 | collector_amber_100 | heater_xcube,All equipment from inventory,None
N2-4086C480,qwen,qwen,Qwen3.8-27B,qwen,FlowPilot,CuAAC,UO-11,APPLICABLE,4,False,NONE,HIGH,"Phase behavior (liquid acetone at 150 C, 20 bar) is plausible. Mixing and heat transfer assumptions are standard for packed-bed flow. No physical impossibilities identified.",delivered_final_outcome.parameters.temperature_C | delivered_final_outcome.parameters.BPR_bar,150 C | 20 bar,Physically plausible transport,None
N2-4086C480,qwen,qwen,Qwen3.8-27B,qwen,FlowPilot,CuAAC,UO-12,APPLICABLE,4,False,NONE,HIGH,"Azide and pressure hazards are explicitly recognized. Concrete controls (shielding, leak testing, emergency stop, depressurization) are defined and assigned to equipment or procedures.",delivered_final_outcome.safety_controls.controls | delivered_final_outcome.safety_controls.hazards,energetic_azide | pressurized_operation | AZIDE-SHIELD-CONTAINMENT | PRESSURE-LEAK-TEST,Hazards recognized and controlled,None
N2-4086C480,qwen,qwen,Qwen3.8-27B,qwen,FlowPilot,CuAAC,UO-13,APPLICABLE,4,False,NONE,HIGH,"The operating procedure covers feed preparation, setup, priming, leak testing, startup, steady-state qualification, collection, and shutdown. It is reproducible and includes necessary safety steps.",delivered_final_outcome.chemistry_and_operations.operating_procedure,PREP-A | SETUP-VERIFY | START-FEEDS | STEADY-STATE | COLLECT-PRODUCT,Reproducible procedure,None
N2-4086C480,qwen,qwen,Qwen3.8-27B,qwen,FlowPilot,CuAAC,UO-14,APPLICABLE,4,False,NONE,HIGH,"The disposition is SCREEN, which is appropriate for a first experimental screen. Confidence is stated as LOW, reflecting the need for wet-lab validation. No invented evidence or unsupported guarantees.",delivered_final_outcome.disposition_rationale | delivered_final_outcome.evidence_and_reasoning.confidence,SCREEN | LOW,Honest evidence and disposition,None
N2-42E255BD,openai,openai,Qwen3.8-27B,qwen,One-shot,Hydrogenolysis,UO-01,APPLICABLE,4,False,NONE,HIGH,"The delivered design keeps the intended substrate class, hydrogen reducing reagent, heterogeneous packed-bed modality, and gas-liquid-solid phase regime. No unsupported substitution of chemistry or modality is introduced.",$.delivered_final_outcome.evidence_and_reasoning.reasoning_per_field.chemistry_notes | $.delivered_final_outcome.streams[0].contents | $.delivered_final_outcome.streams[1].contents | $.delivered_final_outcome.parameters.reactor_type,Hydrogenolysis | Liquid feed: DMAOL in methanol | Gas feed: Hydrogen | Packed-bed reactor,Preserve hydrogenolysis of N-diphenylmethylazetidin-3-ol using H2 over Pd(OH)2/Al2O3 in gas-liquid-solid packed-bed flow without unsupported modality substitution.,
N2-42E255BD,openai,openai,Qwen3.8-27B,qwen,One-shot,Hydrogenolysis,UO-02,APPLICABLE,2,False,MAJOR,HIGH,"Core reagents are present, but required assignments are incomplete. The T-mixer is mentioned but not instantiated as a stage/equipment item, nitrogen hardware is not explicitly assigned despite being required for purge/displacement, and the catalyst identity/loading is not explicitly tied to the reactor in the outcome.",$.delivered_final_outcome.streams[0].contents | $.delivered_final_outcome.streams[1].contents | $.delivered_final_outcome.stages | $.delivered_final_outcome.chemistry_and_operations.pre_reactor_steps | $.delivered_final_outcome.parameters.deoxygenation_method,DMAOL in methanol present | Hydrogen present | Reactor/bath/BPR/separator/collector listed | Nitrogen purge mentioned in prose | deoxygenation_method = null,"All required reactive/process materials and assigned equipment should be explicitly present, including the declared gas-liquid mixer before the reactor, H2 via the certified MFC, N2 line for purge/startup-shutdown, and catalyst assignment in the packed bed.","Explicitly assign mixer_h2_t, mfc_h2_100, gas_h2_cylinder, gas_n2_cylinder, safety_h2_check_valve, reactor_h2_pbr_300 containing 0.5 g 7 wt% Pd(OH)2/Al2O3, and the purge/shutdown N2 line in the equipment list/topology."
N2-42E255BD,openai,openai,Qwen3.8-27B,qwen,One-shot,Hydrogenolysis,UO-03,APPLICABLE,0,True,CRITICAL,HIGH,"The stoichiometry/equivalents reporting is materially defective. The candidate reports 1.0 equiv without calculation and implies stoichiometric matching, which is not what the stated gas and liquid feeds produce. This is an explicit failure of feed chemistry bookkeeping.",$.delivered_final_outcome.streams[0].flow_rate_mL_min | $.delivered_final_outcome.streams[0].concentration_M | $.delivered_final_outcome.streams[1].gas_flow_sccm | $.delivered_final_outcome.streams[1].molar_equiv | $.delivered_final_outcome.evidence_and_reasoning.reasoning_per_field.streams,Liquid flow = 0.3 mL/min | DMAOL concentration = 0.126 M | H2 inlet flow = 1.0 sccm | Reported H2 molar equiv = 1.0 | Text says H2 equivalent of 1.0 matches stoichiometry,"At 0.3 mL/min and 0.126 M, DMAOL molar flow is 0.0378 mmol/min. H2 at 1.0 sccm is about 0.0446 mmol/min at STP, giving only about 1.18 equiv H2, not a justified screening excess; equivalents must be calculated and reported correctly with coherent basis.",Recalculate substrate and H2 molar flows and report the true H2 equivalents from gas molar flow divided by DMAOL molar flow; revise gas flow if a more conservative H2 excess is intended.
N2-42E255BD,openai,openai,Qwen3.8-27B,qwen,One-shot,Hydrogenolysis,UO-04,APPLICABLE,1,False,MAJOR,HIGH,"Temperature and nominal pressure are provided, but chemistry-critical condition mapping is incomplete because the pressure basis is not converted to an absolute value for the gas calculations, and the ordered reactive stage mapping omits the mixer as a formal stage. Addition/order is only partially described.",$.delivered_final_outcome.parameters.temperature_C | $.delivered_final_outcome.parameters.BPR_bar | $.delivered_final_outcome.parameters.BPR_basis | $.delivered_final_outcome.parameters.pressure_absolute_bar | $.delivered_final_outcome.chemistry_and_operations.pre_reactor_steps | $.delivered_final_outcome.stages,60 C | 21 bar | basis = gauge | pressure_absolute_bar = null | Startup says start liquid then H2 and reach steady state | No explicit mixer stage or full ordered stage map,Explicitly map liquid feed and H2 feed through the declared T-mixer into the heated packed bed at 60 C and 21 bar with stated absolute/gauge basis and any resulting absolute pressure used in gas calculations.,"State the full ordered path including mixer_h2_t before reactor_h2_pbr_300, and give the corresponding absolute pressure used for compressed-gas conversion (e.g., 22 bar abs if 21 barg is assumed)."
N2-42E255BD,openai,openai,Qwen3.8-27B,qwen,One-shot,Hydrogenolysis,UO-05,APPLICABLE,1,False,MAJOR,HIGH,The topology is under-specified and stage numbering is inconsistent with physical execution because both feeds are introduced at the reactor stage and the required mixer is not represented as an actual connected unit operation. Safety-critical connection details such as check valve and N2 line are absent from the executable topology.,$.delivered_final_outcome.stages | $.delivered_final_outcome.topology | $.delivered_final_outcome.streams | $.delivered_final_outcome.chemistry_and_operations.post_reactor_steps,"Stages list reactor, bath, bpr, separator, collector | Topology only says T-mixer and packed-bed in prose | Streams both introduced at stage 1 | Post-reactor separation/collection described","Executable order should explicitly connect liquid pump + H2 MFC through the declared T-mixer, then packed bed in bath, then BPR and separator/vent/collector in a physically correct order, with purge and check-valve hardware as needed.","Provide a connected sequence such as N2/H2 supply -> check valve/MFC -> mixer_h2_t + liquid pump -> heated reactor_h2_pbr_300 -> bpr_h2_21 -> separator_h2_gl -> safe vent and collector_h2_250, with explicit feed-introduction points."
N2-42E255BD,openai,openai,Qwen3.8-27B,qwen,One-shot,Hydrogenolysis,UO-06,APPLICABLE,2,False,MAJOR,HIGH,"The liquid-side concentration/flow pair is dimensionally coherent, but the gas actual-flow value is numerically wrong by orders of magnitude and the equivalents derived from it are not closed. This is a material balance defect requiring revision.",$.delivered_final_outcome.streams[0].flow_rate_mL_min | $.delivered_final_outcome.streams[0].concentration_M | $.delivered_final_outcome.streams[1].gas_flow_sccm | $.delivered_final_outcome.streams[1].gas_flow_actual_mL_min | $.delivered_final_outcome.streams[1].molar_equiv,Liquid: 0.3 mL/min at 0.126 M | Gas: 1.0 sccm | Reported actual gas flow = 21.0 mL/min | Reported H2 equiv = 1.0,"Liquid molar flow should be 0.0378 mmol/min DMAOL. Gas bookkeeping should distinguish 1.0 sccm inlet from pressure-corrected in-channel flow of roughly 0.045-0.048 mL/min at 21 barg/22 barg abs or 21 bar abs, not 21.0 mL/min.","Recompute H2 molar flow from sccm using stated STP basis, then compress to in-channel volumetric flow using absolute pressure; update equivalents accordingly."
N2-42E255BD,openai,openai,Qwen3.8-27B,qwen,One-shot,Hydrogenolysis,UO-07,APPLICABLE,1,False,MAJOR,HIGH,"The candidate explicitly labels EBRT as liquid-holdup/contact residence time, contrary to the case constraint. This conflates geometric reactor volume with liquid holdup and fails the required distinction.",$.delivered_final_outcome.parameters.reactor_volume_mL | $.delivered_final_outcome.parameters.flow_rate_mL_min | $.delivered_final_outcome.parameters.residence_time_basis | $.delivered_final_outcome.parameters.residence_time_min | $.delivered_final_outcome.parameters.residence_time_in_channel_min | $.delivered_final_outcome.evidence_and_reasoning.reasoning_per_field.residence_time_min,Reactor volume = 3.0 mL | Liquid flow = 0.3 mL/min | Residence time reported = 10.0 min | Basis labeled liquid-holdup/contact residence time | Text calculates 3.0/0.3 = 10.0 min,"The design must distinguish nominal empty-bed space time from liquid-holdup/contact residence time. 3.0 mL / 0.3 mL/min gives a nominal empty-bed liquid space time of 10 min, not proven liquid holdup/contact time; liquid-holdup residence time requires a separate holdup basis.","Report 10.0 min as nominal empty-bed liquid space time only, and either provide a justified liquid-holdup/contact estimate separately or mark it unknown pending measurement/analogy."
N2-42E255BD,openai,openai,Qwen3.8-27B,qwen,One-shot,Hydrogenolysis,UO-08,APPLICABLE,0,True,CRITICAL,HIGH,Gas bookkeeping is physically inconsistent and the required conversion calculation is missing. Reporting 21.0 mL/min in-channel for 1.0 sccm compressed H2 in a 21 bar system is incorrect by orders of magnitude and violates the gas-process constraint.,$.delivered_final_outcome.parameters.BPR_basis | $.delivered_final_outcome.parameters.pressure_absolute_bar | $.delivered_final_outcome.streams[1].gas_flow_sccm | $.delivered_final_outcome.streams[1].gas_flow_actual_mL_min | $.delivered_final_outcome.evidence_and_reasoning.reasoning_per_field.BPR_bar,Pressure basis declared gauge | Absolute pressure not stated | H2 inlet flow = 1.0 sccm | Reported in-channel gas flow = 21.0 mL/min | No conversion calculation,"For 1.0 sccm H2, the candidate must state STP basis and convert to in-channel flow using absolute pressure; at ~21-22 bar abs the actual channel volumetric flow is ~0.045-0.048 mL/min, not 21.0 mL/min. Gas molar flow and equivalents must close and the pressure basis must be explicit and safe.","Specify STP convention, compute H2 molar flow from 1.0 sccm, state whether pressure is 21 bar abs or 21 barg (and the corresponding absolute pressure), and calculate the pressure-corrected in-channel H2 volumetric flow and H2 equivalents correctly."
N2-42E255BD,openai,openai,Qwen3.8-27B,qwen,One-shot,Hydrogenolysis,UO-09,NOT_APPLICABLE,,False,NONE,HIGH,The case context specifies multistage_process=false.,,,Criterion applies only to more than one reactive stage; this case is single-stage reactive.,
N2-42E255BD,openai,openai,Qwen3.8-27B,qwen,One-shot,Hydrogenolysis,UO-10,APPLICABLE,2,False,MAJOR,HIGH,"No hard limit is exceeded, but inventory assignment is incomplete and some essential items are only implied in free text rather than formally selected. This is recoverable but not fully executable as delivered.",$.case_context.authoritative_inventory | $.delivered_final_outcome.stages | $.delivered_final_outcome.streams[0].pump_role | $.delivered_final_outcome.streams[1].pump_role | $.delivered_final_outcome.parameters.temperature_C | $.delivered_final_outcome.parameters.BPR_bar,Selected items are generally from available inventory | Pump role uses pump_h2_pilot text field but pump_equipment_id null | Gas uses mfc_h2_100 text field but not explicit equipment assignment | 60 C within allowed temperatures | 21 bar BPR setpoint available,"Every essential equipment item should be explicitly selected from inventory with valid operating limits and connectivity, including mixer_h2_t, pump_h2_pilot, mfc_h2_100, reactor_h2_pbr_300, bath_h2_60, bpr_h2_21, separator_h2_gl, safety_h2_vent, collector_h2_250, and needed safety_h2_check_valve/gas_n2_cylinder.",Populate explicit equipment assignments/IDs for all essential units and safety accessories from the authoritative inventory.
N2-42E255BD,openai,openai,Qwen3.8-27B,qwen,One-shot,Hydrogenolysis,UO-11,APPLICABLE,2,False,MAJOR,MEDIUM,"The operating point is likely physically plausible, but the justification is sparse and the incorrect gas-flow conversion undermines transport interpretation. The design needs revised gas calculations and a brief physical-operability rationale.",$.delivered_final_outcome.chemistry_and_operations.chemistry_notes | $.delivered_final_outcome.safety_controls | $.delivered_final_outcome.parameters.flow_rate_mL_min | $.delivered_final_outcome.streams[1].gas_flow_sccm,"Notes mention mass transfer may be limiting | Hydrogen safety only in general terms | Liquid flow 0.3 mL/min and gas 1.0 sccm imply low gas fraction if corrected | No explicit discussion of gas-liquid distribution, pressure drop, methanol vapor suppression, or packed-bed wetting","Physical plausibility should discuss compressed H2/methanol multiphase flow through the packed bed, likely liquid-wet regime at these low gas rates, avoidance of boiling at 60 C under pressure, and any plugging/backpressure considerations.","Correct the gas-flow numbers and add a concise plausibility statement on phase behavior, catalyst wetting, pressure containment, and expected absence of boiling/plugging under 21 bar operation."
N2-42E255BD,openai,openai,Qwen3.8-27B,qwen,One-shot,Hydrogenolysis,UO-12,APPLICABLE,1,False,MAJOR,HIGH,Major hazards are only recognized generically and not converted into concrete hardware/procedural controls despite available inventory and explicit case requirements. This weakens safe executability.,$.delivered_final_outcome.safety_controls | $.delivered_final_outcome.chemistry_and_operations.pre_reactor_steps | $.delivered_final_outcome.chemistry_and_operations.post_reactor_steps | $.case_context.authoritative_inventory.safety_accessories,"General hydrogen flammability warning | Nitrogen purge before and after use | Pressure monitored and controlled | No check valve, leak-test specifics, relief/containment details, or methanol-specific controls","Hazards and controls should include hydrogen backflow prevention, leak testing with N2 before H2 introduction, controlled venting via the dedicated safe vent, purge/displacement on shutdown, ignition control for methanol/H2, and pressure-rated compatibility controls.","Add explicit use of safety_h2_check_valve, N2 leak/purge verification, dedicated safe vent routing, ignition-source control, pressurization/depressurization sequence, and confirmation all wetted parts are pressure-rated/compatible with methanol and H2."
N2-42E255BD,openai,openai,Qwen3.8-27B,qwen,One-shot,Hydrogenolysis,UO-13,APPLICABLE,1,False,MAJOR,HIGH,The procedure is too incomplete to reproduce safely and consistently. It gives only a minimal outline and omits several required operational steps.,$.delivered_final_outcome.chemistry_and_operations.pre_reactor_steps | $.delivered_final_outcome.chemistry_and_operations.post_reactor_steps | $.delivered_final_outcome.parameters.deoxygenation_method | $.delivered_final_outcome.streams | $.delivered_final_outcome.stages,"Startup: purge with N2, start liquid pump, start H2 MFC, reach steady state | Post-reactor: separate gas, collect liquid, vent gas | No feed preparation quantities, priming details, leak test acceptance, steady-state qualification, shutdown order, depressurization details, waste handling, or emergency actions","A reconstructable procedure should cover feed prep for 3.8 wt% DMAOL in MeOH, priming, N2 leak test, transition to H2, pressurization, temperature equilibration, steady-state collection criteria, normal shutdown with H2 displacement by N2, depressurization, quench/work-up, and waste handling.","Provide a stepwise operating procedure from feed preparation through startup, steady-state qualification, collection, shutdown, N2 displacement, depressurization, and waste handling."
N2-42E255BD,openai,openai,Qwen3.8-27B,qwen,One-shot,Hydrogenolysis,UO-14,APPLICABLE,2,False,MAJOR,HIGH,"The candidate is appropriately cautious in recommending SCREEN rather than EXECUTE, which is good calibration. However, required gas and residence-time calculations are not supported correctly, so the evidence package is incomplete and partially misleading.",$.delivered_final_outcome.reported_disposition | $.delivered_final_outcome.disposition_rationale | $.delivered_final_outcome.evidence_and_reasoning.reasoning_per_field.confidence | $.delivered_final_outcome.evidence_and_reasoning.reasoning_per_field.engine_validated,Disposition = SCREEN | Rationale says requires experimental validation | Confidence = medium | engine_validated = false,"Evidence and uncertainty should honestly reflect assumptions and unresolved issues, while key calculations required by the protocol should still be correct and shown.","Retain SCREEN, but show the required calculations and clearly label assumptions/unknowns, especially gas compression basis and the difference between EBRT and liquid-holdup contact time."
N2-F05CF9A5,openai,openai,Qwen3.8-27B,qwen,One-shot,Hydrogenolysis,UO-01,APPLICABLE,4,False,NONE,HIGH,"The delivered outcome keeps the intended substrate/product pair, hydrogen as reductant, and packed-bed gas-liquid-solid hydrogenation modality. No unsupported catalyst or chemistry substitution is proposed.",$.delivered_final_outcome.chemistry_and_operations.chemistry_notes | $.delivered_final_outcome.topology.reactor_type | $.delivered_final_outcome.parameters.reactor_type,Hydrogenolysis of N-diphenylmethylazetidin-3-ol to 3-azetidinol | packed-bed | 60 C hydrogenation context with H2 over Pd(OH)2/Al2O3 packed bed,"Preserve the intended hydrogenolysis of DMAOL to 3-azetidinol using H2 in a gas-liquid-solid packed-bed hydrogenation over the supplied Pd(OH)2/Al2O3 bed, without unsupported modality or catalyst substitution.",
N2-F05CF9A5,openai,openai,Qwen3.8-27B,qwen,One-shot,Hydrogenolysis,UO-02,APPLICABLE,2,False,MAJOR,HIGH,"The core reactive materials are present and acetic acid is appropriately omitted. However, required operational gas components are not fully and explicitly assigned in the executable equipment selection/topology: nitrogen is mentioned only narratively, and pump/MFC equipment IDs are not correctly populated in the streams.",$.delivered_final_outcome.streams[0].contents | $.delivered_final_outcome.streams[1].contents | $.delivered_final_outcome.chemistry_and_operations.chemistry_notes | $.delivered_final_outcome.safety_controls,Liquid feed: DMAOL in Methanol | Gas feed: H2 | Acetic acid not introduced | Nitrogen purge/check valve mentioned but not explicitly assigned in equipment topology,"All required reactive materials and operationally required gases/components should be present and correctly assigned: DMAOL in methanol as one liquid feed, H2 delivered through the certified H2 MFC, and N2 assigned for purge/startup/shutdown support.","Explicitly assign pump_h2_pilot to the liquid stream, mfc_h2_100 to the H2 stream, and gas_n2_cylinder to startup/shutdown purge operations in the equipment topology/inventory selection."
N2-F05CF9A5,openai,openai,Qwen3.8-27B,qwen,One-shot,Hydrogenolysis,UO-03,APPLICABLE,0,True,CRITICAL,HIGH,"The final reported feed set is internally contradictory and materially wrong. The stated H2 equivalents do not match the reported flows, and the embedded arithmetic discussion conflicts with the final parameters. This directly affects whether the intended hydrogenolysis can proceed as represented.",$.delivered_final_outcome.parameters.flow_rate_mL_min | $.delivered_final_outcome.streams[0].flow_rate_mL_min | $.delivered_final_outcome.streams[1].gas_flow_sccm | $.delivered_final_outcome.streams[1].molar_equiv | $.delivered_final_outcome.evidence_and_reasoning.reasoning_per_field.gas_flow_sccm,Reported liquid flow = 3.0 mL/min | Reported H2 flow = 3.0 sccm | Reported H2 molar equiv = 1.0 | Embedded reasoning concludes even 100 sccm gives only ~0.35 eq at 0.1 mL/min and inventory cannot reach 1 eq,"Stoichiometry and feed chemistry must be explicit and coherent. At 0.126 M DMAOL, 3.0 mL/min corresponds to ~0.378 mmol/min substrate; 3.0 sccm H2 at STP is ~0.134 mmol/min, i.e. ~0.35 eq, not 1.0 eq. Reported feed values and equivalents must agree.","Provide one consistent feed specification with corrected liquid flow, H2 sccm, and calculated H2 equivalents based on the stated 0.126 M solution, and ensure all tables match the chosen condition."
N2-F05CF9A5,openai,openai,Qwen3.8-27B,qwen,One-shot,Hydrogenolysis,UO-04,APPLICABLE,1,False,MAJOR,HIGH,"The candidate correctly keeps 60 C and 21 bar and places gas-liquid mixing before the bed. However, it fails to state the implied absolute pressure for the chosen gauge basis and leaves stage/order details under-specified for a gas-pressurized hydrogenation startup.",$.delivered_final_outcome.parameters.temperature_C | $.delivered_final_outcome.parameters.BPR_bar | $.delivered_final_outcome.parameters.BPR_basis | $.delivered_final_outcome.parameters.pressure_absolute_bar | $.delivered_final_outcome.chemistry_and_operations.pre_reactor_steps | $.delivered_final_outcome.stages,Temperature = 60 C | BPR = 21 bar | BPR basis = gauge | pressure_absolute_bar = null | Pre-reactor sequence lacks explicit N2 leak test then H2 switchover details,"Map chemistry-critical conditions faithfully: 60 C, 21 bar with explicit basis and corresponding absolute pressure, H2/Liquid mixing before packed bed, and clear startup/order-of-addition and stage mapping.","State the pressure basis and absolute pressure explicitly (e.g., 21 barg ≈ 22 bara, if that is the chosen convention) and provide a clear N2 leak-test/purge to H2 transition sequence before introducing liquid to the bed."
N2-F05CF9A5,openai,openai,Qwen3.8-27B,qwen,One-shot,Hydrogenolysis,UO-05,APPLICABLE,2,False,MAJOR,HIGH,"An overall workable order is implied, but the hardware connectivity is not fully explicit and omits several required assigned units in the topology object. This is recoverable but needs revision before execution to avoid ambiguity.",$.delivered_final_outcome.topology | $.delivered_final_outcome.chemistry_and_operations.pre_reactor_steps | $.delivered_final_outcome.chemistry_and_operations.post_reactor_steps | $.delivered_final_outcome.stages | $.delivered_final_outcome.streams,Narrative order: purge/prime/H2/liquid -> packed bed -> gas-liquid separator -> collection/vent | Topology object lacks explicit connected equipment list | Streams have pump_role text but null equipment_id,"Provide an executable hardware order using only inventory: N2/H2 supplies with check valve and MFC as appropriate, liquid pump, T-mixer, packed bed in 60 C bath, BPR, gas-liquid separator, vent/collector, all explicitly connected.",List the full connected train explicitly with inventory IDs and branch handling: gas_n2_cylinder / gas_h2_cylinder -> mfc_h2_100 -> safety_h2_check_valve; liquid via pump_h2_pilot; both into mixer_h2_t -> reactor_h2_pbr_300 in bath_h2_60 -> bpr_h2_21 -> separator_h2_gl -> collector_h2_250 + safety_h2_vent.
N2-F05CF9A5,openai,openai,Qwen3.8-27B,qwen,One-shot,Hydrogenolysis,UO-06,APPLICABLE,0,True,CRITICAL,HIGH,"The delivered outcome contains mutually inconsistent flow rates and invalid gas/liquid bookkeeping. The gas actual-flow relation is physically inverted, and the final reported numbers cannot reproduce the claimed stoichiometry. This is a criterion-level critical failure.",$.delivered_final_outcome.parameters.flow_rate_mL_min | $.delivered_final_outcome.streams[0].flow_rate_mL_min | $.delivered_final_outcome.streams[0].concentration_M | $.delivered_final_outcome.streams[1].gas_flow_sccm | $.delivered_final_outcome.streams[1].gas_flow_actual_mL_min | $.delivered_final_outcome.evidence_and_reasoning.reasoning_per_field.gas_flow_sccm | $.delivered_final_outcome.evidence_and_reasoning.reasoning_per_field.gas_flow_actual_mL_min,"Final liquid flow reported as 3.0 mL/min, but reasoning also proposes 1.5 and 0.1 mL/min | Final H2 flow reported as 3.0 sccm, but reasoning also proposes 100 sccm | Final H2 actual flow reported as 63.0 mL/min, inconsistent with 3.0 sccm and with own formula | At 0.126 M and 3.0 mL/min, DMAOL flow = 0.378 mmol/min","Liquid material balance must reproduce molar flows and equivalents consistently. For example, 3.0 sccm H2 cannot correspond to 63 mL/min in-channel at 21 bar; compressed gas volumetric flow should be lower than STP flow by pressure ratio. All reported liquid and gas flow values must be dimensionally and numerically coherent.","Recompute and report one consistent set of liquid and gas flows, with correct molar-flow conversions, equivalents, and pressure-corrected in-channel gas volumetric flow using the stated STP basis and selected absolute pressure."
N2-F05CF9A5,openai,openai,Qwen3.8-27B,qwen,One-shot,Hydrogenolysis,UO-07,APPLICABLE,1,False,MAJOR,HIGH,"Although the top-level volume-flow product closes mechanically, the candidate labels the 1.0 min value as liquid-holdup/contact residence time without any liquid holdup basis. This violates the explicit instruction to distinguish EBST from contact residence time.",$.delivered_final_outcome.parameters.reactor_volume_mL | $.delivered_final_outcome.parameters.flow_rate_mL_min | $.delivered_final_outcome.parameters.residence_time_basis | $.delivered_final_outcome.parameters.residence_time_min | $.delivered_final_outcome.parameters.residence_time_in_channel_min | $.delivered_final_outcome.evidence_and_reasoning.reasoning_per_field.residence_time_min | $.deterministic_verification_sheet.top_level_volume_flow_time_closure,Reactor volume = 3.0 mL | Flow = 3.0 mL/min | Reported residence time = 1.0 min | Residence-time basis labeled liquid-holdup/contact residence time | Verification only confirms 3.0 mL = 3.0 mL/min × 1.0 min,"The design must distinguish nominal empty-bed space time from liquid-holdup/contact residence time and not silently equate geometric reactor volume with liquid contact holdup. For this packed bed, EBST from 3.0 mL/flow can be reported, but liquid-holdup/contact residence time requires a separate justified holdup basis.","Report EBST separately as reactor geometric volume divided by liquid flow, and either provide a justified liquid-holdup/contact residence time estimate or mark it as unvalidated and requiring measurement/hold-up characterization."
N2-F05CF9A5,openai,openai,Qwen3.8-27B,qwen,One-shot,Hydrogenolysis,UO-08,APPLICABLE,0,True,CRITICAL,HIGH,Gas bookkeeping is physically inconsistent and unsafe for execution. The report fails to provide the required absolute-pressure basis and gives an in-channel gas volumetric flow incompatible with the stated inlet flow and compression conditions.,$.delivered_final_outcome.parameters.BPR_basis | $.delivered_final_outcome.parameters.pressure_absolute_bar | $.delivered_final_outcome.streams[1].gas_flow_sccm | $.delivered_final_outcome.streams[1].gas_flow_actual_mL_min | $.delivered_final_outcome.evidence_and_reasoning.reasoning_per_field.gas_flow_actual_mL_min | $.delivered_final_outcome.evidence_and_reasoning.reasoning_per_field.gas_flow_sccm,"BPR basis = gauge | Absolute pressure not provided | Final H2 stream: 3.0 sccm STP, 63.0 mL/min actual | Reasoning formula example uses 100 sccm -> 5.86 mL/min actual at 60 C and 21 bar abs, but arithmetic and final numbers disagree","For a gas-using design, gas identity, STP basis, inlet flow, molar flow, equivalents, absolute pressure, and in-channel pressure-corrected volumetric flow must be distinct and numerically consistent. Compressed in-channel volumetric flow at ~21-22 bar must be much lower than the STP flow, not higher.","Specify whether 21 bar is absolute or gauge, compute the corresponding absolute pressure, define STP explicitly, and recalculate H2 molar flow, equivalents, and in-channel volumetric flow consistently from the selected inlet sccm."
N2-F05CF9A5,openai,openai,Qwen3.8-27B,qwen,One-shot,Hydrogenolysis,UO-09,NOT_APPLICABLE,,False,NONE,HIGH,The case flags this as not a multistage reactive process.,$.case_context.applicability.multistage_process,multistage_process = false,Not applicable because the process does not contain more than one reactive stage.,
N2-F05CF9A5,openai,openai,Qwen3.8-27B,qwen,One-shot,Hydrogenolysis,UO-10,APPLICABLE,1,False,MAJOR,HIGH,The final reported liquid-flow operating point exceeds a hard equipment limit of the available pump. The candidate even notes this conflict internally but leaves the invalid final number in the delivered parameters and stream table.,$.case_context.authoritative_inventory.pumps[0].max_flow_rate_mL_min | $.case_context.authoritative_inventory.gas_hardware[1].max_flow_sccm | $.delivered_final_outcome.parameters.flow_rate_mL_min | $.delivered_final_outcome.streams[0].flow_rate_mL_min | $.delivered_final_outcome.streams[1].gas_flow_sccm | $.delivered_final_outcome.evidence_and_reasoning.reasoning_per_field.flow_rate_mL_min,Pump max = 2.0 mL/min | Reported liquid flow = 3.0 mL/min | H2 MFC range = 1-100 sccm | Reported H2 = 3.0 sccm is within MFC range | Reasoning acknowledges 3.0 mL/min exceeds pump limit,Every selected operating point must stay within inventory limits. The single available liquid pump cannot exceed 2.0 mL/min.,Revise the final liquid flow to a value within 0.1-2.0 mL/min and propagate that corrected value through all residence-time and stoichiometry calculations.
N2-F05CF9A5,openai,openai,Qwen3.8-27B,qwen,One-shot,Hydrogenolysis,UO-11,APPLICABLE,1,False,MAJOR,MEDIUM,"Because the gas-flow bookkeeping is wrong and no defensible transport basis is supplied, the stated multiphase operating point is not physically supported. This is a material but potentially recoverable deficiency.",$.delivered_final_outcome.parameters.temperature_C | $.delivered_final_outcome.parameters.BPR_bar | $.delivered_final_outcome.streams[0].solvent | $.delivered_final_outcome.streams[1].gas_flow_actual_mL_min | $.delivered_final_outcome.safety_controls | $.delivered_final_outcome.evidence_and_reasoning.reasoning_per_field.gas_flow_actual_mL_min,Methanol solvent at 60 C under pressurized H2 | No quantified discussion of phase behavior or gas-liquid-solid transport | Physically inconsistent compressed-gas flow estimate used,"The design should present physically plausible gas-liquid-solid transport assumptions and avoid impossible compressed-gas flow descriptions. At minimum, the chosen pressure basis and gas compression must support a plausible multiphase regime through the packed bed.","Correct the gas-flow calculations and add a concise physical plausibility statement covering methanol under pressure at 60 C, expected gas-liquid introduction to the packed bed, and why the selected gas/liquid rates are transport-plactical for screening."
N2-F05CF9A5,openai,openai,Qwen3.8-27B,qwen,One-shot,Hydrogenolysis,UO-12,APPLICABLE,2,False,MAJOR,HIGH,"Key hazards are recognized, but controls are not converted into a sufficiently concrete execution-ready sequence. Important hydrogen shutdown/displacement and depressurization controls are too vague for a pressurized hydrogenation screen.",$.delivered_final_outcome.safety_controls | $.delivered_final_outcome.chemistry_and_operations.pre_reactor_steps | $.delivered_final_outcome.chemistry_and_operations.post_reactor_steps | $.case_context.authoritative_inventory.safety_accessories | $.case_context.authoritative_inventory.separators[0],"Hydrogen leak-tightness, N2 purge, BPR, check valve mentioned | Post-reactor separator/vent/collection mentioned | No explicit relief/venting sequence, no grounded flammable methanol collection details beyond vessel name, no explicit H2/N2 switchover or safe depressurization sequence","Recognize and operationalize major hydrogen/methanol/pressure hazards with concrete controls: N2 purge/leak test, H2 backflow prevention, controlled pressurization, BPR usage, separator to safe vent, controlled depressurization, shutdown displacement of H2 with N2, and compatibility awareness.","Add a specific safe startup and shutdown control sequence including N2 leak test, gradual pressurization, confirmation of vent routing, switch back to N2 to displace residual H2 before depressurization, and handling of methanol-containing effluent in the grounded vented collector."
N2-F05CF9A5,openai,openai,Qwen3.8-27B,qwen,One-shot,Hydrogenolysis,UO-13,APPLICABLE,1,False,MAJOR,HIGH,"The procedure is too incomplete to execute reproducibly or safely. Core operational details needed for reconstruction are missing, though the outline is directionally correct.",$.delivered_final_outcome.chemistry_and_operations.pre_reactor_steps | $.delivered_final_outcome.chemistry_and_operations.post_reactor_steps | $.delivered_final_outcome.parameters.concentration_M | $.delivered_final_outcome.reported_disposition | $.delivered_final_outcome.safety_controls,"Brief pre-reactor and post-reactor bullets only | No explicit feed prep mass/volume instructions using 3.8 wt% and density assumption | No steady-state qualification, collection timing, normal shutdown, emergency shutdown, quench/work-up, or waste procedure","The experiment must be reconstructable: feed preparation, priming, startup, leak testing, steady-state qualification, collection, shutdown, depressurization, purge, work-up, and waste handling should be reproducible where required.","Provide stepwise operating instructions including preparation of the 3.8 wt% DMAOL/methanol feed using the stated density assumption, priming, N2 leak test, H2 startup, stabilization/steady-state criteria, collection window, N2 displacement shutdown, depressurization, and effluent/waste handling."
N2-F05CF9A5,openai,openai,Qwen3.8-27B,qwen,One-shot,Hydrogenolysis,UO-14,APPLICABLE,2,False,MAJOR,HIGH,"The candidate correctly does not overclaim and returns SCREEN. However, the final deliverable contains contradictory calculations and unsupported final values without clearly flagging them as blocking revisions, weakening evidence integrity.",$.delivered_final_outcome.reported_disposition | $.delivered_final_outcome.disposition_rationale | $.delivered_final_outcome.evidence_and_reasoning.literature_analogies | $.delivered_final_outcome.evidence_and_reasoning.evidence_calibration | $.delivered_final_outcome.parameters.confidence | $.delivered_final_outcome.evidence_and_reasoning.reasoning_per_field,Disposition = SCREEN | Confidence = Medium | Evidence calibration object empty | Reasoning text itself reveals unresolved inventory/calculation conflicts,"Represent calculations, assumptions, uncertainty, and disposition honestly. SCREEN is appropriate if inventory supports a safe screen, but unresolved critical calculation/equipment conflicts should be explicitly surfaced rather than buried in contradictory final fields.","Align the final reported values with the calculations, explicitly enumerate unresolved assumptions (pressure basis, contact holdup), and present a clean uncertainty statement tied to the chosen SCREEN conditions."
N2-3ECA5D30,openai,openai,Qwen3.8-27B,qwen,One-shot,Hydrogenolysis,UO-01,APPLICABLE,4,False,NONE,HIGH,The delivered design matches the intended hydrogenolysis transformation and catalyst/modality/phase regime.,$.delivered_final_outcome.chemistry_and_operations.chemistry_notes | $.delivered_final_outcome.parameters.reactor_type | $.delivered_final_outcome.parameters.temperature_C | $.delivered_final_outcome.topology.mixer_type,Hydrogenolysis of N-diphenylmethylazetidin-3-ol over Pd(OH)2/Al2O3 packed bed | Single gas-liquid feed mixed before packed bed | 60 C packed-bed hydrogenation screen | No unsupported additive introduced; acetic acid omitted,"Preserve hydrogenolysis transformation, H2 reducing modality, Pd(OH)2/Al2O3 packed-bed strategy, gas-liquid-solid regime, and substrate identity without unsupported substitution.",
N2-3ECA5D30,openai,openai,Qwen3.8-27B,qwen,One-shot,Hydrogenolysis,UO-02,APPLICABLE,3,False,MINOR,HIGH,"Core required materials are present. Minor defect: feed/equipment assignment is not explicit in structured fields (e.g., pump_equipment_id null, inventory_selection empty), though text names the correct hardware.",$.delivered_final_outcome.streams | $.delivered_final_outcome.chemistry_and_operations.pre_reactor_steps | $.delivered_final_outcome.chemistry_and_operations.post_reactor_steps | $.delivered_final_outcome.parameters.concentration_M,Liquid feed: DMAOL in methanol at 0.126 M | Gas feed: H2 at 10 sccm via MFC | N2 purge included in startup | Gas-liquid separator and vented collector included,"All required reactive components and process materials should be present and correctly assigned, including DMAOL/methanol liquid feed, H2 via certified MFC, and N2 for purge/shutdown displacement.","Populate structured equipment assignments explicitly for liquid pump, H2 MFC, mixer, reactor, separator, vent, collector, and N2 line."
N2-3ECA5D30,openai,openai,Qwen3.8-27B,qwen,One-shot,Hydrogenolysis,UO-03,APPLICABLE,1,False,MAJOR,HIGH,"The candidate contains major internal contradictions in gas actual flow and H2 equivalents. Although the narrative notices the error, the delivered structured outcome still reports impossible/incorrect values, so stoichiometry is not coherent enough for execution without revision.",$.delivered_final_outcome.streams[1].gas_flow_actual_mL_min | $.delivered_final_outcome.streams[1].molar_equiv | $.delivered_final_outcome.evidence_and_reasoning.reasoning_per_field.gas_flow_actual_mL_min | $.delivered_final_outcome.evidence_and_reasoning.reasoning_per_field.gas_flow_sccm | $.delivered_final_outcome.parameters.BPR_basis,"Structured gas_flow_actual_mL_min = 210.0 mL/min | Structured H2 molar_equiv = 2.0 | Narrative recalculates actual in-channel H2 flow as ~0.59 mL/min at 21 bar abs, 60 C | Narrative recalculates H2 equivalents as ~11.8, not 2.0 | BPR_basis = gauge while gas correction discussion conflicts between gauge and absolute","Stoichiometry and feed chemistry must be explicit and internally coherent. For 0.3 mL/min of 0.126 M DMAOL, substrate flow is 0.0378 mmol/min. At 10 sccm H2, molar flow is about 0.446 mmol/min (using 22.4 L/mol) or about 0.452 mmol/min (using 22.71 L/mol), giving about 11.8-12.0 equivalents; the pressure-corrected channel volumetric flow should be compressed, not expanded.","Replace the gas stream values with a single consistent basis: specify absolute pressure used, report correct in-channel H2 volumetric flow, and correct H2 equivalents to about 12 at 10 sccm and 0.3 mL/min liquid feed."
N2-3ECA5D30,openai,openai,Qwen3.8-27B,qwen,One-shot,Hydrogenolysis,UO-04,APPLICABLE,2,False,MAJOR,HIGH,"Core operating conditions are mostly present, but the pressure basis is inconsistent across fields and explanations, and stage mapping omits clear explicit placement of mixer, separator, vent, and N2 displacement operations in the staged process description.",$.delivered_final_outcome.parameters.temperature_C | $.delivered_final_outcome.parameters.BPR_bar | $.delivered_final_outcome.parameters.BPR_basis | $.delivered_final_outcome.chemistry_and_operations.pre_reactor_steps | $.delivered_final_outcome.stages,"Temperature = 60 C | BPR setpoint = 21 bar | BPR_basis reported as gauge | Pre-reactor order: N2 purge, liquid pump, H2 MFC, steady state | Stages listed only as reactor, bath, bpr","The design must faithfully specify chemistry-critical conditions including 60 C, available 21 bar BPR setpoint with explicit and consistent gauge/absolute basis, gas-liquid mixing before the packed bed, and stage/operation mapping sufficient for execution.","State one unambiguous pressure basis (preferably 21 bar gauge with corresponding absolute value, or 21 bar absolute if explicitly justified) and provide explicit ordered stage mapping including mixer upstream of reactor and downstream separator/vent/collector operations."
N2-3ECA5D30,openai,openai,Qwen3.8-27B,qwen,One-shot,Hydrogenolysis,UO-05,APPLICABLE,2,False,MAJOR,HIGH,"The intended order can be inferred from narrative text, but the delivered final outcome does not fully specify a reproducible connected topology and omits explicit use of the available hydrogen check valve.",$.delivered_final_outcome.topology | $.delivered_final_outcome.chemistry_and_operations.pre_reactor_steps | $.delivered_final_outcome.chemistry_and_operations.post_reactor_steps | $.delivered_final_outcome.streams | $.delivered_final_outcome.stages,"Text implies N2/H2 and liquid feeds, T-mixer, packed bed, separator, vent, collector | Structured topology lacks explicit connectivity and inventory assignments | inventory_selection is empty | No explicit check valve or BPR placement in connection order","Executable topology should explicitly connect N2 purge and H2 MFC to the gas line, liquid pump to single liquid feed, both into declared T-mixer, then packed bed in 60 C bath, then BPR, then gas-liquid separator, gas safe vent, liquid collector, with appropriate hydrogen backflow protection.","Provide an explicit connection sequence with equipment IDs and line order, including check valve placement, mixer, reactor in bath, BPR, separator, safe vent, collector, and waste/vent routing."
N2-3ECA5D30,openai,openai,Qwen3.8-27B,qwen,One-shot,Hydrogenolysis,UO-06,APPLICABLE,2,False,MAJOR,HIGH,"The liquid-side arithmetic is mostly sound, but the reported H2 equivalent field is inconsistent with the stated concentration and flow, so the reproduced component molar balance is materially inconsistent.",$.delivered_final_outcome.parameters.concentration_M | $.delivered_final_outcome.parameters.flow_rate_mL_min | $.delivered_final_outcome.streams[0].flow_rate_mL_min | $.delivered_final_outcome.evidence_and_reasoning.reasoning_per_field.gas_flow_sccm | $.delivered_final_outcome.streams[1].molar_equiv,DMAOL concentration = 0.126 M | Liquid flow = 0.3 mL/min | Implied DMAOL flow = 0.0378 mmol/min | Narrative H2 flow at 10 sccm gives ~0.446 mmol/min | Structured gas molar_equiv = 2.0 instead of ~11.8-12,Liquid material balance should reproduce the stated molar flows and equivalents consistently across fields. 0.126 mol/L × 0.0003 L/min = 3.78e-5 mol/min = 0.0378 mmol/min DMAOL.,Add explicit molar-flow calculations for DMAOL and H2 and update structured fields so equivalents and supporting flows numerically close.
N2-3ECA5D30,openai,openai,Qwen3.8-27B,qwen,One-shot,Hydrogenolysis,UO-07,APPLICABLE,2,False,MAJOR,HIGH,"Top-level volume/flow/time closure passes mechanically, but the candidate conflates geometric volume-based EBST with liquid-holdup/contact time by assuming 100% liquid holdup. That is a material but recoverable error because the protocol explicitly requires the distinction.",$.delivered_final_outcome.parameters.reactor_volume_mL | $.delivered_final_outcome.parameters.residence_time_basis | $.delivered_final_outcome.parameters.residence_time_min | $.delivered_final_outcome.parameters.residence_time_in_channel_min | $.delivered_final_outcome.evidence_and_reasoning.reasoning_per_field.residence_time_min | $.deterministic_verification_sheet.top_level_volume_flow_time_closure,Reactor volume = 3.0 mL | Reported residence time = 10.0 min from 3.0/0.3 | Residence basis says liquid-holdup/contact time assuming 100% liquid holdup in packed bed volume | No separate nominal empty-bed space time reported,"The design must distinguish nominal empty-bed space time from liquid-holdup/contact residence time and not silently equate full geometric volume to liquid contact time in a gas-liquid-solid packed bed. With 3.0 mL and 0.3 mL/min, nominal empty-bed liquid space time is 10 min; liquid-holdup/contact time should be separately labeled and justified or left as an estimate requiring measurement.","Report 10.0 min as nominal empty-bed liquid space time only, and separately state liquid-holdup/contact residence time is unknown/estimated and requires measurement or defensible holdup assumption."
N2-3ECA5D30,openai,openai,Qwen3.8-27B,qwen,One-shot,Hydrogenolysis,UO-08,APPLICABLE,1,True,CRITICAL,HIGH,"This criterion has a criterion-specific critical condition: gas molar flow/equivalents/residence basis are physically inconsistent. The delivered structured gas bookkeeping is wrong by orders of magnitude and the pressure basis is unresolved, creating unsafe and non-executable ambiguity for a hydrogen process.",$.delivered_final_outcome.streams[1].gas_flow_actual_mL_min | $.delivered_final_outcome.streams[1].gas_flow_sccm | $.delivered_final_outcome.streams[1].molar_equiv | $.delivered_final_outcome.parameters.BPR_basis | $.delivered_final_outcome.parameters.pressure_absolute_bar | $.delivered_final_outcome.evidence_and_reasoning.reasoning_per_field.gas_flow_actual_mL_min | $.delivered_final_outcome.evidence_and_reasoning.reasoning_per_field.gas_flow_sccm,"Gas identity H2 is correct | STP inlet flow reported as 10 sccm | Structured in-channel gas flow incorrectly reported as 210.0 mL/min | Narrative says corrected in-channel flow should be ~0.59 mL/min at 21 bar abs and 60 C | Structured H2 equivalents incorrectly reported as 2.0 while narrative says ~11.8 | Pressure basis unresolved: BPR_basis = gauge, pressure_absolute_bar = null, narrative oscillates between 21 abs and 22 abs","For gas-using designs, gas identity, STP basis, absolute pressure basis, compressed in-channel volumetric flow, and H2 equivalents must be numerically consistent and distinct. At 10 sccm H2, 60 C, and ~21-22 bar absolute, in-channel flow should be about 0.56-0.59 mL/min, not 210 mL/min; H2 equivalents should be about 12 relative to 0.0378 mmol/min DMAOL.","Declare one absolute pressure basis, compute compressed H2 channel flow correctly from STP flow, and correct H2 molar flow/equivalents consistently in all fields."
N2-3ECA5D30,openai,openai,Qwen3.8-27B,qwen,One-shot,Hydrogenolysis,UO-09,NOT_APPLICABLE,,False,NONE,HIGH,The case is not a multistage reactive process.,$.case_context.applicability.multistage_process,multistage_process = false,Criterion applies only to more-than-one reactive stage processes.,
N2-3ECA5D30,openai,openai,Qwen3.8-27B,qwen,One-shot,Hydrogenolysis,UO-10,APPLICABLE,2,False,MAJOR,HIGH,"The operating point is inventory-feasible, but the final output fails to explicitly map all essential selected equipment IDs despite strict assignment inventory. That is a material documentation defect before execution.",$.case_context.authoritative_inventory | $.delivered_final_outcome.parameters.flow_rate_mL_min | $.delivered_final_outcome.parameters.temperature_C | $.delivered_final_outcome.parameters.BPR_bar | $.delivered_final_outcome.topology.inventory_selection | $.delivered_final_outcome.safety_controls,"Chosen operating points are within pump, mixer, reactor, separator, and pressure ratings | 60 C is allowed for reactor and bath | 21 bar hardware exists | inventory_selection is empty | Check valve and exact equipment IDs not explicitly selected in final topology","Every essential hardware item used in the executable design should exist in inventory and be explicitly selected, and operating points must remain within declared limits.","List all required inventory items by equipment_id in the final topology and assignments, including pump_h2_pilot, mfc_h2_100, mixer_h2_t, reactor_h2_pbr_300, bath_h2_60, bpr_h2_21, separator_h2_gl, safety_h2_vent, safety_h2_check_valve, collector_h2_250, and N2 source."
N2-3ECA5D30,openai,openai,Qwen3.8-27B,qwen,One-shot,Hydrogenolysis,UO-11,APPLICABLE,2,False,MAJOR,MEDIUM,"Nothing is overtly impossible about the selected throughput, but the treatment of contact time and multiphase transport is oversimplified and partly contradictory. Revision is needed before relying on the stated residence basis.",$.delivered_final_outcome.evidence_and_reasoning.reasoning_per_field.flow_rate_mL_min | $.delivered_final_outcome.parameters.residence_time_basis | $.delivered_final_outcome.evidence_and_reasoning.reasoning_per_field.gas_flow_actual_mL_min | $.delivered_final_outcome.safety_controls,"Assumes bed fully wetted and uses full bed volume as liquid contact time | No discussion of gas-liquid distribution, possible channeling, or pressure-drop effects in packed bed | Gas actual flow is internally contradictory between fields and narrative","Physical/transport assumptions should be plausible and supported for gas-liquid-solid packed-bed operation at the stated pressure and temperature, including realistic treatment of liquid holdup/contact time and awareness of multiphase flow behavior.","State that 10 min is EBST, not measured liquid contact time; note multiphase holdup/wetting uncertainty and validate by observing stable pressure and gas-liquid separation during screening."
N2-3ECA5D30,openai,openai,Qwen3.8-27B,qwen,One-shot,Hydrogenolysis,UO-12,APPLICABLE,2,False,MAJOR,HIGH,"Hazards are identified at a high level, but the required concrete control set is incomplete for a pressurized hydrogen/methanol system.",$.delivered_final_outcome.safety_controls | $.delivered_final_outcome.chemistry_and_operations.pre_reactor_steps | $.delivered_final_outcome.chemistry_and_operations.post_reactor_steps | $.case_context.authoritative_inventory.safety_accessories,"Recognizes hydrogen flammability and N2 purge | Mentions vented grounded collector and hydrogen vent | Does not convert hazards into concrete controls such as non-return check valve use, leak-test method, purge/displacement sequence details, ignition control, or overpressure response | Methanol flammability and separator/BPR pressure containment details are sparse","Major hydrogen/methanol/pressure hazards should be translated into concrete controls including N2 leak/purge verification, check valve/backflow prevention, vent routing, ignition control, pressure-rated assembly, and shutdown displacement of residual H2.","Add explicit use of safety_h2_check_valve, N2 leak test before H2 admission, controlled vent routing via safety_h2_vent, ignition-source exclusion, and a defined depressurization/H2 displacement sequence."
N2-3ECA5D30,openai,openai,Qwen3.8-27B,qwen,One-shot,Hydrogenolysis,UO-13,APPLICABLE,1,True,CRITICAL,HIGH,"The experiment cannot be reliably reconstructed from the delivered instructions, and for a hydrogen process the missing startup/shutdown/depressurization details create an immediate execution hazard. This matches the criterion-specific critical condition.",$.delivered_final_outcome.chemistry_and_operations.pre_reactor_steps | $.delivered_final_outcome.chemistry_and_operations.post_reactor_steps | $.delivered_final_outcome.parameters.deoxygenation_method | $.delivered_final_outcome.disposition_rationale,Startup instructions are brief and incomplete | No feed preparation details beyond concentration field | deoxygenation_method = null | No explicit steady-state qualification criterion | No normal shutdown/depressurization procedure beyond generic mention of purge | No emergency shutdown or waste-handling procedure,"Operating instructions must be reconstructable and include feed preparation, leak testing, priming, startup, steady-state qualification, collection window, shutdown, depressurization, N2 displacement of residual hydrogen, and handling of vented H2/methanol-containing effluent.","Provide a stepwise SOP covering preparation of 3.8 wt% DMAOL in methanol, N2 leak test and purge, liquid priming, H2 introduction sequence, criterion for steady state, collection timing, H2 stop/N2 displacement/depressurization order, and waste handling."
N2-3ECA5D30,openai,openai,Qwen3.8-27B,qwen,One-shot,Hydrogenolysis,UO-14,APPLICABLE,2,False,MAJOR,HIGH,"The SCREEN disposition is appropriate, but uncertainty calibration is too optimistic given the major unresolved inconsistencies in gas calculations and procedure completeness.",$.delivered_final_outcome.reported_disposition | $.delivered_final_outcome.disposition_rationale | $.delivered_final_outcome.parameters.confidence | $.delivered_final_outcome.evidence_and_reasoning.reasoning_per_field.gas_flow_actual_mL_min | $.delivered_final_outcome.evidence_and_reasoning.reasoning_per_field.gas_flow_sccm,Disposition = SCREEN | Rationale acknowledges need for validation | Confidence reported as High despite unresolved contradictory gas calculations and incomplete procedure | Narrative itself identifies prior arithmetic errors,"Evidence, calculations, assumptions, and uncertainty should be represented honestly and proportionately. SCREEN is appropriate for a first pass, but confidence should reflect unresolved bookkeeping/procedural defects.",Lower confidence and explicitly flag gas-bookkeeping and residence-basis items as requiring correction/validation before running.
N2-AA2B3CE9,openai,openai,Qwen3.8-27B,qwen,FlowPilot,Hydrogenolysis,UO-01,APPLICABLE,4,False,NONE,HIGH,"The delivered design keeps the intended substrate class, hydrogenolysis transformation, hydrogen reducing modality, and the required Pd(OH)2/Al2O3 packed-bed gas-liquid-solid regime. No unsupported substitution is introduced.",$.delivered_final_outcome.chemistry_and_operations.chemistry_identity.reaction_class | $.delivered_final_outcome.chemistry_and_operations.stream_components | $.delivered_final_outcome.topology.instrument_manifest[3].equipment_id,hydrogenolysis | DMAOL in methanol + H2 | reactor_h2_pbr_300 = Pd(OH)2/Al2O3 micro-packed bed,Preserve hydrogenolysis of N-diphenylmethylazetidin-3-ol to 3-azetidinol using hydrogen over the supplied Pd(OH)2/Al2O3 packed bed in gas-liquid-solid flow.,
N2-AA2B3CE9,openai,openai,Qwen3.8-27B,qwen,FlowPilot,Hydrogenolysis,UO-02,APPLICABLE,4,False,NONE,HIGH,All required reactive components and hardware assignments are present and correctly assigned. No unsafe or transformation-changing material such as unjustified acetic acid is introduced.,$.delivered_final_outcome.streams[0] | $.delivered_final_outcome.streams[1] | $.delivered_final_outcome.topology.instrument_manifest[1] | $.delivered_final_outcome.topology.instrument_manifest[2] | $.delivered_final_outcome.topology.instrument_manifest[3],Stream A: DMAOL 0.126 M in methanol | Stream B: H2 via mfc_h2_100 | mixer_h2_t present before reactor | reactor_h2_pbr_300 present,"Include DMAOL/methanol liquid feed, H2 delivered through the certified H2 MFC, the declared gas-liquid mixer, and the Pd(OH)2/Al2O3 packed bed; do not add unjustified reactive materials.",
N2-AA2B3CE9,openai,openai,Qwen3.8-27B,qwen,FlowPilot,Hydrogenolysis,UO-03,APPLICABLE,2,False,MAJOR,MEDIUM,"The chemistry is coherent and executable, but the chosen hydrogen stoichiometry is materially lower than the validated reference screen and would need explicit justification for why 5 equiv is sufficient for a conservative first hydrogenolysis screen. The packet is internally consistent, but the reduced gas excess weakens confidence in screen interpretability.",$.delivered_final_outcome.streams[0].concentration_M | $.delivered_final_outcome.streams[0].flow_rate_mL_min | $.delivered_final_outcome.streams[1].gas_flow_sccm | $.delivered_final_outcome.streams[1].molar_equiv | $.delivered_final_outcome.evidence_and_reasoning.reasoning_per_field.BPR_bar,DMAOL = 0.126 M at 0.1 mL/min | H2 = 1.412002 sccm | reported H2 equivalents = 5.0 | BPR basis stated as 21 bar gauge; gas calculations use 22.01325 bar absolute,"Feed compositions and equivalents should be explicit and coherent, with gas/liquid stoichiometry defensibly chosen for a conservative first screen and internally consistent with the stated pressure basis.","Justify the 5 equiv H2 choice against reaction demand and mass-transfer needs, or revise to a more clearly supported excess H2 condition."
N2-AA2B3CE9,openai,openai,Qwen3.8-27B,qwen,FlowPilot,Hydrogenolysis,UO-04,APPLICABLE,3,False,MINOR,HIGH,"Temperature, pressure basis, order of addition, and stage order are all clearly mapped. Minor issue: the pressure-test step refers to 21 bar without explicitly distinguishing whether the leak test is at gauge or absolute basis, though the operating basis is clearly specified elsewhere as gauge.",$.delivered_final_outcome.parameters.temperature_C | $.delivered_final_outcome.parameters.BPR_bar | $.delivered_final_outcome.parameters.BPR_basis | $.delivered_final_outcome.chemistry_and_operations.operating_procedure[15] | $.delivered_final_outcome.chemistry_and_operations.operating_procedure[16],60 C | 21 bar | gauge | gas admitted after liquid flow and checks are stable | single reactive stage before separation,"Map chemistry-critical conditions faithfully: 60 °C, available 21 bar setpoint with explicit pressure basis, H2/liquid mixing before packed bed, then downstream pressure control and separation.",State the leak/pressure-test basis explicitly as 21 bar gauge to match the operating-point definition.
N2-AA2B3CE9,openai,openai,Qwen3.8-27B,qwen,FlowPilot,Hydrogenolysis,UO-05,APPLICABLE,2,False,MAJOR,HIGH,"The main process path is executable, but the delivered topology omits explicit connected placement of the declared hydrogen check valve and safe vent despite relying on them as required controls. Because hydrogen backflow prevention and off-gas vent routing are safety-critical hardware functions, their absence from the connected graph is a material topology incompleteness.",$.delivered_final_outcome.chemistry_and_operations.pid_description | $.delivered_final_outcome.topology.streams | $.delivered_final_outcome.chemistry_and_operations.operating_procedure[7] | $.case_context.authoritative_inventory.safety_accessories,"Topology routes reactor effluent to BPR, then to separator, then liquid collection | Off-gas vent routing is procedural only | check valve is required procedurally but not represented in the connected topology","Executable order should include the assigned liquid pump and H2 MFC into the mixer, reactor, pressure control, gas-liquid separation, safe vent/collection, with safety-critical inline items represented where required for safe execution.",Add the check valve inline on the H2 feed upstream of the mixer and add the separator gas outlet connection to the declared safe vent in the topology/P&ID.
N2-AA2B3CE9,openai,openai,Qwen3.8-27B,qwen,FlowPilot,Hydrogenolysis,UO-06,APPLICABLE,4,False,NONE,HIGH,The reported concentrations and flow rates are dimensionally coherent and reproduce the stated molar relationship. No liquid material-balance inconsistency was found.,$.delivered_final_outcome.streams[0].concentration_M | $.delivered_final_outcome.streams[0].flow_rate_mL_min | $.delivered_final_outcome.streams[1].gas_flow_sccm | $.delivered_final_outcome.streams[1].reasoning,DMAOL 0.126 M | liquid flow 0.1 mL/min | H2 1.412002 sccm | in-channel H2 flow 0.0792695 mL/min stated,"Liquid and gas bookkeeping should reproduce molar flows and equivalents consistently: DMAOL molar flow ≈ 1.26e-5 mol/min and H2 molar flow from 1.412 sccm ≈ 6.30e-5 mol/min, giving ~5 equiv.",
N2-AA2B3CE9,openai,openai,Qwen3.8-27B,qwen,FlowPilot,Hydrogenolysis,UO-07,APPLICABLE,2,False,MAJOR,HIGH,"Numerical closure of 3.0 mL / 0.1 mL/min = 30 min is correct for nominal empty-bed liquid space time, but the deliverable labels this as 'liquid-only' and 'in-channel' residence time without providing any separate liquid-holdup/contact residence-time estimate. That fails the explicit requirement to distinguish EBST from contact residence time.",$.delivered_final_outcome.parameters.reactor_volume_mL | $.delivered_final_outcome.parameters.flow_rate_mL_min | $.delivered_final_outcome.parameters.residence_time_basis_detail | $.delivered_final_outcome.parameters.residence_time_in_channel_min | $.case_context.protocol,reactor volume = 3.0 mL | liquid flow = 0.1 mL/min | reported residence time = 30.0 min | basis used = geometric volume/liquid flow only,The design must distinguish nominal empty-bed space time from liquid-holdup/contact residence time and should not silently treat geometric-volume/liquid-flow time as the liquid contact time in a packed bed when the protocol specifically distinguishes them.,Report 30 min only as nominal empty-bed liquid space time and provide a separate labeled liquid-holdup/contact residence-time basis or explicitly state it is unknown and requires measurement rather than equating it to 30 min.
N2-AA2B3CE9,openai,openai,Qwen3.8-27B,qwen,FlowPilot,Hydrogenolysis,UO-08,APPLICABLE,3,False,MINOR,HIGH,"Gas identity, STP basis, pressure basis, conversion, and equivalents are explicitly stated and internally consistent. Minor defect: the design does not quantify gas holdup or a gas-sensitive residence-time basis beyond the pressure-corrected volumetric flow, which slightly limits completeness.",$.delivered_final_outcome.parameters.BPR_basis | $.delivered_final_outcome.parameters.pressure_absolute_bar | $.delivered_final_outcome.streams[1].gas_flow_sccm | $.delivered_final_outcome.streams[1].gas_flow_actual_mL_min | $.delivered_final_outcome.streams[1].reasoning,21 bar gauge | 22.01325 bar absolute | 1.412002 sccm at STP | 0.07927 mL/min in-channel at 60 C and 22.0132 bar abs,"For gas-using designs, report H2 identity, STP basis, inlet flow, pressure-corrected channel flow, explicit absolute pressure basis, and gas equivalents distinctly and consistently.",Add an explicit note that the reported in-channel gas flow is volumetric only and that gas holdup/residence is not taken as the liquid reaction-time basis.
N2-AA2B3CE9,openai,openai,Qwen3.8-27B,qwen,FlowPilot,Hydrogenolysis,UO-09,NOT_APPLICABLE,,False,NONE,HIGH,"This is a single reactive-stage design, so multistage closure is not applicable under the rubric.",$.case_context.applicability.multistage_process | $.delivered_final_outcome.stages,multistage_process = false | stages = [],N/A only because the process has no more than one reactive stage.,
N2-AA2B3CE9,openai,openai,Qwen3.8-27B,qwen,FlowPilot,Hydrogenolysis,UO-10,APPLICABLE,3,False,MINOR,HIGH,All essential equipment exists and the selected operating point is within declared limits. Minor documentation defect: one topology field leaves mixer material unspecified despite the inventory defining it as stainless steel.,$.case_context.authoritative_inventory.pumps[0] | $.delivered_final_outcome.topology.instrument_manifest | $.delivered_final_outcome.topology.unit_operations[2].parameters.material | $.case_context.authoritative_inventory.mixers[0].material,pump flow 0.1 mL/min within 0.1-2.0 mL/min | MFC flow 1.412 sccm within 1-100 sccm | reactor 60 C and 21 barg within limits | mixer material shown as 'not specified' in one topology field although inventory defines stainless steel,"All assigned equipment must exist in inventory and be operated within flow, pressure, temperature, and connectivity limits using declared attributes.",Populate the mixer material in the delivered topology from inventory as stainless steel for full traceable feasibility.
N2-AA2B3CE9,openai,openai,Qwen3.8-27B,qwen,FlowPilot,Hydrogenolysis,UO-11,APPLICABLE,2,False,MAJOR,MEDIUM,"The operating point is not obviously impossible, but the submission does not adequately support transport assumptions in the packed bed. In particular, it does not discuss catalyst wetting/liquid holdup or why the chosen gas/liquid regime should provide meaningful hydrogenation contact in a 4.35 mm ID packed bed, making execution plausible but insufficiently supported.",$.delivered_final_outcome.parameters.temperature_C | $.delivered_final_outcome.parameters.pressure_absolute_bar | $.delivered_final_outcome.streams[1].gas_flow_actual_mL_min | $.delivered_final_outcome.evidence_and_reasoning.validation_experiments[0] | $.delivered_final_outcome.evidence_and_reasoning.reasoning_per_field,"60 C methanol system under 21 barg | very low in-channel H2 volumetric flow 0.07927 mL/min vs liquid 0.1 mL/min | hydraulic blank and RTD validation proposed | no explicit discussion of wetting, partial liquid fill, or packed-bed liquid holdup","Physical plausibility should address phase behavior and transport in the gas-liquid-solid packed bed at the stated operating point, especially how reaction contact time is interpreted and whether flow regime assumptions are supported.","Add a concise transport/phase rationale or qualification plan for packed-bed wetting and gas-liquid-solid contact, and avoid treating EBST as confirmed reaction contact time before RTD/holdup measurement."
N2-AA2B3CE9,openai,openai,Qwen3.8-27B,qwen,FlowPilot,Hydrogenolysis,UO-12,APPLICABLE,3,False,MINOR,HIGH,The key hydrogen and pressure hazards are recognized and converted into practical controls. Minor deficiency: methanol flammability/toxicity is only covered generically rather than with explicit solvent-specific control language.,$.delivered_final_outcome.safety_controls.controls | $.delivered_final_outcome.chemistry_and_operations.operating_procedure[5] | $.delivered_final_outcome.chemistry_and_operations.operating_procedure[6] | $.delivered_final_outcome.chemistry_and_operations.operating_procedure[7],N2 purge included | check valve control included | safe vent routing included | hydrogen ignition control included,"Recognize and control hydrogen flammability, pressurized methanol service, backflow, venting, purge, and depressurization hazards with concrete controls.",Add explicit methanol flammability/toxicity handling language to the hazards/controls section.
N2-AA2B3CE9,openai,openai,Qwen3.8-27B,qwen,FlowPilot,Hydrogenolysis,UO-13,APPLICABLE,2,False,MAJOR,HIGH,"The process is largely reconstructable, but shutdown and post-run handling are not sufficiently ordered or specific for hydrogen service. The design states to stop hydrogen, purge residual gas, and depressurize, but does not fully specify the exact sequence with N2 displacement, liquid continuation/cessation, and separator/BPR handling. That is a material reproducibility gap for execution.",$.delivered_final_outcome.chemistry_and_operations.operating_procedure | $.delivered_final_outcome.chemistry_and_operations.operating_procedure[14] | $.delivered_final_outcome.chemistry_and_operations.operating_procedure[18] | $.delivered_final_outcome.chemistry_and_operations.operating_procedure[19],startup and collection steps present | shutdown steps are generic | work-up intentionally ends at crude collection | line flush/depressurization sequence lacks ordered specifics,"Procedure should be reconstructable, including feed preparation, startup, steady-state qualification, collection, normal/emergency shutdown, hydrogen displacement with N2, depressurization, quench/separation/work-up, and waste handling as required for this screen.","Provide a stepwise shutdown sequence: stop H2, switch to N2 through the gas path, continue/stop liquid as intended, verify H2 displacement at vent, cool, depressurize through BPR/separator, then isolate and open only after pressure is zero."
N2-AA2B3CE9,openai,openai,Qwen3.8-27B,qwen,FlowPilot,Hydrogenolysis,UO-14,APPLICABLE,3,False,MINOR,HIGH,"The submission is appropriately cautious, uses SCREEN, and acknowledges low confidence plus validation needs. Minor issue: it presents some canonical numeric choices as finalized without fully qualifying the unresolved residence-time/contact-time ambiguity.",$.delivered_final_outcome.reported_disposition | $.delivered_final_outcome.disposition_rationale | $.delivered_final_outcome.evidence_and_reasoning.confidence | $.delivered_final_outcome.evidence_and_reasoning.validation_experiments,reported_disposition = SCREEN | confidence = LOW | validation experiments proposed | states first experimental screen until wet-lab evidence validates it,"Represent calculations, assumptions, uncertainty, and disposition honestly; do not overclaim performance or recommend execution despite unresolved critical defects.",Explicitly flag the residence-time/contact-time distinction as an unresolved uncertainty in the disposition rationale.
N2-479DCF09,openai,openai,Qwen3.8-27B,qwen,FlowPilot,Hydrogenolysis,UO-01,APPLICABLE,4,False,NONE,HIGH,"The delivered design keeps the intended substrate, hydrogenolysis modality, hydrogen reagent, methanol solvent, and the supplied Pd(OH)2/Al2O3 packed-bed catalyst. No unsupported catalyst or modality substitution is introduced.",$.delivered_final_outcome.chemistry_and_operations.chemistry_identity.reaction_class | $.delivered_final_outcome.chemistry_and_operations.stream_components | $.delivered_final_outcome.topology.unit_operations[3].instrument_name,hydrogenolysis | DMAOL in methanol with H2 gas | Pd(OH)2/Al2O3 micro-packed bed,"Preserve DMAOL hydrogenolysis to 3-azetidinol using hydrogen over the supplied Pd(OH)2/Al2O3 packed bed in gas-liquid-solid flow, without unsupported substitution.",
N2-479DCF09,openai,openai,Qwen3.8-27B,qwen,FlowPilot,Hydrogenolysis,UO-02,APPLICABLE,3,False,MINOR,HIGH,"Required materials are present and correctly assigned. Minor defect: the catalyst mass/loading in the packed bed is not explicitly restated in the execution section, though the authoritative reactor identity already implies the installed catalyst bed.",$.delivered_final_outcome.chemistry_and_operations.stream_components | $.delivered_final_outcome.streams | $.delivered_final_outcome.topology.instrument_manifest | $.delivered_final_outcome.chemistry_and_operations.operating_procedure[5],Liquid stream A contains DMAOL and methanol | Gas stream B is H2 via mfc_h2_100 | N2 purge source gas_n2_cylinder is included for purge/shutdown,"All required reactive materials and support materials should be present and correctly assigned: DMAOL in methanol, H2 via the certified H2 MFC, N2 for purge/startup-shutdown, and the built-in Pd(OH)2/Al2O3 packed bed.","State explicitly that reactor_h2_pbr_300 contains the installed Pd(OH)2/Al2O3 bed corresponding to the inventory reactor, to improve reproducibility."
N2-479DCF09,openai,openai,Qwen3.8-27B,qwen,FlowPilot,Hydrogenolysis,UO-03,APPLICABLE,2,False,MAJOR,HIGH,"The arithmetic for the chosen flows is internally coherent: DMAOL molar flow is about 0.0284 mmol/min and 1 sccm H2 is about 0.0446 mmol/min, giving about 1.57 equiv. However, this is a materially under-gassed screening point relative to the validated protocol context and likely too low to be a robust hydrogenolysis screen. The candidate gives no chemical justification for dropping hydrogen from the customary high-excess regime to near-stoichiometric gas, so revision is needed before execution as a meaningful screen.",$.delivered_final_outcome.parameters.concentration_M | $.delivered_final_outcome.parameters.flow_rate_mL_min | $.delivered_final_outcome.streams[1].gas_flow_sccm | $.delivered_final_outcome.streams[1].molar_equiv | $.delivered_final_outcome.evidence_and_reasoning.reasoning_per_field.BPR_bar,DMAOL concentration = 0.126 M | Liquid flow = 0.22517 mL/min | H2 = 1.0 sccm | Reported H2 equivalents = 1.5726 | Gas calculations use 22.01325 bar absolute from 21 bar gauge,Stoichiometry and feed chemistry should be explicit and coherent. H2 equivalents should follow gas molar flow divided by DMAOL molar flow; feed choices should be defensible for a first screen.,Increase H2 flow to a defensible excess for screening and justify the selected gas/liquid stoichiometry in relation to hydrogenolysis mass transfer and expected catalyst wetting; then recalculate H2 equivalents.
N2-479DCF09,openai,openai,Qwen3.8-27B,qwen,FlowPilot,Hydrogenolysis,UO-04,APPLICABLE,2,False,MAJOR,HIGH,"Temperature, pressure basis, and mixer-before-bed ordering are provided correctly. Material defect: the design does not actually distinguish empty-bed space time from liquid-holdup/contact residence time as required by the protocol; it reports only the empty-bed basis and uses that as the canonical residence time. The hard constraint specifically forbids silently using an undifferentiated residence time.",$.delivered_final_outcome.parameters.temperature_C | $.delivered_final_outcome.parameters.BPR_bar | $.delivered_final_outcome.parameters.BPR_basis | $.delivered_final_outcome.parameters.residence_time_basis_detail | $.delivered_final_outcome.chemistry_and_operations.operating_procedure[17] | $.delivered_final_outcome.parameters.residence_time_in_channel_min,60 C | 21 bar gauge; 22.01325 bar absolute used for gas calculation | Residence time reported only as nominal empty-bed liquid space time = 13.323267 min | Steady-state wait based on empty-bed time | No distinct liquid-holdup/contact residence time reported,"Translate chemistry-critical conditions faithfully, including 60 C, 21 bar with explicit basis, correct order of gas-liquid mixing before bed, and explicitly distinguish nominal empty-bed space time from liquid-holdup/contact residence time.","Report both nominal empty-bed space time and a separate stated liquid-holdup/contact residence-time basis, or explicitly state that contact residence time is unknown/unmeasured for this inventory and must be measured experimentally rather than equated to EBST."
N2-479DCF09,openai,openai,Qwen3.8-27B,qwen,FlowPilot,Hydrogenolysis,UO-05,APPLICABLE,2,False,MAJOR,HIGH,"Core process order is executable, but the delivered topology omits explicit connection of the required hydrogen check valve and separator off-gas safe vent from the actual graph. For a hydrogen system these are not merely advisory—they are safety-critical connectivity elements that should appear in the executable topology.",$.delivered_final_outcome.chemistry_and_operations.pid_description | $.delivered_final_outcome.topology.streams | $.delivered_final_outcome.chemistry_and_operations.operating_procedure[7] | $.delivered_final_outcome.topology.instrument_manifest,Topology described as pump -> T-mixer + H2 MFC -> packed bed -> BPR -> separator -> collector | Safe vent is mentioned procedurally but not represented in the connected process graph | Check valve is mentioned procedurally but not represented in the connected process graph,"Executable topology should connect feeds, controls, reactor, BPR, separator, safe vent, collection, and safety-critical gas hardware in a physically executable order using only assigned inventory.","Add the check valve on the H2 line upstream of the mixer and add the separator gas outlet connection to the declared safe vent in the topology/P&ID, not only in narrative procedure."
N2-479DCF09,openai,openai,Qwen3.8-27B,qwen,FlowPilot,Hydrogenolysis,UO-06,APPLICABLE,4,False,NONE,HIGH,The liquid material balance is dimensionally sound and numerically consistent. The deterministic sheet confirms volume-flow-time closure for the selected liquid basis.,$.delivered_final_outcome.parameters.concentration_M | $.delivered_final_outcome.parameters.flow_rate_mL_min | $.delivered_final_outcome.streams[0].flow_rate_mL_min | $.delivered_final_outcome.streams[1].gas_flow_sccm | $.delivered_final_outcome.deterministic_verification_sheet.top_level_volume_flow_time_closure,DMAOL concentration 0.126 M | Liquid flow 0.22517 mL/min | H2 1.0 sccm | Verification sheet: Q*tau closes to 3.00000003 mL,"Liquid concentrations and flow rates should reproduce the stated molar flows, total liquid flow, and throughput dimensionally correctly.",
N2-479DCF09,openai,openai,Qwen3.8-27B,qwen,FlowPilot,Hydrogenolysis,UO-07,APPLICABLE,3,False,MINOR,HIGH,"Numerical closure is correct for the chosen EBST basis. Minor issue: the labeling around in-channel/inlet residence time duplicates the same value and does not separately clarify gas-sensitive versus liquid-holdup bases, but geometry closure itself is sound.",$.delivered_final_outcome.parameters.reactor_volume_mL | $.delivered_final_outcome.parameters.flow_rate_mL_min | $.delivered_final_outcome.parameters.residence_time_min | $.delivered_final_outcome.deterministic_verification_sheet.top_level_volume_flow_time_closure,Reactor volume 3.0 mL | Liquid flow 0.22517 mL/min | Residence time 13.323267 min | Deterministic closure pass,"Reactor volume, cumulative flow, and stated residence time should close numerically and match the executable design.",Clarify basis labels so the closed 13.32 min value is explicitly identified as EBST only.
N2-479DCF09,openai,openai,Qwen3.8-27B,qwen,FlowPilot,Hydrogenolysis,UO-08,APPLICABLE,3,False,MINOR,HIGH,"The candidate explicitly states STP basis, distinguishes gauge from absolute pressure, and reports pressure-corrected in-channel H2 flow with a coherent calculation. Minor defect: it does not discuss gas holdup/residence-time implications despite the protocol requesting distinction of gas-sensitive residence-time bases.",$.delivered_final_outcome.parameters.BPR_basis | $.delivered_final_outcome.parameters.pressure_absolute_bar | $.delivered_final_outcome.streams[1].gas_flow_sccm | $.delivered_final_outcome.streams[1].gas_flow_actual_mL_min | $.delivered_final_outcome.streams[1].molar_equiv | $.delivered_final_outcome.evidence_and_reasoning.reasoning_per_field.BPR_bar,Pressure basis explicitly gauge | Absolute pressure used for gas conversion = 22.01325 bar | H2 inlet flow = 1.0 sccm | Pressure-corrected in-channel H2 flow = 0.05614 mL/min | H2 equivalents = 1.5726,"For gas designs, gas identity, STP basis, inlet flow, pressure-corrected channel flow, equivalents, and absolute pressure basis should be explicit and numerically consistent.",Add a brief statement that the pressure-corrected gas volumetric flow is for channel bookkeeping only and is not to be used as liquid reaction residence time; optionally estimate total superficial mixed flow if needed for transport review.
N2-479DCF09,openai,openai,Qwen3.8-27B,qwen,FlowPilot,Hydrogenolysis,UO-09,NOT_APPLICABLE,,False,NONE,HIGH,Criterion is not applicable because the case is explicitly single-stage.,$.case_context.applicability.multistage_process | $.delivered_final_outcome.stages,multistage_process = false | stages = [],N/A only because this is not a multistage reactive process.,
N2-479DCF09,openai,openai,Qwen3.8-27B,qwen,FlowPilot,Hydrogenolysis,UO-10,APPLICABLE,3,False,MINOR,HIGH,"Selected hardware exists and most operating points are within limits. Minor defect: the mixer manifest total flow omits the gas contribution and so is slightly inconsistent with actual combined inlet flow bookkeeping, though still far within hardware capability.",$.case_context.authoritative_inventory.pumps[0].min_flow_rate_mL_min | $.delivered_final_outcome.topology.instrument_manifest[0].settings[0].flow_rate_mL_min | $.case_context.authoritative_inventory.gas_hardware[1].min_flow_sccm | $.delivered_final_outcome.topology.instrument_manifest[1].settings[0].flow_sccm | $.case_context.authoritative_inventory.mixers[0].min_total_flow_mL_min | $.delivered_final_outcome.topology.instrument_manifest[2].settings[0].total_flow_mL_min,Pump min 0.1 mL/min; used 0.22517 mL/min | MFC min 1 sccm; used 1 sccm | Mixer min total flow 0.1 mL/min; manifest reports total flow 0.22517 mL/min,"Every item must exist and operate within declared inventory limits, with settings consistent with actual use.","Update the mixer total-flow setting/documentation to include both liquid and pressure-corrected gas contribution, or explicitly state that the hardware limit is checked on the dominant liquid-equivalent basis."
N2-479DCF09,openai,openai,Qwen3.8-27B,qwen,FlowPilot,Hydrogenolysis,UO-11,APPLICABLE,2,False,MAJOR,MEDIUM,"Pressure is sufficient to retain methanol liquid phase, so boiling risk is mitigated. But the design makes an unsupported transport assumption that 1 sccm H2 will provide adequate gas-liquid-solid contacting in a 4.35 mm packed bed for hydrogenolysis. Without justification or prior evidence, this is a material plausibility gap for a first screen.",$.delivered_final_outcome.evidence_and_reasoning.validation_experiments[0] | $.delivered_final_outcome.parameters.temperature_C | $.delivered_final_outcome.parameters.pressure_absolute_bar | $.delivered_final_outcome.streams[1].gas_flow_actual_mL_min | $.delivered_final_outcome.chemistry_and_operations.operating_procedure[17],Methanol at 60 C operated under 21 barg / 22.0 bara | Very low in-channel H2 volumetric flow 0.05614 mL/min relative to liquid 0.22517 mL/min | Only blank hydraulic validation proposed; no explicit justification of gas-liquid-solid wetting/mass-transfer sufficiency,Phase behavior and transport assumptions should be physically plausible and supported at the proposed operating point.,Provide a defensible gas-liquid-solid transport rationale or choose a more conventional H2 excess/flow that better ensures catalyst wetting and hydrogen availability; include observation criteria for channeling or gas starvation during the run.
N2-479DCF09,openai,openai,Qwen3.8-27B,qwen,FlowPilot,Hydrogenolysis,UO-12,APPLICABLE,3,False,MINOR,HIGH,The main hydrogen and pressure hazards are recognized and mapped to concrete controls. Minor defect: methanol toxicity/flammability and catalyst handling controls are only covered generically rather than with chemistry-specific statements.,$.delivered_final_outcome.safety_controls.controls | $.delivered_final_outcome.chemistry_and_operations.operating_procedure[5] | $.delivered_final_outcome.chemistry_and_operations.operating_procedure[7] | $.delivered_final_outcome.chemistry_and_operations.operating_procedure[14],N2 purge before H2 | Check valve required on H2 line | Safe vent routing required for separator off-gas | Shutdown instructs stopping H2 and purging residual gas,"Recognize hydrogen, methanol, and pressure hazards and convert them into concrete controls including purge, containment, venting, backflow prevention, and depressurization.",Add explicit methanol flammability/toxicity handling and spent Pd catalyst waste/pyrophoric-handling notes appropriate to the lab SOP.
N2-479DCF09,openai,openai,Qwen3.8-27B,qwen,FlowPilot,Hydrogenolysis,UO-13,APPLICABLE,2,False,MAJOR,HIGH,"The procedure is broadly structured, but the shutdown/workup instructions are not sufficiently reconstructible for a hydrogen-pressure system. In particular, the required use of nitrogen for shutdown displacement of residual hydrogen is acknowledged but not operationally sequenced in enough detail to avoid ambiguity.",$.delivered_final_outcome.chemistry_and_operations.operating_procedure | $.delivered_final_outcome.chemistry_and_operations.operating_procedure[3] | $.delivered_final_outcome.chemistry_and_operations.operating_procedure[14] | $.delivered_final_outcome.chemistry_and_operations.operating_procedure[20],"Procedure covers preparation, purge, startup, steady-state wait, collection, and shutdown | Priming says use declared solvent with assigned pump | Shutdown and purge sequence is not ordered in enough detail | No explicit post-run N2 displacement step is operationally sequenced against depressurization/BPR","Instructions should allow reconstruction of feed prep, startup, steady-state qualification, collection, shutdown, depressurization, purge, and waste handling reproducibly and safely.","Provide an explicit ordered shutdown sequence: stop H2, maintain liquid or switch to solvent as needed, introduce N2 displacement through the gas path, verify venting through safe vent, then depressurize via BPR, cool, and isolate before opening. Also specify flush solvent volumes or time basis."
N2-479DCF09,openai,openai,Qwen3.8-27B,qwen,FlowPilot,Hydrogenolysis,UO-14,APPLICABLE,3,False,MINOR,HIGH,"The candidate appropriately returns SCREEN, uses low confidence, and avoids overclaiming performance. Minor defect: it labels the design executable despite unresolved chemistry-quality defects around residence-time basis distinction and sparse gas stoichiometry justification.",$.delivered_final_outcome.reported_disposition | $.delivered_final_outcome.disposition_rationale | $.delivered_final_outcome.evidence_and_reasoning.confidence | $.delivered_final_outcome.evidence_and_reasoning.validation_experiments,Disposition = SCREEN | Confidence = LOW | Validation experiments proposed before/with chemistry | No unsupported performance guarantee,"Evidence, assumptions, uncertainty, and final disposition should be represented honestly and proportionately.",Explicitly note the unresolved residence-time-basis and low-H2-screening uncertainties in the disposition rationale.
N2-708C60D9,openai,openai,Qwen3.8-27B,qwen,FlowPilot,Hydrogenolysis,UO-01,APPLICABLE,4,False,NONE,HIGH,"The delivered design retains the intended substrate class, hydrogenolysis transformation, hydrogen reducing modality, heterogeneous Pd(OH)2/Al2O3 catalyst strategy, and gas-liquid-solid packed-bed regime without unsupported substitution.",$.delivered_final_outcome.chemistry_and_operations.chemistry_identity.reaction_class | $.delivered_final_outcome.chemistry_and_operations.chemistry_identity.transformation_family | $.delivered_final_outcome.stream_components | $.delivered_final_outcome.topology.instrument_manifest[3].equipment_id,hydrogenolysis | N-diphenylmethyl hydrogenolysis | DMAOL in methanol with H2 | reactor_h2_pbr_300 = Pd(OH)2/Al2O3 micro-packed bed,Preserve hydrogenolysis of N-diphenylmethylazetidin-3-ol using H2 over the supplied Pd(OH)2/Al2O3 packed bed in gas-liquid-solid flow at 60 °C and 21 bar hardware setpoint.,
N2-708C60D9,openai,openai,Qwen3.8-27B,qwen,FlowPilot,Hydrogenolysis,UO-02,APPLICABLE,3,False,MINOR,HIGH,"All required materials are present and assigned correctly, and no unsafe transformation-changing additive is introduced. Minor defect: the feed-preparation instruction does not explicitly show the protocol-requested density-based 3.8 wt% to 0.126 M conversion, though the resulting concentration is reported correctly elsewhere.",$.delivered_final_outcome.streams[0].contents | $.delivered_final_outcome.streams[1].contents | $.delivered_final_outcome.topology.instrument_manifest[3].equipment_id | $.delivered_final_outcome.topology.instrument_manifest[1].equipment_id | $.delivered_final_outcome.operating_procedure[0].instruction,Stream A: DMAOL + methanol | Stream B: H2 | reactor_h2_pbr_300 | mfc_h2_100 | Feed prep gives 0.126 M DMAOL but does not explicitly restate 3.8 wt% and 0.792 g/mL in the step text,"All required reactive components should be present and correctly assigned: DMAOL in methanol, H2 via the H2 MFC, and the supplied Pd(OH)2/Al2O3 packed bed; optional acetic acid should be omitted unless justified.","In feed preparation, explicitly state that 0.126 M derives from 3.8 wt% DMAOL in methanol using the assumed solution density 0.792 g/mL."
N2-708C60D9,openai,openai,Qwen3.8-27B,qwen,FlowPilot,Hydrogenolysis,UO-03,APPLICABLE,2,False,MAJOR,HIGH,"The numerical stoichiometry is coherent: 0.1 mL/min of 0.126 M DMAOL gives 0.0126 mmol/min substrate, and 2.824 sccm H2 at stated STP is about 0.126 mmol/min, i.e. 10 equiv. However, H2 is incorrectly assigned the role 'substrate' instead of reagent/reducing gas, a material defect in feed chemistry description that requires revision before execution documentation is considered clean.",$.delivered_final_outcome.streams[0].concentration_M | $.delivered_final_outcome.streams[0].flow_rate_mL_min | $.delivered_final_outcome.streams[1].gas_flow_sccm | $.delivered_final_outcome.streams[1].molar_equiv | $.delivered_final_outcome.stream_components[2].role,DMAOL 0.126 M at 0.1 mL/min | H2 2.824003 sccm | reported H2 = 10.0 equiv | H2 component role labeled as substrate,"Stoichiometry and feed chemistry should be explicit and coherent, with correct role assignment and equivalents derived from gas molar flow divided by DMAOL molar flow.",Relabel H2 as the reducing reagent/gas reagent rather than 'substrate' in all component and stream role fields.
N2-708C60D9,openai,openai,Qwen3.8-27B,qwen,FlowPilot,Hydrogenolysis,UO-04,APPLICABLE,3,False,MINOR,HIGH,"Temperature, pressure basis, feed order, and single-stage mapping are largely faithful and explicit. Minor defect: the residence-time discussion does not distinguish empty-bed space time from actual liquid-holdup/contact residence time as requested; instead it reports only a liquid-only geometric basis of 30 min.",$.delivered_final_outcome.parameters.temperature_C | $.delivered_final_outcome.parameters.BPR_bar | $.delivered_final_outcome.parameters.BPR_basis | $.delivered_final_outcome.operating_procedure[15].instruction | $.delivered_final_outcome.operating_procedure[16].parameter_bindings.residence_time_basis,60 °C | 21 bar | gauge basis; absolute pressure stated as 22.01325 bar | liquid before gas admission | residence-time basis explicitly stated as nominal empty-bed liquid space time,"Conditions and stage/order should faithfully map 60 °C operation, 21 bar hardware setpoint with explicit pressure basis, gas-liquid mixing before the packed bed, and clear residence-time basis distinctions.","Explicitly report both nominal empty-bed space time and a separate contact/liquid-holdup residence-time basis, stating that the latter is not measured here and must be determined experimentally if unknown."
N2-708C60D9,openai,openai,Qwen3.8-27B,qwen,FlowPilot,Hydrogenolysis,UO-05,APPLICABLE,2,False,MAJOR,MEDIUM,"The main process order is executable in principle, but the delivered final topology omits explicit assignment/connection of the hydrogen-rated packed-bed connector set and does not include the safe-vent connection as a represented terminal path, despite both being required for physical realization and hydrogen handling. This is a recoverable but material topology documentation defect.",$.delivered_final_outcome.chemistry_and_operations.pid_description | $.delivered_final_outcome.topology.streams | $.delivered_final_outcome.operating_procedure[7].equipment_ids | $.delivered_final_outcome.topology.instrument_manifest | $.case_context.authoritative_inventory.connectors,Pump -> T-mixer + H2 MFC -> packed bed -> BPR -> separator -> collector | No connector item appears in instrument manifest or topology | Safe vent is mentioned procedurally but not represented as a connected unit op,"Executable topology should include required connected feeds, mixer, reactor, pressure control, gas-liquid separation, vent/collection, and any required assigned hardware needed for physical execution from the provided inventory.",Add the required connector_h2_pbr to the assembled topology and explicitly represent the separator off-gas connection to safety_h2_vent in the process graph/P&ID.
N2-708C60D9,openai,openai,Qwen3.8-27B,qwen,FlowPilot,Hydrogenolysis,UO-06,APPLICABLE,4,False,NONE,HIGH,"Liquid-side bookkeeping closes. The single 0.126 M feed at 0.1 mL/min corresponds to 0.0126 mmol/min DMAOL, and there are no contradictory liquid feeds or dimensionally invalid liquid calculations.",$.delivered_final_outcome.streams[0].concentration_M | $.delivered_final_outcome.streams[0].flow_rate_mL_min | $.delivered_final_outcome.streams[1].gas_flow_sccm | $.delivered_final_outcome.streams[1].gas_flow_actual_mL_min | $.delivered_final_outcome.parameters.flow_rate_mL_min,DMAOL 0.126 M | liquid flow 0.1 mL/min | H2 2.824003 sccm | pressure-corrected H2 0.158539 mL/min | total liquid flow 0.1 mL/min,"Liquid material balance should reproduce liquid molar flow, dilution, and throughput consistently.",
N2-708C60D9,openai,openai,Qwen3.8-27B,qwen,FlowPilot,Hydrogenolysis,UO-07,APPLICABLE,2,False,MAJOR,HIGH,"The reported 3.0 mL / 0.1 mL/min = 30 min geometric liquid-only space time is numerically valid, but the protocol specifically requires distinction from liquid-holdup/contact residence time. That second basis is omitted rather than separately reported, creating a material deficiency in residence-time closure for this gas-liquid-solid packed bed.",$.delivered_final_outcome.parameters.reactor_volume_mL | $.delivered_final_outcome.parameters.flow_rate_mL_min | $.delivered_final_outcome.parameters.residence_time_basis_detail | $.delivered_final_outcome.parameters.residence_time_min | $.case_context.hard_constraints[6],reactor volume 3.0 mL | liquid flow 0.1 mL/min | reported residence time = 30 min based on geometric volume/liquid flow | no separate liquid-holdup/contact residence time reported,Residence-time reporting must numerically close and explicitly distinguish nominal empty-bed space time from liquid-holdup/contact residence time; gas-plus-liquid should not be silently used as liquid reaction time.,"Report 30 min explicitly as nominal empty-bed liquid space time only, and add a separate contact/liquid-holdup residence-time entry with measured/estimated value or clearly state it is unknown and requires experimental determination before interpreting kinetics against literature."
N2-708C60D9,openai,openai,Qwen3.8-27B,qwen,FlowPilot,Hydrogenolysis,UO-08,APPLICABLE,4,False,NONE,HIGH,"Gas bookkeeping is explicit and consistent. The design states STP basis, distinguishes gauge from absolute pressure, provides the pressure-corrected channel volumetric flow, and the implied molar-flow ratio gives the reported 10 equiv H2.",$.delivered_final_outcome.parameters.BPR_basis | $.delivered_final_outcome.parameters.pressure_absolute_bar | $.delivered_final_outcome.streams[1].gas_flow_sccm | $.delivered_final_outcome.streams[1].gas_flow_actual_mL_min | $.delivered_final_outcome.streams[1].molar_equiv,21 bar gauge | 22.01325 bar absolute | 2.824003 sccm at STP | 0.158539 mL/min in-channel at 60 °C and 22.0132 bar abs | 10.0 equiv H2,"For gas use, gas identity, STP basis, inlet flow, pressure-corrected in-channel flow, absolute pressure basis, and H2 equivalents must be explicit and numerically consistent.",
N2-708C60D9,openai,openai,Qwen3.8-27B,qwen,FlowPilot,Hydrogenolysis,UO-09,NOT_APPLICABLE,,False,NONE,HIGH,The case explicitly marks this as not a multistage process.,$.case_context.applicability.multistage_process | $.delivered_final_outcome.stages,multistage_process=false | stages=[],N/A only when the process is not multistage.,
N2-708C60D9,openai,openai,Qwen3.8-27B,qwen,FlowPilot,Hydrogenolysis,UO-10,APPLICABLE,3,False,MINOR,HIGH,"The core operating point is within declared pump, MFC, reactor, separator, and BPR limits. Minor defect: not every essential supporting inventory item used in narrative safety execution (connector, safe vent) is represented in the manifest/topology, though available inventory does support them.",$.delivered_final_outcome.topology.instrument_manifest | $.case_context.authoritative_inventory.pumps[0].min_flow_rate_mL_min | $.delivered_final_outcome.topology.instrument_manifest[0].settings[0].flow_rate_mL_min | $.delivered_final_outcome.topology.instrument_manifest[1].settings[0].flow_sccm,All selected core equipment exists in inventory | pump min flow 0.1 mL/min and set to 0.1 | MFC set to 2.824 sccm within 1-100 sccm | omitted explicit assignment of available connector and safe vent from manifest,"Every selected essential equipment item should exist and be operated within declared limits, with all essential assigned hardware represented.",Include connector_h2_pbr and safety_h2_vent in the formal equipment manifest/topology with stated connectivity.
N2-708C60D9,openai,openai,Qwen3.8-27B,qwen,FlowPilot,Hydrogenolysis,UO-11,APPLICABLE,3,False,MINOR,MEDIUM,"The proposed operating point is plausible for methanol/H2 over a packed bed at 60 °C and 21 barg, and a hydraulic validation run is sensibly included. Minor defect: the answer does not explicitly discuss solvent single-phase liquid retention under pressure or possible catalyst wetting/mass-transfer limitations in the gas-liquid-solid bed.",$.delivered_final_outcome.evidence_and_reasoning.validation_experiments[0].procedure | $.delivered_final_outcome.parameters.temperature_C | $.delivered_final_outcome.parameters.pressure_absolute_bar | $.delivered_final_outcome.streams[1].gas_flow_actual_mL_min,Hydraulic blank validation included | 60 °C at 22.01325 bar abs | very low in-channel gas volumetric flow relative to liquid | no explicit discussion of methanol phase behavior or packed-bed wetting quality,"Physical/transport assumptions should be plausible and supported at the operating point, including phase behavior and transport considerations.",Add a brief physical justification that methanol remains liquid at the chosen pressure/temperature and note that wetting/mass-transfer behavior should be checked during the blank and first screen.
N2-708C60D9,openai,openai,Qwen3.8-27B,qwen,FlowPilot,Hydrogenolysis,UO-12,APPLICABLE,3,False,MINOR,HIGH,Major hydrogen and pressure hazards are recognized and converted into concrete controls. Minor defect: methanol flammability/toxicity and pyrophoric/air-exposure considerations for spent Pd catalyst are not explicitly translated into specific handling/waste controls.,$.delivered_final_outcome.safety_controls.controls | $.delivered_final_outcome.operating_procedure[5].instruction | $.delivered_final_outcome.operating_procedure[7].instruction | $.delivered_final_outcome.operating_procedure[14].instruction,N2 purge before H2 | check valve control | safe vent routing | shutdown includes stop hydrogen and purge residual gas,"Major hydrogen/pressure/solvent hazards should be recognized and converted into concrete controls, including purge, venting, backflow prevention, and controlled depressurization.",Add explicit controls for methanol vapor/fire exposure and spent Pd catalyst handling/disposal under compatible wet/inert conditions as applicable to the lab SOP.
N2-708C60D9,openai,openai,Qwen3.8-27B,qwen,FlowPilot,Hydrogenolysis,UO-13,APPLICABLE,2,False,MAJOR,MEDIUM,"A substantial portion of the procedure is present, but reproducibility remains incomplete in several execution details: shutdown/depressurization sequence is not ordered stepwise enough for pressurized hydrogen service, priming language is generic, and post-reactor handling/work-up is intentionally truncated. This is recoverable but requires revision before execution.",$.delivered_final_outcome.chemistry_and_operations.operating_procedure | $.delivered_final_outcome.operating_procedure[3].instruction | $.delivered_final_outcome.operating_procedure[14].instruction | $.delivered_final_outcome.chemistry_and_operations.post_reactor_steps,"Startup, purge, run, collection, and shutdown steps are present | priming step says 'each liquid line' though only one liquid feed exists | shutdown sequence is not fully ordered in operational detail | post_reactor_steps = null and no explicit waste/flush solvent quantities or separator vent shutdown sequence","Procedure should be reconstructable and reproducible for feed preparation, startup, steady state, collection, shutdown, depressurization, and work-up/waste handling.","Provide an ordered shutdown/depressurization/N2 displacement sequence, specify flush solvent and approximate flush duration/volume, and clarify outlet separator/vent handling and the single-liquid-line priming operation."
N2-708C60D9,openai,openai,Qwen3.8-27B,qwen,FlowPilot,Hydrogenolysis,UO-14,APPLICABLE,4,False,NONE,HIGH,"The design is appropriately cautious, labels itself as a screen, gives low confidence, and proposes validation rather than overstating expected performance. No invented evidence or unjustified guarantee is apparent.",$.delivered_final_outcome.reported_disposition | $.delivered_final_outcome.disposition_rationale | $.delivered_final_outcome.evidence_and_reasoning.confidence | $.delivered_final_outcome.evidence_and_reasoning.validation_experiments,reported_disposition=SCREEN | confidence=LOW | states first experimental screen until wet-lab evidence validates it | validation experiments proposed,"Evidence, assumptions, uncertainty, and execution disposition should be represented honestly without unsupported guarantees.",
N2-D9414DDD,openai,openai,Qwen3.8-27B,qwen,One-shot,Photochemical oxidation,UO-01,APPLICABLE,4,False,NONE,HIGH,"The delivered design preserves the intended transformation, catalyst strategy, oxidant, solvent, irradiation modality, and gas-liquid photochemical regime without unsupported substitution.",$.case_context.protocol | $.delivered_final_outcome.streams[0].contents | $.delivered_final_outcome.parameters.wavelength_nm | $.delivered_final_outcome.parameters.temperature_C | $.delivered_final_outcome.chemistry_and_operations.chemistry_notes,"Substrate: Fmoc-L-methionine | Photocatalyst: 4,7-diphenyl-2,1,3-benzothiadiazole | Oxidant: air | Modality: 420 nm photochemical oxidation | Phase regime: gas-liquid flow via T-mixer into irradiated coil","Preserve aerobic photocatalytic oxidation of Fmoc-L-methionine to sulfoxide using the stated photocatalyst, air, acetonitrile, 420 nm irradiation, and a gas-liquid photochemical flow regime.",
N2-D9414DDD,openai,openai,Qwen3.8-27B,qwen,One-shot,Photochemical oxidation,UO-02,APPLICABLE,3,False,MINOR,HIGH,"All required materials are present and assigned to appropriate feeds. Minor documentation defect: the stream fields omit explicit equipment assignment in the dedicated pump_equipment_id field and use pump_role instead, though the narrative names the correct inventory items.",$.case_context.protocol | $.delivered_final_outcome.streams[0] | $.delivered_final_outcome.streams[1] | $.delivered_final_outcome.chemistry_and_operations.pre_reactor_steps,Liquid feed contains Fmoc-L-methionine and photocatalyst in acetonitrile at 0.1 M substrate / 0.01 M catalyst | Air feed supplied by MFC at 1.0 sccm | No degasser used,"All required reactive components should be present and correctly assigned: substrate, photocatalyst at 10 mol%, acetonitrile solvent, and air as reagent gas.",Populate the explicit equipment assignment fields for the liquid pump and air MFC in the stream definitions.
N2-D9414DDD,openai,openai,Qwen3.8-27B,qwen,One-shot,Photochemical oxidation,UO-03,APPLICABLE,2,False,MAJOR,HIGH,"Liquid stoichiometry is coherent, but gas stoichiometry/bookkeeping is materially under-specified within this criterion: the reported gas_actual_mL_min value appears to be mislabeled O2-at-STP volume rather than pressure-corrected channel flow, and O2 equivalents are not actually calculated despite being required. This is recoverable but needs correction before execution recordkeeping is acceptable.",$.delivered_final_outcome.streams[0].concentration_M | $.delivered_final_outcome.streams[0].contents | $.delivered_final_outcome.streams[0].flow_rate_mL_min | $.delivered_final_outcome.streams[1].gas_flow_sccm | $.delivered_final_outcome.streams[1].gas_flow_actual_mL_min | $.delivered_final_outcome.streams[1].molar_equiv,"Liquid feed: 0.1 M substrate, 0.01 M photocatalyst, 0.2 mL/min | Air feed: 1.0 sccm | Gas actual flow reported as 0.21 mL/min | Gas molar equivalents reported as 1.0","Stoichiometry and feed chemistry should explicitly and coherently report substrate and catalyst concentrations plus defensible oxygen delivery. For 1.0 sccm air at STP, O2 flow is 0.21 sccm STP, not 0.21 mL/min actual in-channel, and O2 equivalents should be calculated against substrate molar flow.","Explicitly calculate substrate molar flow, O2 molar flow from 21 mol% air at STP, and O2 equivalents; relabel STP vs actual channel gas flows correctly."
N2-D9414DDD,openai,openai,Qwen3.8-27B,qwen,One-shot,Photochemical oxidation,UO-04,APPLICABLE,3,False,MINOR,MEDIUM,"Condition mapping is largely faithful: correct mixing order, temperature, wavelength, single photoreactive stage, and stated gauge pressure. Minor issue: the role and physical placement of the BPR are implied rather than explicitly listed in the stage sequence, and separator pressure is ambiguously shown as 3 bar although it is downstream of pressure release in many layouts.",$.delivered_final_outcome.chemistry_and_operations.pre_reactor_steps | $.delivered_final_outcome.stages | $.delivered_final_outcome.parameters.BPR_basis | $.delivered_final_outcome.parameters.temperature_C | $.delivered_final_outcome.parameters.wavelength_nm,Mix gas and liquid immediately before photoreactor | 420 nm irradiation | 21.0 C | BPR at 3.0 bar gauge | Single reactive stage in reactor_photo_100,Chemistry-critical conditions should faithfully map the batch conditions and enforce mixer-before-reactor with declared pressure basis and photochemical stage assignment.,State explicitly that the BPR is installed after reactor_photo_100 and before/with downstream pressure release into separator handling.
N2-D9414DDD,openai,openai,Qwen3.8-27B,qwen,One-shot,Photochemical oxidation,UO-05,APPLICABLE,2,False,MAJOR,HIGH,"The design is close to executable, but the explicit topology omits the required BPR as a unit operation even though 3 bar operation depends on it. Because pressure control is chemistry-critical and physically necessary for the stated operating point, the topology documentation requires revision before execution.",$.delivered_final_outcome.topology | $.delivered_final_outcome.stages | $.delivered_final_outcome.chemistry_and_operations.post_reactor_steps | $.delivered_final_outcome.chemistry_and_operations.pre_reactor_steps,Named order in narrative: mixer -> reactor -> separator -> vent/collect | BPR set in parameters and startup steps but absent from explicit topology/stages | Collection vessel and enclosure named only in narrative,"Executable topology must explicitly connect pump/MFC feeds to mixer, then reactor, then BPR, then separator, then vent/collector/waste in physically executable order using inventory equipment_ids.",Provide an explicit connected sequence with equipment_ids: pump_photo_liquid + mfc_air_10 -> mixer_photo_t -> reactor_photo_100 -> bpr_photo_3 -> separator_photo_gl -> gas to safety_photo_enclosure / liquid to collector_photo_100.
N2-D9414DDD,openai,openai,Qwen3.8-27B,qwen,One-shot,Photochemical oxidation,UO-06,APPLICABLE,3,False,MINOR,HIGH,"Liquid material balance is numerically coherent: 0.1 M at 0.2 mL/min gives 0.02 mmol/min substrate, and 0.01 M gives 0.002 mmol/min catalyst (10 mol%). Minor defect: those molar flows are not explicitly stated in the delivered record.",$.delivered_final_outcome.streams[0].flow_rate_mL_min | $.delivered_final_outcome.streams[0].concentration_M | $.delivered_final_outcome.streams[0].contents | $.delivered_final_outcome.parameters.flow_rate_mL_min | $.deterministic_verification_sheet.top_level_volume_flow_time_closure,Liquid flow = 0.2 mL/min | Substrate concentration = 0.1 M | Photocatalyst concentration = 0.01 M | Q*tau closure passes: 1.0 mL = 0.2 mL/min * 5.0 min,Liquid concentrations and flow rates should reproduce component molar flows and throughput consistently.,Add explicit substrate and photocatalyst molar flow calculations to the report.
N2-D9414DDD,openai,openai,Qwen3.8-27B,qwen,One-shot,Photochemical oxidation,UO-07,APPLICABLE,4,False,NONE,HIGH,The design correctly uses the required liquid-basis residence time and closes numerically with the declared reactor volume.,$.delivered_final_outcome.parameters.reactor_volume_mL | $.delivered_final_outcome.parameters.flow_rate_mL_min | $.delivered_final_outcome.parameters.residence_time_min | $.deterministic_verification_sheet.top_level_volume_flow_time_closure | $.deterministic_verification_sheet.reported_reactor_volume_matches_declared,Reactor volume = 1.0 mL | Liquid flow = 0.2 mL/min | Residence time = 5.0 min | Verification closure relative error = 0.0,Residence time and geometry should close on the liquid-phase basis using the 1.0 mL reactor and 0.2 mL/min liquid flow.,
N2-D9414DDD,openai,openai,Qwen3.8-27B,qwen,One-shot,Photochemical oxidation,UO-08,APPLICABLE,1,False,MAJOR,HIGH,"This criterion has a major bookkeeping failure: STP and in-channel gas flows are conflated, absolute pressure is omitted despite being explicitly required, and oxygen equivalents are not calculated. The design may still be screenable after correction, but the current delivered gas accounting is not adequate.",$.case_context.hard_constraints | $.delivered_final_outcome.parameters.BPR_basis | $.delivered_final_outcome.parameters.pressure_absolute_bar | $.delivered_final_outcome.streams[1].gas_flow_sccm | $.delivered_final_outcome.streams[1].gas_flow_actual_mL_min | $.delivered_final_outcome.streams[1].contents | $.delivered_final_outcome.streams[1].molar_equiv,Gas process = true | Air inlet flow = 1.0 sccm | Gas actual flow reported = 0.21 mL/min | Pressure basis stated as 3.0 bar gauge | Absolute pressure not reported | O2 equivalents not calculated,"For 1.0 sccm air, report inlet/STP flow, convert to O2 molar flow using 21 mol% O2, state absolute pressure distinctly from gauge, and report pressure-corrected in-channel gas flow separately from STP values. At 3 bar gauge the channel absolute pressure is approximately 4 bar absolute, so total gas volumetric flow in-channel is about 0.25 mL/min and O2 partial volumetric contribution about 0.0525 mL/min (idealized, same temperature basis).","State pressure as 3 bar gauge = approximately 4 bar absolute; report air inlet as 1.0 sccm STP, calculate total in-channel gas flow at reactor pressure, calculate O2 molar flow from 21 mol% air, and report O2 equivalents versus 0.02 mmol/min substrate."
N2-D9414DDD,openai,openai,Qwen3.8-27B,qwen,One-shot,Photochemical oxidation,UO-09,NOT_APPLICABLE,,False,NONE,HIGH,The case explicitly indicates multistage_process=false.,$.case_context.applicability.multistage_process,multistage_process = false,N/A only because the case is not a multistage reactive process.,
N2-D9414DDD,openai,openai,Qwen3.8-27B,qwen,One-shot,Photochemical oxidation,UO-10,APPLICABLE,3,False,MINOR,HIGH,"Selected equipment is inventory-feasible and operating points are within stated limits. Minor defect: not every item is referenced in a single explicit equipment list with equipment_ids, and some assignments are only narrative.",$.case_context.authoritative_inventory | $.delivered_final_outcome.chemistry_and_operations.pre_reactor_steps | $.delivered_final_outcome.stages | $.delivered_final_outcome.safety_controls,pump_photo_liquid at 0.2 mL/min within 0.01-1.0 | mfc_air_10 at 1.0 sccm within 0.1-10 | mixer_photo_t total inlet rates within limit | reactor_photo_100 volume/wavelength/temperature compatible | bpr_photo_3 setpoint 3.0 bar available | separator_photo_gl and collector_photo_100 available,All selected equipment must exist in inventory and be operated within declared limits.,Add a complete inventory selection table listing all equipment_ids and their connections.
N2-D9414DDD,openai,openai,Qwen3.8-27B,qwen,One-shot,Photochemical oxidation,UO-11,APPLICABLE,2,False,MAJOR,MEDIUM,"Nothing appears physically impossible, and the conservative flow rates are likely workable, but support is thin. The report does not adequately distinguish reactor-pressure multiphase transport from downstream vented separation or discuss any anti-plugging/phase-management basis beyond a generic statement. This is a material but recoverable engineering documentation gap.",$.delivered_final_outcome.chemistry_and_operations.chemistry_notes | $.delivered_final_outcome.safety_controls | $.delivered_final_outcome.evidence_and_reasoning.reasoning_per_field.streams | $.delivered_final_outcome.parameters.multiphase_metrics | $.delivered_final_outcome.parameters.heat_transfer_metrics,"General statement that pressure helps gas-liquid contact | No quantitative discussion of gas fraction, slug flow, pressure drop, or separator pressure release arrangement | No heat-transfer or multiphase metrics supplied","Physical plausibility should address whether the gas-liquid flow regime, pressure control, and downstream disengagement are plausible at the proposed flow/pressure, at least qualitatively and without contradictory assumptions.","Add a brief physical-operability justification covering expected low total flow, likely manageable gas-liquid mixing in 1 mm ID PFA, pressure-maintained contact in the irradiated coil, and downstream controlled depressurization into the vented separator."
N2-D9414DDD,openai,openai,Qwen3.8-27B,qwen,One-shot,Photochemical oxidation,UO-12,APPLICABLE,2,False,MAJOR,HIGH,"Major hazards are recognized, but controls are not converted into sufficiently concrete operational safeguards. Given flammable solvent plus compressed oxidant and photochemical source, the startup/depressurization and vent-verification controls should be explicit.",$.delivered_final_outcome.safety_controls | $.delivered_final_outcome.chemistry_and_operations.pre_reactor_steps | $.delivered_final_outcome.chemistry_and_operations.post_reactor_steps | $.case_context.authoritative_inventory.safety_accessories[0],"Controls mention ventilation, enclosure, light shielding, and pressure-rated equipment | No explicit leak test, no explicit purge/containment sequence, no explicit overpressure/depressurization instruction, no explicit confirmation of vent path before startup","Hazards specific to oxygenated acetonitrile photochemistry under pressure should be converted into concrete controls: enclosure use, verified vent path, leak testing, pressure-safe startup, controlled depressurization, and compatibility checks.","Add explicit leak-test and vent-path verification, confirm operation inside safety_photo_enclosure, define controlled depressurization/shutdown steps, and specify not to isolate pressure between reactor and separator during shutdown."
N2-D9414DDD,openai,openai,Qwen3.8-27B,qwen,One-shot,Photochemical oxidation,UO-13,APPLICABLE,2,False,MAJOR,HIGH,"The operating procedure is partially reconstructable but not complete enough for robust execution. It lacks several required operational details, especially leak testing, explicit steady-state collection criteria, and controlled shutdown/depressurization.",$.delivered_final_outcome.chemistry_and_operations.pre_reactor_steps | $.delivered_final_outcome.chemistry_and_operations.post_reactor_steps | $.delivered_final_outcome.streams | $.delivered_final_outcome.reported_disposition,"Feed preparation, priming, startup, approximate steady-state wait, collection, stop flows, and acetonitrile flush are included | No explicit feed quantities for making the solution | No leak test | No steady-state qualification criterion beyond time | No detailed emergency shutdown or depressurization sequence | No waste handling details","Procedure should be reproducible and include feed prep, leak testing, priming, startup, steady-state qualification, collection window, shutdown/depressurization, quench or post-processing as relevant, and waste handling.","Expand the SOP with exact feed preparation quantities, leak test, startup order with pressure establishment, criterion for steady state (e.g., ≥1 reactor volume after stable pressure/flows), collection duration, controlled BPR depressurization, and liquid/gas waste handling."
N2-D9414DDD,openai,openai,Qwen3.8-27B,qwen,One-shot,Photochemical oxidation,UO-14,APPLICABLE,3,False,MINOR,HIGH,"The SCREEN disposition is appropriate and conservative. Minor calibration issue: 'HIGH' confidence is somewhat overstated given unresolved gas-bookkeeping and procedural gaps, but there is no invented evidence or improper EXECUTE recommendation.",$.delivered_final_outcome.reported_disposition | $.delivered_final_outcome.disposition_rationale | $.delivered_final_outcome.evidence_and_reasoning.reasoning_per_field.confidence | $.case_context.hard_constraints,Reported disposition: SCREEN | Rationale: requires experimental validation of mass transfer and RTD | Confidence stated as HIGH,Evidence and uncertainty should be represented honestly; SCREEN is appropriate unless inventory cannot support safe design. Confidence should be proportionate to unresolved gaps.,Downgrade confidence to MEDIUM or explicitly bound confidence to inventory fit rather than execution completeness.
N2-93353F12,openai,openai,Qwen3.8-27B,qwen,One-shot,Photochemical oxidation,UO-01,APPLICABLE,4,False,NONE,HIGH,"The delivered design preserves the intended substrate, catalyst, solvent, oxidant, photochemical modality, and gas-liquid flow regime without unsupported substitution.",$.case_context.protocol | $.delivered_final_outcome.streams[0].contents[0] | $.delivered_final_outcome.parameters.wavelength_nm | $.delivered_final_outcome.parameters.temperature_C | $.delivered_final_outcome.chemistry_and_operations.chemistry_notes,"Substrate/feed: Fmoc-L-methionine with 4,7-diphenyl-2,1,3-benzothiadiazole in acetonitrile | Oxidant/feed gas: clean dry air | Photochemical modality at 420 nm, 21 C | Gas-liquid mixing before irradiated coil","Preserve aerobic photocatalytic oxidation of Fmoc-L-methionine in acetonitrile with the stated photocatalyst, air, 420 nm irradiation, and gas-liquid photochemical regime.",
N2-93353F12,openai,openai,Qwen3.8-27B,qwen,One-shot,Photochemical oxidation,UO-02,APPLICABLE,3,False,MINOR,HIGH,"All required materials are present and correctly assigned. Minor defect: the feed preparation does not explicitly restate the photocatalyst loading numerically in the procedural step, though it is stated elsewhere in the outcome.",$.delivered_final_outcome.streams[0].contents[0] | $.delivered_final_outcome.streams[1].contents[0] | $.delivered_final_outcome.chemistry_and_operations.pre_reactor_steps | $.delivered_final_outcome.parameters.deoxygenation_method,Liquid feed includes Fmoc-L-methionine and photocatalyst in acetonitrile | Gas feed is clean dry air via MFC | No degassing specified; deoxygenation_method=null,"All required reactive materials should be present and correctly assigned: Fmoc-L-methionine, 4,7-diphenyl-2,1,3-benzothiadiazole at 10 mol%, acetonitrile, and air, with no degassing requirement.",State explicitly in the feed-preparation procedure that the photocatalyst is charged at 10 mol% relative to Fmoc-L-methionine.
N2-93353F12,openai,openai,Qwen3.8-27B,qwen,One-shot,Photochemical oxidation,UO-03,APPLICABLE,2,False,MAJOR,HIGH,"The concentrations and feed compatibility are otherwise coherent, but the required oxygen-equivalent bookkeeping is not actually calculated or reported correctly. Reporting the air stream as 1.0 equivalent with no basis is a material omission because oxygen stoichiometry is a stated hard constraint for this gas-reagent process.",$.delivered_final_outcome.streams[0].concentration_M | $.delivered_final_outcome.streams[1].gas_flow_sccm | $.delivered_final_outcome.streams[1].molar_equiv | $.delivered_final_outcome.streams[1].molar_equiv_basis | $.delivered_final_outcome.evidence_and_reasoning.reasoning_per_field.streams,Liquid concentration = 0.1 M | Liquid flow = 0.1 mL/min | Air flow = 1.0 sccm | Air stream molar_equiv reported as 1.0 with empty basis | Gas actual flow reported as 0.24 mL/min at 3 bar,"Stoichiometry and feed chemistry should explicitly and coherently report reagent equivalents, including oxygen equivalents from 21 mol% O2 in air, on a clear molar basis relative to substrate. At 0.1 mL/min of 0.1 M substrate, substrate flow is 0.01 mmol/min; 1.0 sccm air at STP is about 0.0446 mmol/min air, giving about 0.00937 mmol/min O2, or ~0.94 equiv O2 per minute relative to substrate feed.","Calculate and report substrate molar flow, air molar flow at stated STP basis, O2 molar flow using 21 mol% O2, and O2 equivalents relative to substrate feed."
N2-93353F12,openai,openai,Qwen3.8-27B,qwen,One-shot,Photochemical oxidation,UO-04,APPLICABLE,2,False,MAJOR,HIGH,"Most chemistry-critical conditions are mapped correctly, but the outcome leaves the absolute pressure unstated even though gas calculations depend on it and the hard constraints require stating whether pressure is absolute or gauge. Using gauge is acceptable if absolute pressure is then given explicitly (~4.0 bar abs at 1 bar atmosphere).",$.delivered_final_outcome.parameters.BPR_basis | $.delivered_final_outcome.parameters.pressure_absolute_bar | $.delivered_final_outcome.chemistry_and_operations.pre_reactor_steps | $.delivered_final_outcome.stages[0].pressure_bar | $.case_context.hard_constraints[3],"BPR basis stated as gauge | pressure_absolute_bar = null | 3.0 bar used in stages | Mixer before reactor, irradiation at 420 nm, 21 C","Condition mapping should state the available 3 bar BPR setpoint and whether pressure is absolute or gauge, and for gas calculations the absolute in-channel pressure should be made explicit. Temperature, wavelength, mixing order, and stage order should match protocol and constraints.",Report the corresponding absolute pressure used for in-channel gas calculations and keep it consistent across gas-flow calculations.
N2-93353F12,openai,openai,Qwen3.8-27B,qwen,One-shot,Photochemical oxidation,UO-05,APPLICABLE,3,False,MINOR,HIGH,"The topology is nearly executable and uses the correct inventory items in the correct order. Minor defect: the placement of the BPR relative to separator/collector is not explicitly connected in the written topology, even though operation at 3 bar is claimed.",$.delivered_final_outcome.chemistry_and_operations.pre_reactor_steps | $.delivered_final_outcome.chemistry_and_operations.post_reactor_steps | $.delivered_final_outcome.stages | $.delivered_final_outcome.topology,Air supply -> mfc_air_10 -> mixer_photo_t | Liquid feed -> pump_photo_liquid -> mixer_photo_t | Mixer output -> reactor_photo_100 -> separator_photo_gl -> collector_photo_100 | Gas vented to safety_photo_enclosure,"Executable order should include feed delivery, gas-liquid mixing before reactor, irradiated reactor, pressure control, separation, venting, collection, and waste/vent routing in a physically connected sequence.","Explicitly place bpr_photo_3 in the flow path, e.g., reactor outlet to bpr_photo_3 to separator_photo_gl, or otherwise define the pressure-control location consistently with separator operation."
N2-93353F12,openai,openai,Qwen3.8-27B,qwen,One-shot,Photochemical oxidation,UO-06,APPLICABLE,3,False,MINOR,HIGH,"The liquid material balance is coherent and dimensionally valid. Minor defect: component molar flows and catalyst molar flow are not explicitly tabulated, though they are straightforward from the reported numbers.",$.delivered_final_outcome.parameters.flow_rate_mL_min | $.delivered_final_outcome.parameters.concentration_M | $.delivered_final_outcome.parameters.reactor_volume_mL | $.delivered_final_outcome.deterministic_verification_sheet.top_level_volume_flow_time_closure,Liquid flow = 0.1 mL/min | Concentration = 0.1 M | Reactor volume = 1.0 mL | Q*tau closure passes exactly,"Liquid concentrations and flow rates should reproduce coherent molar flows and reactor throughput. Here, 0.1 M × 0.1 mL/min = 0.01 mmol/min substrate feed, and 1.0 mL / 0.1 mL/min = 10 min liquid residence time.",Add explicit molar-flow values for substrate and photocatalyst in the stream table.
N2-93353F12,openai,openai,Qwen3.8-27B,qwen,One-shot,Photochemical oxidation,UO-07,APPLICABLE,4,False,NONE,HIGH,The design correctly uses liquid contact residence time and closes exactly with the declared reactor volume and liquid flow.,$.delivered_final_outcome.parameters.reactor_volume_mL | $.delivered_final_outcome.parameters.flow_rate_mL_min | $.delivered_final_outcome.parameters.residence_time_basis | $.delivered_final_outcome.parameters.residence_time_min | $.delivered_final_outcome.deterministic_verification_sheet.top_level_volume_flow_time_closure,"Reactor volume = 1.0 mL | Liquid flow = 0.1 mL/min | Residence time basis = liquid contact time | Residence time = 10.0 min | Verification sheet Q*tau = 1.0 mL, zero relative error","Residence time should be defined from liquid flow and 1.0 mL reactor volume, not total gas-plus-liquid volumetric flow, and should numerically close.",
N2-93353F12,openai,openai,Qwen3.8-27B,qwen,One-shot,Photochemical oxidation,UO-08,APPLICABLE,2,False,MAJOR,HIGH,"The candidate distinguishes inlet and pressure-corrected gas flow and uses a plausible corrected actual flow, but fails to state the absolute pressure explicitly and does not perform the required oxygen-equivalent calculation. This is a material but recoverable gas-bookkeeping defect.",$.delivered_final_outcome.parameters.BPR_basis | $.delivered_final_outcome.parameters.pressure_absolute_bar | $.delivered_final_outcome.streams[1].gas_flow_sccm | $.delivered_final_outcome.streams[1].gas_flow_actual_mL_min | $.delivered_final_outcome.streams[1].molar_equiv | $.delivered_final_outcome.evidence_and_reasoning.reasoning_per_field.streams | $.case_context.hard_constraints[4],Gas identity: clean dry air | Inlet gas flow: 1.0 sccm | Pressure-corrected actual gas flow reported: 0.24 mL/min | BPR basis: gauge | Absolute pressure not reported | Oxygen equivalents not calculated from 21 mol% O2,"For a gas-using design, report gas identity, STP/inlet basis, absolute pressure, pressure-corrected in-channel flow, and O2 molar flow/equivalents from 21 mol% oxygen. If 3.0 bar gauge is used, in-channel pressure is ~4.0 bar absolute; then 1.0 sccm air corresponds to ~0.25 mL/min actual gas in-channel, subject to stated temperature basis. O2 flow is ~0.00937 mmol/min and ~0.94 equiv vs 0.01 mmol/min substrate.","State the STP basis, report absolute in-channel pressure, and calculate air molar flow, O2 molar flow from 21 mol% O2, and O2 equivalents relative to substrate."
N2-93353F12,openai,openai,Qwen3.8-27B,qwen,One-shot,Photochemical oxidation,UO-09,NOT_APPLICABLE,,False,NONE,HIGH,The process contains a single reactive photochemical stage; multistage closure is not applicable under the rubric.,$.case_context.applicability.multistage_process,multistage_process = false,UO-09 applies only to more-than-one-reactive-stage processes.,
N2-93353F12,openai,openai,Qwen3.8-27B,qwen,One-shot,Photochemical oxidation,UO-10,APPLICABLE,2,False,MAJOR,HIGH,"All required equipment appears to exist and the operating points are within limits, but the BPR is referenced with a case-mismatched/nonexistent equipment_id string ('BPR_photo_3' instead of 'bpr_photo_3'), violating the exact-ID constraint. This is material for strict inventory assignment but easily corrected.",$.case_context.authoritative_inventory.pressure_controllers[0].equipment_id | $.delivered_final_outcome.chemistry_and_operations.pre_reactor_steps[5] | $.delivered_final_outcome.topology.inventory_selection | $.delivered_final_outcome.stages | $.case_context.hard_constraints[7],Procedure names 'BPR_photo_3' | Authoritative inventory equipment_id is 'bpr_photo_3' | topology.inventory_selection is empty | Most other hardware names match inventory IDs,"Every selected equipment item should exist in the authoritative inventory and be named by exact inventory equipment_id, with operating points inside hardware limits.","Use exact authoritative equipment_id strings everywhere, especially 'bpr_photo_3', and populate the selected equipment mapping explicitly."
N2-93353F12,openai,openai,Qwen3.8-27B,qwen,One-shot,Photochemical oxidation,UO-11,APPLICABLE,3,False,MINOR,MEDIUM,"The proposed gas-liquid operation is physically plausible at the stated flows and dimensions, and the candidate appropriately frames the design as a screen. Minor defect: no discussion of possible slug/annular regime, pressure drop, or separator behavior after depressurization, though nothing reported is implausible.",$.delivered_final_outcome.chemistry_and_operations.chemistry_notes | $.delivered_final_outcome.parameters.mixing_order_reasoning | $.delivered_final_outcome.streams[1].gas_flow_actual_mL_min | $.delivered_final_outcome.safety_controls,Gas-liquid dispersion in 1.0 mm coil asserted | Actual gas flow ~0.24 mL/min at pressure | Liquid flow 0.1 mL/min | Conservative extended residence time to address mass transfer uncertainty,"Phase behavior and transport assumptions should be physically plausible and qualified appropriately for a small gas-liquid photocoil at the stated pressure, flow, and temperature.",Add a brief note that flow regime and pressure drop are expected to be manageable at these low flows but should be visually confirmed during screening.
N2-93353F12,openai,openai,Qwen3.8-27B,qwen,One-shot,Photochemical oxidation,UO-12,APPLICABLE,2,False,MAJOR,HIGH,"Major hazards are recognized, and core containment hardware is used, but the controls remain high level. Necessary concrete controls for pressurized air/acetonitrile photochemistry—especially leak testing, controlled depressurization, and explicit vent handling—are under-specified.",$.delivered_final_outcome.safety_controls | $.delivered_final_outcome.chemistry_and_operations.post_reactor_steps | $.delivered_final_outcome.chemistry_and_operations.pre_reactor_steps | $.case_context.authoritative_inventory.safety_accessories[0].capabilities,"Controls listed for oxygen-enriched organic stream, acetonitrile vapor, and high-intensity light | Vented gas-liquid separator and enclosure used | No explicit leak test, purge sequence, overpressure response, or shutdown interlock actions described","Hazard controls should convert identified oxygen/solvent/light/pressure hazards into concrete controls such as enclosure use, venting, leak checks, pressure-rated connections, startup/shutdown sequencing, and relief/depressurization handling.","Add concrete controls: pressure/leak test before irradiation, verify vent path through enclosure, depressurize before disconnection, keep ignition sources away from vented acetonitrile/air stream, and define emergency light-off/gas-off/pump-off sequence."
N2-93353F12,openai,openai,Qwen3.8-27B,qwen,One-shot,Photochemical oxidation,UO-13,APPLICABLE,1,True,CRITICAL,HIGH,"The delivered instructions are not sufficiently complete to reconstruct safe execution of the screen. For this pressurized gas-liquid photochemical setup, omission of leak testing and shutdown/depressurization creates an immediate execution hazard, which matches the criterion-specific critical condition.",$.delivered_final_outcome.chemistry_and_operations.pre_reactor_steps | $.delivered_final_outcome.chemistry_and_operations.post_reactor_steps | $.delivered_final_outcome.reported_disposition,Startup steps are abbreviated | No leak-test step | No steady-state qualification criterion | No explicit normal shutdown/depressurization sequence | No emergency shutdown procedure | No waste handling instructions beyond vent/collect,"The procedure should be reconstructable and include feed preparation details, priming, leak testing, startup order, steady-state qualification, collection timing, normal and emergency shutdown, depressurization, and waste handling sufficient for safe execution of a pressurized gas-liquid photochemical screen.","Provide a complete stepwise operating procedure covering exact feed preparation quantities, priming, leak test, startup order, when to begin collection after reaching steady state, normal shutdown with light-off then gas/liquid stop and depressurization, emergency shutdown, and waste/vent handling."
N2-93353F12,openai,openai,Qwen3.8-27B,qwen,One-shot,Photochemical oxidation,UO-14,APPLICABLE,3,False,MINOR,HIGH,The candidate appropriately returns SCREEN and avoids guaranteeing batch yield transfer. Minor defect: 'High confidence in safety and feasibility' is somewhat stronger than warranted given the missing procedural and gas-bookkeeping details.,$.delivered_final_outcome.reported_disposition | $.delivered_final_outcome.disposition_rationale | $.delivered_final_outcome.evidence_and_reasoning.reasoning_per_field.confidence | $.case_context.hard_constraints[8],"Reported disposition = SCREEN | States yield requires experimental validation | Confidence high for feasibility/safety, medium for yield","Evidence, assumptions, and uncertainty should be represented honestly; SCREEN is appropriate unless inventory cannot support a safe design. Unresolved defects should not be hidden behind overconfident claims.",Temper confidence statements to reflect unresolved procedural and gas-accounting gaps until corrected.
N2-471087C0,openai,openai,Qwen3.8-27B,qwen,One-shot,Photochemical oxidation,UO-01,APPLICABLE,4,False,NONE,HIGH,"The delivered design keeps the intended substrate, photocatalyst, solvent, oxidant, irradiation wavelength, and photochemical gas-liquid modality. No unsupported catalyst or modality substitution is introduced.",$.case_context.protocol | $.delivered_final_outcome.streams[0].contents[0] | $.delivered_final_outcome.parameters.wavelength_nm | $.delivered_final_outcome.parameters.temperature_C | $.delivered_final_outcome.parameters.reactor_type,"Fmoc-L-methionine with 4,7-diphenyl-2,1,3-benzothiadiazole in acetonitrile | air reagent used | 420 nm photochemical coil | 21.0 C | photocatalytic aerobic oxidation to sulfoxide implied","Preserve substrate/product class, photocatalyst strategy, aerobic photochemical oxidation modality, acetonitrile solution, and gas-liquid photochemical regime without unsupported substitution.",
N2-471087C0,openai,openai,Qwen3.8-27B,qwen,One-shot,Photochemical oxidation,UO-02,APPLICABLE,3,False,MINOR,HIGH,"All required materials are present and assigned consistently. Minor defect: catalyst loading is stated in prose but not structured as a dedicated numeric field in streams, which slightly reduces reproducibility but does not change execution.",$.case_context.protocol | $.delivered_final_outcome.streams[0].contents[0] | $.delivered_final_outcome.streams[1].contents[0] | $.delivered_final_outcome.chemistry_and_operations.pre_reactor_steps,Liquid feed contains Fmoc-L-methionine and photocatalyst in acetonitrile at 0.1 M | Air feed present | No degasser included,"All required reactive components should be explicitly present and correctly assigned: Fmoc-L-methionine, 4,7-diphenyl-2,1,3-benzothiadiazole at 10 mol%, acetonitrile, and air.",State photocatalyst concentration or mmol/L explicitly in the structured feed definition in addition to 10 mol%.
N2-471087C0,openai,openai,Qwen3.8-27B,qwen,One-shot,Photochemical oxidation,UO-03,APPLICABLE,2,False,MAJOR,HIGH,"The substrate molar flow is inferable (0.01 mmol/min), and air is present in excess, but the required oxygen-equivalent bookkeeping is not actually reported. The stated gas_flow_actual_mL_min of 0.21 mL/min appears to be oxygen-only at pressure-corrected conditions rather than total in-channel air flow, and molar_equiv = 1.0 is inconsistent with the actual excess oxygen supplied. This is a material but recoverable stoichiometric reporting defect.",$.delivered_final_outcome.parameters.flow_rate_mL_min | $.delivered_final_outcome.streams[0].concentration_M | $.delivered_final_outcome.streams[1].gas_flow_sccm | $.delivered_final_outcome.streams[1].gas_flow_actual_mL_min | $.delivered_final_outcome.streams[1].molar_equiv | $.case_context.hard_constraints[4],Liquid flow = 0.1 mL/min | Substrate concentration = 0.1 M | Air inlet flow = 1.0 sccm | Reported gas_flow_actual_mL_min = 0.21 | Reported air molar_equiv = 1.0,"Feed compositions and stoichiometry should explicitly close, including oxygen equivalents derived from 21 mol% O2 in air and a correct distinction between inlet/STP gas flow and pressure-corrected in-channel gas flow.","Report substrate molar flow, total air flow at inlet/STP, total in-channel air volumetric flow at 3.0 barg (or 4.0 bar abs), oxygen molar flow using 21 mol% O2, and the resulting O2 equivalents versus substrate."
N2-471087C0,openai,openai,Qwen3.8-27B,qwen,One-shot,Photochemical oxidation,UO-04,APPLICABLE,3,False,MINOR,HIGH,"The design correctly maps key conditions and stage order. Minor weakness: startup wording turns on LED before explicit confirmation of steady two-phase flow and pressurization, which is suboptimal operational sequencing but not a chemistry-fidelity failure.",$.delivered_final_outcome.chemistry_and_operations.pre_reactor_steps | $.delivered_final_outcome.parameters.BPR_bar | $.delivered_final_outcome.parameters.BPR_basis | $.delivered_final_outcome.parameters.temperature_C | $.delivered_final_outcome.parameters.wavelength_nm | $.delivered_final_outcome.stages,Air mixed before photoreactor | BPR set to 3.0 bar gauge | 21.0 C | 420 nm irradiation | Separator and collector placed after reactor,"Chemistry-critical ordering and conditions should match the intended aerobic photochemical oxidation: premixed liquid feed, gas-liquid mixing before irradiation, 420 nm light, 21 C, and correct pressure basis stated.",Clarify startup order so liquid/gas flow and pressure stabilization precede irradiation.
N2-471087C0,openai,openai,Qwen3.8-27B,qwen,One-shot,Photochemical oxidation,UO-05,APPLICABLE,2,False,MAJOR,HIGH,"A broadly executable order is described, but the BPR is a required unit operation for maintaining the stated 3 bar operating point and is not explicitly included in the staged topology between reactor and separator. The structured topology is therefore materially incomplete even though prose implies its presence.",$.delivered_final_outcome.stages | $.delivered_final_outcome.chemistry_and_operations.pre_reactor_steps | $.delivered_final_outcome.chemistry_and_operations.post_reactor_steps | $.delivered_final_outcome.topology | $.delivered_final_outcome.streams[0].pump_equipment_id | $.delivered_final_outcome.streams[1].pump_equipment_id,Mixer -> reactor -> separator -> collector described | BPR referenced in prose but not placed in stage topology | Selected equipment ids for pump/MFC not bound in stream pump_equipment_id fields,"Executable topology should include feed source via pump_photo_liquid and mfc_air_10 to mixer_photo_t, then reactor_photo_100, then bpr_photo_3, then separator_photo_gl, then collector_photo_100, with waste/vent routing explicit.","Insert bpr_photo_3 explicitly after reactor_photo_100 and before separator_photo_gl in the topology/stages, and bind pump_photo_liquid and mfc_air_10 explicitly to the corresponding feeds."
N2-471087C0,openai,openai,Qwen3.8-27B,qwen,One-shot,Photochemical oxidation,UO-06,APPLICABLE,3,False,MINOR,HIGH,"Liquid-side flow/volume/time closure is correct and dimensionally valid. Minor defect: the structured output does not explicitly calculate component molar flows for substrate and catalyst, though they are easy to infer and do not impede screening execution.",$.delivered_final_outcome.parameters.flow_rate_mL_min | $.delivered_final_outcome.streams[0].concentration_M | $.delivered_final_outcome.deterministic_verification_sheet.top_level_volume_flow_time_closure | $.delivered_final_outcome.parameters.residence_time_min,0.1 mL/min liquid flow | 0.1 M substrate concentration | Q*tau = 1.0 mL passes | Residence time reported = 10.0 min,Liquid concentration and flow should reproduce a coherent liquid molar throughput and total liquid flow; dimensionally valid closure is required.,Add explicit liquid molar flow values for substrate and photocatalyst in mmol/min.
N2-471087C0,openai,openai,Qwen3.8-27B,qwen,One-shot,Photochemical oxidation,UO-07,APPLICABLE,4,False,NONE,HIGH,The design follows the required liquid-contact residence-time basis and numerically closes exactly with the declared reactor volume.,$.delivered_final_outcome.parameters.reactor_volume_mL | $.delivered_final_outcome.parameters.flow_rate_mL_min | $.delivered_final_outcome.parameters.residence_time_basis | $.delivered_final_outcome.parameters.residence_time_min | $.delivered_final_outcome.deterministic_verification_sheet.top_level_volume_flow_time_closure,Reactor volume = 1.0 mL | Liquid flow = 0.1 mL/min | Residence time basis = liquid phase volume over liquid flow rate | Residence time = 10.0 min | Verification sheet Q*tau = 1.0 mL,Residence time and reactor geometry must close numerically using the 1.0 mL reactor and liquid-only residence-time basis.,
N2-471087C0,openai,openai,Qwen3.8-27B,qwen,One-shot,Photochemical oxidation,UO-08,APPLICABLE,1,True,CRITICAL,HIGH,"This criterion has a criterion-specific critical condition: gas molar flow, equivalents, or residence-time basis physically inconsistent. The candidate fails the required gas bookkeeping by omitting absolute pressure, misreporting/ambiguously reporting pressure-corrected flow as 0.21 mL/min, and giving 1.0 equivalent despite the actual oxygen excess implied by 1 sccm air versus 0.01 mmol/min substrate. These errors materially compromise gas handling interpretation.",$.case_context.hard_constraints[4] | $.delivered_final_outcome.parameters.BPR_bar | $.delivered_final_outcome.parameters.BPR_basis | $.delivered_final_outcome.parameters.pressure_absolute_bar | $.delivered_final_outcome.streams[1].gas_flow_sccm | $.delivered_final_outcome.streams[1].gas_flow_actual_mL_min | $.delivered_final_outcome.streams[1].molar_equiv,BPR = 3.0 bar gauge | pressure_absolute_bar = null | air inlet flow = 1.0 sccm | reported gas_flow_actual_mL_min = 0.21 mL/min | reported gas molar_equiv = 1.0,"For gas bookkeeping, report air identity, STP basis, absolute pressure, inlet flow, pressure-corrected in-channel gas flow distinctly from oxygen-only flow, and oxygen equivalents from 21 mol% O2.","State 3.0 barg = approximately 4.0 bar absolute, report 1.0 sccm air at inlet/STP, compute total in-channel air volumetric flow at operating pressure, then compute oxygen molar flow as 21% of air molar flow and report correct O2 equivalents versus substrate."
N2-471087C0,openai,openai,Qwen3.8-27B,qwen,One-shot,Photochemical oxidation,UO-09,NOT_APPLICABLE,,False,NONE,HIGH,"Per applicability metadata, multistage closure is not applicable.",$.case_context.applicability.multistage_process,multistage_process = false,N/A only because the process does not contain more than one reactive stage.,
N2-471087C0,openai,openai,Qwen3.8-27B,qwen,One-shot,Photochemical oxidation,UO-10,APPLICABLE,2,False,MAJOR,HIGH,"No hard equipment limit is exceeded, but the final structured selection omits explicit essential equipment assignment for the BPR and does not clearly instantiate several supporting items by equipment_id despite the hard constraint requiring this. Revision is needed for fully auditable inventory feasibility.",$.case_context.authoritative_inventory.pressure_controllers[0].equipment_id | $.case_context.authoritative_inventory.pumps[0].equipment_id | $.case_context.authoritative_inventory.gas_hardware[1].equipment_id | $.delivered_final_outcome.stages | $.delivered_final_outcome.streams[0].pump_role | $.delivered_final_outcome.streams[1].pump_role,"Uses inventory-compatible mixer, reactor, separator, collector | Refers to HPLC pump and air MFC by role | BPR required by inventory but not explicitly selected by equipment_id in stages","Every selected essential item should exist in inventory and be explicitly assigned by equipment_id within limits, including pump_photo_liquid, mfc_air_10, mixer_photo_t, reactor_photo_100, bpr_photo_3, separator_photo_gl, collector_photo_100, and compatible light/thermostat/enclosure.","Enumerate all essential hardware by exact equipment_id, especially bpr_photo_3, pump_photo_liquid, mfc_air_10, light_photo_420, controller_photo_thermostat, and safety_photo_enclosure."
N2-471087C0,openai,openai,Qwen3.8-27B,qwen,One-shot,Photochemical oxidation,UO-11,APPLICABLE,3,False,MINOR,MEDIUM,"The operating point is plausibly within equipment capabilities and physically conservative. Minor weakness: no explicit discussion of segmented-flow behavior, pressure drop, or whether gas disengagement before the BPR is prevented by topology, though nothing stated is physically impossible.",$.delivered_final_outcome.chemistry_and_operations.chemistry_notes | $.delivered_final_outcome.parameters.temperature_C | $.delivered_final_outcome.parameters.BPR_bar | $.delivered_final_outcome.parameters.flow_rate_mL_min | $.delivered_final_outcome.safety_controls,Acknowledges gas-liquid photochemistry and mass transfer limitations | 21 C | 3 bar gauge | 0.1 mL/min liquid / 1 sccm gas,"Transport and phase behavior assumptions should remain plausible, with pressure aiding gas dissolution and no obvious exceedance of mixer/reactor flow limits or temperature limits.",Briefly confirm the intended two-phase flow path remains pressurized through the reactor to the BPR and that the chosen gas/liquid ratio is an initial screen subject to observation for slug stability.
N2-471087C0,openai,openai,Qwen3.8-27B,qwen,One-shot,Photochemical oxidation,UO-12,APPLICABLE,2,False,MAJOR,HIGH,"The major hazards are partially recognized, but the controls remain generic and miss several concrete procedural controls needed for safe execution of a pressurized air/acetonitrile photochemical system. This is recoverable but material for a screening run.",$.delivered_final_outcome.safety_controls | $.delivered_final_outcome.chemistry_and_operations.pre_reactor_steps | $.delivered_final_outcome.chemistry_and_operations.post_reactor_steps | $.case_context.authoritative_inventory.safety_accessories[0].equipment_id,"Enclosure and vent mentioned for oxygen-enriched organic stream and light hazard | Acetonitrile vapor ventilation mentioned | No explicit leak test, purge logic, overpressure response, or confirmation of BPR-contained pressurized section","Major hazards should be translated into concrete controls including enclosure use, venting, compatibility, leak checking, pressurized gas-liquid containment to BPR, and emergency shutdown/depressurization steps.","Add explicit leak check before introducing air, define the enclosed pressurized section through bpr_photo_3, specify emergency LED-off/gas-off/liquid-off depressurization sequence, and confirm vent routing within safety_photo_enclosure."
N2-471087C0,openai,openai,Qwen3.8-27B,qwen,One-shot,Photochemical oxidation,UO-13,APPLICABLE,1,True,CRITICAL,HIGH,"This criterion has a criterion-specific critical condition because the experiment cannot be reconstructed from the delivered instructions without ambiguity in equipment assignment, pressure-control placement, steady-state collection timing, and shutdown/depressurization. The provided procedure is too sparse for safe reproducible execution.",$.delivered_final_outcome.chemistry_and_operations.pre_reactor_steps | $.delivered_final_outcome.chemistry_and_operations.post_reactor_steps | $.delivered_final_outcome.streams[0].pump_equipment_id | $.delivered_final_outcome.streams[1].pump_equipment_id | $.delivered_final_outcome.reported_disposition,Feed prep and some startup steps given | No explicit steady-state qualification or hold-up discard instructions | No explicit normal shutdown or emergency shutdown sequence | No reproducible work-up beyond collection and analysis | Essential equipment bindings omitted,"Procedure should be reconstructable with feed preparation, leak testing, priming, startup, steady-state qualification, collection, shutdown, depressurization, venting, and waste handling sufficiently specified.","Provide a stepwise operating procedure with exact equipment IDs, connection order including BPR, priming and leak test, pressurization before irradiation, discard volume or steady-state criterion, collection duration, normal shutdown, emergency shutdown, depressurization, and waste handling."
N2-471087C0,openai,openai,Qwen3.8-27B,qwen,One-shot,Photochemical oxidation,UO-14,APPLICABLE,3,False,MINOR,HIGH,The SCREEN disposition is appropriate and uncertainty is partly acknowledged. Minor overstatement remains in claiming high confidence/engine validation despite unresolved gas-bookkeeping and procedural defects.,$.delivered_final_outcome.reported_disposition | $.delivered_final_outcome.disposition_rationale | $.delivered_final_outcome.evidence_and_reasoning.reasoning_per_field.confidence | $.delivered_final_outcome.evidence_and_reasoning.literature_analogies,Disposition = SCREEN | Acknowledges need for experimental validation of mass transfer and RTD | Confidence stated HIGH | Uses generic literature analogies,"Evidence, assumptions, and uncertainty should be represented honestly; SCREEN is appropriate unless inventory prevents safe design.",Temper confidence to medium and explicitly flag gas-bookkeeping and procedural completion as pre-run validation needs.
N2-0CBFDC76,openai,openai,Qwen3.8-27B,qwen,FlowPilot,Photochemical oxidation,UO-01,APPLICABLE,4,False,NONE,HIGH,"The delivered design preserves the intended substrate, oxidation transformation, photocatalyst strategy, use of air as oxidant, and photochemical gas-liquid modality with no unsupported substitution.",$.delivered_final_outcome.chemistry_and_operations.chemistry_identity.reaction_name | $.delivered_final_outcome.chemistry_and_operations.stream_components[0] | $.delivered_final_outcome.chemistry_and_operations.stream_components[1] | $.delivered_final_outcome.chemistry_and_operations.stream_components[2] | $.delivered_final_outcome.parameters.wavelength_nm,"photocatalytic aerobic oxidation of Fmoc-L-methionine | substrate: Fmoc-L-methionine | photocatalyst: 4,7-diphenyl-2,1,3-benzothiadiazole, 10 mol% | oxidant/reagent gas: air | 420 nm","Preserve aerobic photochemical oxidation of Fmoc-L-methionine to sulfoxide using the stated organic photocatalyst, air, acetonitrile, and photochemical gas-liquid flow regime.",
N2-0CBFDC76,openai,openai,Qwen3.8-27B,qwen,FlowPilot,Photochemical oxidation,UO-02,APPLICABLE,4,False,NONE,HIGH,All required reactive and process materials are present and correctly assigned to the single premixed liquid feed and gas feed. No transformation-changing or unsafe extra reagent is introduced.,$.delivered_final_outcome.chemistry_and_operations.operating_procedure[0].instruction | $.delivered_final_outcome.chemistry_and_operations.operating_procedure[1].instruction | $.delivered_final_outcome.streams[0] | $.delivered_final_outcome.streams[1],"Stream A contains Fmoc-L-methionine, 4,7-diphenyl-2,1,3-benzothiadiazole, acetonitrile | Stream B is air via MFC | Liquid stream solvent: acetonitrile | No unsupported extra reactive component introduced","All required reagents/components present: Fmoc-L-methionine, 4,7-diphenyl-2,1,3-benzothiadiazole, acetonitrile, and air.",
N2-0CBFDC76,openai,openai,Qwen3.8-27B,qwen,FlowPilot,Photochemical oxidation,UO-03,APPLICABLE,3,False,MINOR,MEDIUM,"The liquid composition is coherent and compatible, and the photocatalyst loading matches 10 mol%. Air flow is quantified. Minor defect: the stream-level gas equivalence is labeled only as '1.0 equiv' for air, which is potentially ambiguous because the hard constraint specifically emphasizes oxygen equivalents from 21 mol% O2. The basis can be inferred from the reasoning text, but clearer explicit oxygen-equivalent labeling would improve stoichiometric clarity.",$.delivered_final_outcome.streams[0].concentration_M | $.delivered_final_outcome.streams[0].flow_rate_mL_min | $.delivered_final_outcome.streams[1].gas_flow_sccm | $.delivered_final_outcome.streams[1].molar_equiv | $.delivered_final_outcome.chemistry_and_operations.operating_procedure[0].instruction,Fmoc-L-methionine 0.10 M | Photocatalyst 0.01 M = 10 mol% | Liquid flow 0.31068 mL/min | Air 3.315802 sccm | Gas stream labeled as 1.0 equiv,Explicit coherent stoichiometry and compatible feed chemistry; oxygen-equivalent basis should be clear from 21 mol% O2 in air and sufficient for oxidation screening.,"State the oxygen equivalence explicitly as O2 equivalents relative to substrate at the main stream/parameter level, not only inferentially through air flow reasoning."
N2-0CBFDC76,openai,openai,Qwen3.8-27B,qwen,FlowPilot,Photochemical oxidation,UO-04,APPLICABLE,3,False,MINOR,MEDIUM,"The chemistry-critical conditions and order are correctly mapped: premixed liquid plus air through T-mixer before the photocoil, under 420 nm light at 21 C and 3 bar gauge. Minor defect: the source batch reference used 5 min irradiation time, while the chosen liquid contact time is 3.22 min as a conservative screen without an explicit chemistry rationale for shortening the exposure beyond inventory convenience. This is acceptable for a screen but is still a small departure from source time.",$.delivered_final_outcome.parameters.temperature_C | $.delivered_final_outcome.parameters.BPR_bar | $.delivered_final_outcome.parameters.BPR_basis | $.delivered_final_outcome.parameters.wavelength_nm | $.delivered_final_outcome.chemistry_and_operations.operating_procedure[13].instruction,21 C | 3.0 bar gauge | 420 nm | Gas admitted after liquid flow and checks are stable | Single reactive stage with gas-liquid mixing before photoreactor,"Faithful translation of chemistry-critical conditions: 21 C, 420 nm irradiation, air reagent, correct stage order, and declared 3 bar pressure basis.","Briefly justify the shortened flow contact time versus the 5 min batch reference, or adjust liquid flow to match 5 min if strict condition fidelity is desired."
N2-0CBFDC76,openai,openai,Qwen3.8-27B,qwen,FlowPilot,Photochemical oxidation,UO-05,APPLICABLE,4,False,NONE,HIGH,"The topology is physically executable and follows the required sequence with the correct feeds, mixer, reactor, BPR, separator, and collector.",$.delivered_final_outcome.topology.pid_description | $.delivered_final_outcome.topology.streams | $.delivered_final_outcome.topology.unit_operations,pump_photo_liquid -> mixer_photo_t | mfc_air_10 -> mixer_photo_t | mixer_photo_t -> reactor_photo_100 -> bpr_photo_3 -> separator_photo_gl -> collector_photo_100 | All selected unit operations assigned from inventory,"Executable order using the required gas-liquid mixer before the photoreactor, followed by pressure control, separation, and collection.",
N2-0CBFDC76,openai,openai,Qwen3.8-27B,qwen,FlowPilot,Photochemical oxidation,UO-06,APPLICABLE,4,False,NONE,HIGH,The single liquid feed composition and flow are internally consistent and reproduce the stated concentration basis and throughput. No dimensional inconsistency is evident.,$.delivered_final_outcome.streams[0].flow_rate_mL_min | $.delivered_final_outcome.streams[0].concentration_M | $.delivered_final_outcome.parameters.flow_rate_mL_min | $.delivered_final_outcome.evidence_and_reasoning.reasoning_per_field.flow_rate_mL_min,Liquid flow = 0.31068 mL/min | Substrate concentration = 0.10 M | Substrate molar flow implied = 0.031068 mmol/min | Single liquid feed equals total liquid flow,Liquid material balance should be dimensionally valid and internally consistent for the single premixed feed.,
N2-0CBFDC76,openai,openai,Qwen3.8-27B,qwen,FlowPilot,Photochemical oxidation,UO-07,APPLICABLE,4,False,NONE,HIGH,Residence-time closure is correct and explicitly uses the mandated liquid-only basis. The deterministic verification sheet confirms numerical closure.,$.delivered_final_outcome.parameters.reactor_volume_mL | $.delivered_final_outcome.parameters.flow_rate_mL_min | $.delivered_final_outcome.parameters.residence_time_min | $.deterministic_verification_sheet.top_level_volume_flow_time_closure,"Reactor volume = 1.0 mL | Liquid flow = 0.31068 mL/min | Residence time = 3.218746 min | Verification sheet calculated Q*tau = 1.00000001 mL, pass",Residence time and geometry must close numerically on the specified liquid-only basis.,
N2-0CBFDC76,openai,openai,Qwen3.8-27B,qwen,FlowPilot,Photochemical oxidation,UO-08,APPLICABLE,3,False,MINOR,HIGH,"The design correctly distinguishes inlet STP flow from pressure-corrected in-channel gas flow and states gauge and absolute pressure bases. Minor defect: oxygen equivalents are not explicitly calculated numerically in a dedicated field from 21 mol% O2, even though the selected air flow is consistent with approximately 0.7 equiv O2 relative to substrate rather than 1.0 equiv O2. The '1 equiv' wording appears imprecise for air/O2 basis but is not safety-critical here.",$.delivered_final_outcome.parameters.BPR_basis | $.delivered_final_outcome.parameters.pressure_absolute_bar | $.delivered_final_outcome.streams[1].gas_flow_sccm | $.delivered_final_outcome.streams[1].gas_flow_actual_mL_min | $.delivered_final_outcome.evidence_and_reasoning.reasoning_per_field.BPR_bar,BPR basis = gauge | Absolute pressure = 4.01325 bar | Air inlet flow = 3.315802 sccm at stated STP | Pressure-corrected in-channel gas flow = 0.901523 mL/min | Reasoning states oxygen supplied = 1 equiv,"For gas-using designs, distinguish gas identity, STP basis, inlet flow, in-channel corrected flow, absolute pressure, and oxygen-equivalent basis from 21 mol% O2 in air.",Add an explicit numeric oxygen-equivalent calculation from the air flow (21 mol% O2) and relabel the gas stream equivalence accordingly.
N2-0CBFDC76,openai,openai,Qwen3.8-27B,qwen,FlowPilot,Photochemical oxidation,UO-09,NOT_APPLICABLE,,False,NONE,HIGH,"The case explicitly marks multistage_process as false, so multistage closure is not applicable.",$.case_context.applicability.multistage_process | $.delivered_final_outcome.stages,multistage_process = false | stages = [],N/A only because the process is not multistage.,
N2-0CBFDC76,openai,openai,Qwen3.8-27B,qwen,FlowPilot,Photochemical oxidation,UO-10,APPLICABLE,3,False,MINOR,MEDIUM,"All essential equipment exists in inventory and the operating point appears within hardware limits. Minor reporting defects remain: the mixer's recorded total flow only reflects liquid flow rather than combined inlet volumetric flow, and one manifest settings subfield is null. These do not block execution because the actual process description and flows are otherwise clear and within capacity.",$.delivered_final_outcome.topology.instrument_manifest | $.case_context.authoritative_inventory.mixers[0].max_total_flow_mL_min | $.delivered_final_outcome.topology.instrument_manifest[2].settings[0].total_flow_mL_min | $.delivered_final_outcome.topology.instrument_manifest[3].settings[0].equipment_id,All equipment IDs correspond to inventory items | Mixer setting reports total_flow_mL_min = 0.31068 | Actual combined gas+liquid volumetric input is greater than liquid-only value | One reactor settings entry has equipment_id = null,"Every selected item must exist and settings/connectivity must stay within hard inventory limits, with settings reported accurately enough to audit feasibility.",Report combined mixer inlet volumetric flow consistently and avoid null equipment_id placeholders in manifest settings.
N2-0CBFDC76,openai,openai,Qwen3.8-27B,qwen,FlowPilot,Photochemical oxidation,UO-11,APPLICABLE,3,False,MINOR,MEDIUM,"The proposed gas-liquid photochemical operation is plausible for a screening experiment and uses a validation run to check hydraulics. Minor defect: no explicit discussion is given of expected segmented-flow regime, pressure drop, or acetonitrile boiling suppression under the selected pressure, though the chosen pressure is reasonable and likely sufficient for this screen.",$.delivered_final_outcome.parameters.pressure_absolute_bar | $.delivered_final_outcome.streams[1].gas_flow_actual_mL_min | $.delivered_final_outcome.safety_controls.hazards | $.delivered_final_outcome.evidence_and_reasoning.validation_experiments[0].procedure,"4.01325 bar absolute in reactor | In-channel gas flow 0.901523 mL/min with 0.31068 mL/min liquid | Hazards listed: oxygen_organic_service, pressurized_operation, high_intensity_light | Hydraulic baseline validation requested","Phase behavior, transport, and physical assumptions should be plausible and supported for gas-liquid photochemistry at the chosen operating point.",Add a short physical justification for maintaining acceptable gas-liquid transport and solvent containment at 21 C and 3 bar gauge.
N2-0CBFDC76,openai,openai,Qwen3.8-27B,qwen,FlowPilot,Photochemical oxidation,UO-12,APPLICABLE,4,False,NONE,HIGH,The major relevant hazards for this simple air/acetonitrile photochemical screen are identified and coupled to concrete controls using available inventory and procedural requirements.,$.delivered_final_outcome.safety_controls | $.delivered_final_outcome.chemistry_and_operations.operating_procedure[10].instruction | $.delivered_final_outcome.chemistry_and_operations.operating_procedure[12].instruction | $.delivered_final_outcome.chemistry_and_operations.operating_procedure[8].instruction,Interlocked light enclosure required | Oxygen-containing off-gas routed to compatible vent | Ignition-source exclusion stated | Overpressure/blockage response and depressurization stated,"Recognize oxygen/organic, pressure, and photochemical hazards and convert them into concrete controls.",
N2-0CBFDC76,openai,openai,Qwen3.8-27B,qwen,FlowPilot,Photochemical oxidation,UO-13,APPLICABLE,3,False,MINOR,MEDIUM,"The operating procedure is largely reconstructable and appropriate for a first screen, with clear preparation, startup, steady-state, collection, and shutdown structure. Minor incompleteness remains in not fully specifying the exact compatible priming/flush solvent sequence and separator/off-gas shutdown handling details.",$.delivered_final_outcome.chemistry_and_operations.operating_procedure | $.delivered_final_outcome.chemistry_and_operations.operating_procedure[3].instruction | $.delivered_final_outcome.chemistry_and_operations.operating_procedure[15].instruction | $.delivered_final_outcome.chemistry_and_operations.operating_procedure[16].instruction,"Feed preparation included | Pressure/leak test included | Startup, steady-state qualification, collection, and shutdown included | No explicit solvent identity stated for all flush/priming steps and no detailed vented separator off-gas handling sequence during shutdown","Procedure should be reconstructable for preparation, startup, steady state, collection, shutdown, depressurization, quench/work-up or explicit crude-collection stop point, and waste handling.","Specify the exact priming/flush solvent and a stepwise shutdown sequence for gas cutoff, liquid flush, BPR hold/release, and separator vent handling."
N2-0CBFDC76,openai,openai,Qwen3.8-27B,qwen,FlowPilot,Photochemical oxidation,UO-14,APPLICABLE,4,False,NONE,HIGH,"The design is appropriately calibrated as a screen with low confidence and explicit validation needs. No unsupported guarantee is made, and the recommendation is proportionate to the evidence.",$.delivered_final_outcome.reported_disposition | $.delivered_final_outcome.disposition_rationale | $.delivered_final_outcome.evidence_and_reasoning.confidence | $.delivered_final_outcome.evidence_and_reasoning.validation_experiments,Disposition = SCREEN | Confidence = LOW | States first experimental screen until wet-lab evidence validates it | Includes validation experiments rather than guaranteed performance claims,"Represent evidence, assumptions, uncertainty, and disposition honestly; do not overclaim performance.",
N2-306DCDAD,openai,openai,Qwen3.8-27B,qwen,FlowPilot,Photochemical oxidation,UO-01,APPLICABLE,3,False,MINOR,HIGH,"The intended transformation, photocatalyst strategy, oxidant, solvent, and photochemical modality are preserved. Minor issue: chemistry_identity lists bond_broken as S-H, which is not a faithful mechanistic descriptor for methionine sulfoxidation, but it does not alter the executable design.",$.delivered_final_outcome.chemistry_and_operations.chemistry_identity.reaction_name | $.delivered_final_outcome.chemistry_and_operations.stream_components[0] | $.delivered_final_outcome.chemistry_and_operations.stream_components[1] | $.delivered_final_outcome.chemistry_and_operations.stream_components[2] | $.delivered_final_outcome.parameters.wavelength_nm | $.delivered_final_outcome.parameters.temperature_C,"photocatalytic aerobic oxidation of Fmoc-L-methionine | Fmoc-L-methionine 0.10 M | 4,7-diphenyl-2,1,3-benzothiadiazole 10 mol% | air as oxidant | 420 nm | 21 C","Preserve the intended aerobic photochemical oxidation of Fmoc-L-methionine to sulfoxide using the stated photocatalyst, air, MeCN, 420 nm irradiation, and gas-liquid photochemical regime.",Correct the bond-change annotation to avoid implying S-H cleavage; keep the transformation as methionine sulfur oxidation to sulfoxide.
N2-306DCDAD,openai,openai,Qwen3.8-27B,qwen,FlowPilot,Photochemical oxidation,UO-02,APPLICABLE,4,False,NONE,HIGH,"All required reagents, solvent, catalyst, and gas reagent are present and assigned consistently with the hard constraints.",$.delivered_final_outcome.chemistry_and_operations.operating_procedure[0].instruction | $.delivered_final_outcome.chemistry_and_operations.operating_procedure[1].instruction | $.delivered_final_outcome.streams[0] | $.delivered_final_outcome.streams[1],"Stream A contains Fmoc-L-methionine, photocatalyst, and acetonitrile | Stream B is air via mfc_air_10 | single premixed liquid feed used | declared air MFC used","All required reactive materials and process materials should be present and correctly assigned: Fmoc-L-methionine, 4,7-diphenyl-2,1,3-benzothiadiazole, acetonitrile, and air.",
N2-306DCDAD,openai,openai,Qwen3.8-27B,qwen,FlowPilot,Photochemical oxidation,UO-03,APPLICABLE,2,False,MAJOR,HIGH,"Liquid stoichiometry is coherent, but the gas stoichiometry is materially under-specified/inconsistently labeled. The design says 'calculate oxygen equivalents from 21 mol% oxygen' yet reports the gas stream as 1.0 equiv for air rather than explicitly stating O2 equivalents to substrate. This is recoverable because the supplied STP air flow can be converted, but revision is needed before execution records are unambiguous.",$.delivered_final_outcome.chemistry_and_operations.operating_procedure[0].instruction | $.delivered_final_outcome.streams[0].flow_rate_mL_min | $.delivered_final_outcome.streams[1].gas_flow_sccm | $.delivered_final_outcome.streams[1].molar_equiv | $.delivered_final_outcome.streams[1].reasoning,"Liquid stock prepared as 1 mmol substrate and 0.1 mmol catalyst in 10 mL (0.10 M substrate, 10 mol% catalyst) | Liquid flow 0.31068 mL/min | Air flow 3.315802 sccm at STP | Gas stream declared as 1.0 equiv | Reasoning states oxygen equivalents from air basis",Stoichiometry and feed chemistry should explicitly and coherently report component concentrations and oxidant equivalents on the requested oxygen basis from 21 mol% O2 in air.,"State explicit substrate molar flow, air molar flow, O2 molar flow (=0.21×air molar flow), and O2 equivalents relative to Fmoc-L-methionine; do not label air itself as 1.0 equiv if oxygen is the reactive basis."
N2-306DCDAD,openai,openai,Qwen3.8-27B,qwen,FlowPilot,Photochemical oxidation,UO-04,APPLICABLE,3,False,MINOR,MEDIUM,"Temperature, wavelength, pressure basis, and gas-before-reactor topology are specified appropriately. Minor defect: the design does not explicitly justify the shortened 3.22 min liquid residence time versus the 5 min batch exposure, though as a conservative screen it remains plausible and not a chemistry-invalid change.",$.delivered_final_outcome.parameters.temperature_C | $.delivered_final_outcome.parameters.BPR_bar | $.delivered_final_outcome.parameters.BPR_basis | $.delivered_final_outcome.parameters.wavelength_nm | $.delivered_final_outcome.chemistry_and_operations.operating_procedure[13].instruction | $.delivered_final_outcome.topology.pid_description,21 C | 3.0 bar gauge | 420 nm | gas admitted after liquid flow and checks are stable | gas-liquid mixer before photoreactor,"Chemistry-critical conditions should map the batch facts into executable flow conditions with explicit pressure basis, temperature, irradiation, and correct stage order.","Briefly state that the 3.22 min contact time is a first screen constrained by the 1.0 mL reactor and selected liquid flow, and that conversion must be empirically checked against the 5 min batch reference."
N2-306DCDAD,openai,openai,Qwen3.8-27B,qwen,FlowPilot,Photochemical oxidation,UO-05,APPLICABLE,4,False,NONE,HIGH,The topology is physically executable and respects the required ordering and inventory-constrained unit operations.,$.delivered_final_outcome.topology.streams | $.delivered_final_outcome.topology.unit_operations | $.delivered_final_outcome.chemistry_and_operations.pid_description,pump -> T-mixer <- MFC -> photoreactor -> BPR -> gas-liquid separator -> collector | all required major unit operations present | correct order for gas-liquid photochemistry with downstream pressure control,"Feeds, mixer, photoreactor, BPR, separator, collection, and vented handling should be connected in executable order using only inventory items.",
N2-306DCDAD,openai,openai,Qwen3.8-27B,qwen,FlowPilot,Photochemical oxidation,UO-06,APPLICABLE,4,False,NONE,HIGH,The liquid material balance is dimensionally coherent and matches the stated reactor residence-time basis. Deterministic closure supports the reported flow-volume-time relationship.,$.delivered_final_outcome.streams[0].flow_rate_mL_min | $.delivered_final_outcome.streams[0].concentration_M | $.delivered_final_outcome.parameters.flow_rate_mL_min | $.delivered_final_outcome.deterministic_verification_sheet.top_level_volume_flow_time_closure,Q_liquid = 0.31068 mL/min | C_substrate = 0.10 M | single liquid feed only | Q*tau = 1.00000001 mL closure passes,"Liquid concentrations and flow rates should reproduce coherent molar flows, total liquid flow, and throughput.",
N2-306DCDAD,openai,openai,Qwen3.8-27B,qwen,FlowPilot,Photochemical oxidation,UO-07,APPLICABLE,4,False,NONE,HIGH,"Residence time and reactor volume are consistent and physically possible, and the chosen basis matches the hard constraint not to use total gas-plus-liquid flow as reaction time.",$.delivered_final_outcome.parameters.reactor_volume_mL | $.delivered_final_outcome.parameters.flow_rate_mL_min | $.delivered_final_outcome.parameters.residence_time_min | $.delivered_final_outcome.deterministic_verification_sheet.top_level_volume_flow_time_closure,1.0 mL reactor | 0.31068 mL/min liquid flow | 3.218746 min liquid-only residence time | Q*tau closes to 1.0 mL,Reactor geometry/volume and residence time should numerically close on the specified liquid-only basis.,
N2-306DCDAD,openai,openai,Qwen3.8-27B,qwen,FlowPilot,Photochemical oxidation,UO-08,APPLICABLE,3,False,MINOR,HIGH,"The gas bookkeeping distinguishes STP and in-channel conditions correctly and uses absolute pressure appropriately. Minor defect: despite the hard constraint, oxygen-equivalent reporting is not made explicit as a numerical O2-equivalent value in the final gas bookkeeping.",$.delivered_final_outcome.parameters.BPR_basis | $.delivered_final_outcome.parameters.pressure_absolute_bar | $.delivered_final_outcome.streams[1].gas_flow_sccm | $.delivered_final_outcome.streams[1].gas_flow_actual_mL_min | $.delivered_final_outcome.parameters.residence_time_inlet_min | $.delivered_final_outcome.parameters.residence_time_in_channel_min,BPR basis = gauge | absolute pressure = 4.01325 bar | air flow = 3.315802 sccm at STP | pressure-corrected in-channel gas flow = 0.901523 mL/min | inlet and in-channel gas-sensitive residence values reported separately,"For gas use, gas identity, STP basis, inlet flow, pressure-corrected channel flow, absolute pressure, and gas-sensitive timing bases should be distinct and numerically coherent; oxygen equivalents should also be explicit.","Add explicit air molar flow and O2 molar flow/equivalents at 21 mol% O2, clearly separated from air volumetric flow."
N2-306DCDAD,openai,openai,Qwen3.8-27B,qwen,FlowPilot,Photochemical oxidation,UO-09,NOT_APPLICABLE,,False,NONE,HIGH,Criterion is not applicable because the case explicitly states multistage_process=false.,$.case_context.applicability.multistage_process | $.delivered_final_outcome.stages,multistage_process = false | stages = [],N/A only because the process is not multistage.,
N2-306DCDAD,openai,openai,Qwen3.8-27B,qwen,FlowPilot,Photochemical oxidation,UO-10,APPLICABLE,3,False,MINOR,MEDIUM,"All selected items exist and key limits are respected. Minor defect: the mixer manifest reports only the liquid flow as total flow, while actual mixed volumetric throughput includes gas; this is a documentation mismatch rather than demonstrated limit exceedance because the real combined flow remains below the mixer's 2.0 mL/min maximum.",$.delivered_final_outcome.topology.instrument_manifest | $.case_context.authoritative_inventory.mixers[0].max_total_flow_mL_min | $.delivered_final_outcome.topology.instrument_manifest[2].settings[0].total_flow_mL_min | $.case_context.authoritative_inventory.pressure_controllers[0].setpoints_bar | $.delivered_final_outcome.parameters.temperature_C,All equipment IDs are from inventory | Mixer setting lists total_flow_mL_min = 0.31068 | Actual combined gas+liquid volumetric throughput at reactor inlet exceeds liquid flow alone | BPR setpoint 3 bar used | Temperature 21 C within allowed range,"Every item must exist in inventory and declared operating points must stay within equipment limits, with settings reflecting the actual service conditions.","Report the mixer total incoming volumetric flow including pressure-corrected gas contribution, not liquid flow alone."
N2-306DCDAD,openai,openai,Qwen3.8-27B,qwen,FlowPilot,Photochemical oxidation,UO-11,APPLICABLE,3,False,MINOR,MEDIUM,"The proposed operating point is plausible for a small PFA gas-liquid photocoil with pressurization and downstream separation. Minor limitation: no explicit estimate of MeCN vapor suppression, slug-flow regime, or pressure-drop margin is provided, though nothing in the delivered outcome makes the design physically impossible.",$.delivered_final_outcome.parameters.pressure_absolute_bar | $.delivered_final_outcome.streams[1].gas_flow_actual_mL_min | $.delivered_final_outcome.parameters.temperature_C | $.delivered_final_outcome.safety_controls.hazards | $.delivered_final_outcome.evidence_and_reasoning.validation_experiments[0],"4.01325 bar absolute in reactor | 0.901523 mL/min in-channel gas flow | 21 C | oxygen-organic, pressure, and light hazards recognized | hydraulic baseline validation proposed","Phase behavior and transport assumptions should be plausible for a gas-liquid MeCN photochemical screen, with no unmitigated plugging/boiling/pressure issues.","Add a brief note that 3 bar gauge is intended to suppress solvent outgassing/maintain stable gas-liquid transport, and record observed flow regime/pressure-drop behavior during the blank run."
N2-306DCDAD,openai,openai,Qwen3.8-27B,qwen,FlowPilot,Photochemical oxidation,UO-12,APPLICABLE,3,False,MINOR,MEDIUM,"Major relevant hazards are recognized and mapped to practical controls. Minor defect: because air is intentionally used as reagent, startup purging/line-conditioning language is somewhat generic and does not explicitly distinguish inert leak-testing from subsequent air/reactant introduction sequence in enough detail to fully close all compatibility concerns.",$.delivered_final_outcome.safety_controls.controls | $.delivered_final_outcome.chemistry_and_operations.operating_procedure[10].instruction | $.delivered_final_outcome.chemistry_and_operations.operating_procedure[12].instruction | $.case_context.authoritative_inventory.safety_accessories[0],"interlocked enclosure specified | oxygen-containing off-gas routed to compatible vent | pressure test, depressurization, and overpressure response included | ignition source exclusion stated",Chemistry-specific hazards for pressurized oxygen-containing MeCN photochemistry should be recognized and converted to concrete controls and containment.,"Clarify the exact leak-test fluid and the transition from nonreactive pressure test to reactive startup, including confirmation that the vent path is open before admitting air."
N2-306DCDAD,openai,openai,Qwen3.8-27B,qwen,FlowPilot,Photochemical oxidation,UO-13,APPLICABLE,3,False,MINOR,HIGH,"The operating procedure is largely reconstructable and sensibly limits scope to crude collection for a first screen. Minor issue: shutdown/flush instructions are generic and do not specify flush solvent and duration/volume, which slightly reduces reproducibility.",$.delivered_final_outcome.chemistry_and_operations.operating_procedure | $.delivered_final_outcome.chemistry_and_operations.operating_procedure[15].instruction | $.delivered_final_outcome.chemistry_and_operations.operating_procedure[16].instruction | $.delivered_final_outcome.chemistry_and_operations.operating_procedure[17].instruction,"feed preparation given | startup, steady-state wait, collection, shutdown, and waste steps present | no downstream isolation authorized | product analysis aliquot retained","The experiment should be reconstructable with reproducible feed prep, startup, steady-state qualification, collection, shutdown, depressurization, quench/work-up or explicit no-workup boundary, and waste handling.",Specify the compatible flush solvent (acetonitrile) and a defined flush duration or volume for normal shutdown.
N2-306DCDAD,openai,openai,Qwen3.8-27B,qwen,FlowPilot,Photochemical oxidation,UO-14,APPLICABLE,4,False,NONE,HIGH,"The design is appropriately uncertainty-calibrated, does not overclaim performance, and correctly returns SCREEN as required.",$.delivered_final_outcome.reported_disposition | $.delivered_final_outcome.disposition_rationale | $.delivered_final_outcome.evidence_and_reasoning.confidence | $.delivered_final_outcome.evidence_and_reasoning.validation_experiments,Disposition = SCREEN | confidence = LOW | validation experiments proposed | design framed as first experimental screen until wet-lab evidence validates it,"Evidence, assumptions, uncertainty, and disposition should be represented honestly without unsupported guarantees.",
N2-8CBCF39B,openai,openai,Qwen3.8-27B,qwen,FlowPilot,Photochemical oxidation,UO-01,APPLICABLE,4,False,NONE,HIGH,"The delivered design preserves the intended substrate, photocatalyst strategy, oxidant, reaction class, and photochemical gas-liquid modality. No unsupported substitution of catalyst, oxidant, phase regime, or modality is present.",$.delivered_final_outcome.chemistry_and_operations.chemistry_identity.reaction_name | $.delivered_final_outcome.chemistry_and_operations.stream_components[0] | $.delivered_final_outcome.chemistry_and_operations.stream_components[1] | $.delivered_final_outcome.chemistry_and_operations.stream_components[2] | $.delivered_final_outcome.parameters.wavelength_nm,"photocatalytic aerobic oxidation of Fmoc-L-methionine | substrate: Fmoc-L-methionine | photocatalyst: 4,7-diphenyl-2,1,3-benzothiadiazole | oxidant gas: air | 420 nm","Preserve the intended aerobic photochemical oxidation of Fmoc-L-methionine to sulfoxide using 4,7-diphenyl-2,1,3-benzothiadiazole under 420 nm irradiation in a gas-liquid photochemical regime without unsupported substitution.",
N2-8CBCF39B,openai,openai,Qwen3.8-27B,qwen,FlowPilot,Photochemical oxidation,UO-02,APPLICABLE,4,False,NONE,HIGH,All required reagents and solvent are present and assigned to the correct streams. No unsafe or transformation-changing extra reactive material is introduced.,$.delivered_final_outcome.chemistry_and_operations.stream_components | $.delivered_final_outcome.streams | $.delivered_final_outcome.chemistry_and_operations.operating_procedure[0].instruction | $.delivered_final_outcome.chemistry_and_operations.operating_procedure[1].instruction,"Stream A contains Fmoc-L-methionine, 4,7-diphenyl-2,1,3-benzothiadiazole, acetonitrile | Stream B contains air | One premixed liquid feed and one air MFC feed are used","All required reactive materials must be present and correctly assigned: Fmoc-L-methionine, 4,7-diphenyl-2,1,3-benzothiadiazole, acetonitrile, and air.",
N2-8CBCF39B,openai,openai,Qwen3.8-27B,qwen,FlowPilot,Photochemical oxidation,UO-03,APPLICABLE,3,False,MINOR,MEDIUM,"The liquid stoichiometry and premixed feed chemistry are coherent. Gas equivalence is explicitly stated and uses air with 21 mol% oxygen. Minor defect: the gas stream component metadata labels air as role 'substrate' and 1.0 equiv of air is somewhat imprecise compared with oxygen-equivalent framing, though the narrative elsewhere correctly states oxygen-equivalent basis and does not impair execution.",$.delivered_final_outcome.chemistry_and_operations.operating_procedure[0].instruction | $.delivered_final_outcome.chemistry_and_operations.stream_components[0] | $.delivered_final_outcome.chemistry_and_operations.stream_components[1] | $.delivered_final_outcome.streams[0] | $.delivered_final_outcome.streams[1],Fmoc-L-methionine 0.10 M | photocatalyst 10 mol% / 0.01 M | liquid flow 0.31068 mL/min | air set to 3.315802 sccm | air declared as 1.0 equiv,"Explicit coherent stoichiometry and compatible feeds: substrate 0.10 M, photocatalyst 10 mol%, premixed in acetonitrile, with a stated gas equivalent basis from 21 mol% O2 in air that does not create incompatibility.",Relabel the gas role as oxidant/reagent and state oxygen equivalents explicitly in the stream metadata in addition to air flow.
N2-8CBCF39B,openai,openai,Qwen3.8-27B,qwen,FlowPilot,Photochemical oxidation,UO-04,APPLICABLE,3,False,MINOR,HIGH,"Temperature, wavelength, pressure basis, and startup order are all explicitly mapped and consistent with the protocol and constraints. Minor issue: the chosen 3.22 min liquid contact time is a conservative screen but shorter than the 5 min batch exposure, so chemistry correspondence is plausible but not fully faithful to the source contact time.",$.delivered_final_outcome.parameters.temperature_C | $.delivered_final_outcome.parameters.BPR_bar | $.delivered_final_outcome.parameters.BPR_basis | $.delivered_final_outcome.parameters.pressure_absolute_bar | $.delivered_final_outcome.parameters.wavelength_nm | $.delivered_final_outcome.chemistry_and_operations.operating_procedure[13].instruction,21 C | 3.0 bar gauge | 4.01325 bar absolute for gas calculations | 420 nm irradiation | gas admitted after liquid flow and checks are stable,"Translate chemistry-critical conditions faithfully: 21 C, 420 nm, defined pressure basis at the available 3 bar BPR, correct gas-liquid mixing before photoreaction, and appropriate startup/order of addition.","State the shorter residence time as an intentional conservative deviation from the 5 min batch exposure and justify it more explicitly, or adjust liquid flow to match 5 min if desired."
N2-8CBCF39B,openai,openai,Qwen3.8-27B,qwen,FlowPilot,Photochemical oxidation,UO-05,APPLICABLE,4,False,NONE,HIGH,"The topology is physically executable and follows the required order. Required mixer, reactor, BPR, separator, and collection are all present and correctly connected.",$.delivered_final_outcome.chemistry_and_operations.pid_description | $.delivered_final_outcome.topology.streams | $.delivered_final_outcome.topology.unit_operations,pump_photo_liquid -> mixer_photo_t | mfc_air_10 -> mixer_photo_t | mixer_photo_t -> reactor_photo_100 -> bpr_photo_3 -> separator_photo_gl -> collector_photo_100,"Executable order with premixed liquid feed and air MFC entering the gas-liquid mixer before the photoreactor, followed by pressure control, separation, and collection/waste handling.",
N2-8CBCF39B,openai,openai,Qwen3.8-27B,qwen,FlowPilot,Photochemical oxidation,UO-06,APPLICABLE,3,False,MINOR,MEDIUM,"The liquid material balance is dimensionally coherent and matches the stated residence time closure. Minor issue: the basis for selecting 0.31068 mL/min throughput is not chemically motivated from the source protocol and appears arbitrary, though internally consistent and executable.",$.delivered_final_outcome.streams[0].concentration_M | $.delivered_final_outcome.streams[0].flow_rate_mL_min | $.delivered_final_outcome.parameters.flow_rate_mL_min | $.delivered_final_outcome.chemistry_and_operations.operating_procedure[0].instruction,substrate concentration 0.10 M | liquid flow 0.31068 mL/min | substrate molar flow implied 0.031068 mmol/min,Liquid concentration and flow should reproduce a coherent liquid material balance and stated throughput.,"Add a brief throughput-selection rationale, e.g., chosen as a conservative screen within hardware limits while preserving composition."
N2-8CBCF39B,openai,openai,Qwen3.8-27B,qwen,FlowPilot,Photochemical oxidation,UO-07,APPLICABLE,4,False,NONE,HIGH,Residence-time and geometry closure are numerically correct and explicitly use the required liquid-only basis. Deterministic verification confirms V = Q*tau.,$.delivered_final_outcome.parameters.reactor_volume_mL | $.delivered_final_outcome.parameters.flow_rate_mL_min | $.delivered_final_outcome.parameters.residence_time_min | $.deterministic_verification_sheet.top_level_volume_flow_time_closure,reactor volume 1.0 mL | liquid flow 0.31068 mL/min | residence time 3.218746 min | Q*tau = 1.00000001 mL verified,"Reactor volume, flow, and liquid-basis residence time must close numerically and match the executable geometry.",
N2-8CBCF39B,openai,openai,Qwen3.8-27B,qwen,FlowPilot,Photochemical oxidation,UO-08,APPLICABLE,4,False,NONE,HIGH,Gas bookkeeping is explicit and internally consistent. The design clearly separates STP inlet flow from pressure-corrected in-channel volumetric flow and states the pressure basis correctly.,$.delivered_final_outcome.parameters.BPR_basis | $.delivered_final_outcome.parameters.pressure_absolute_bar | $.delivered_final_outcome.streams[1].gas_flow_sccm | $.delivered_final_outcome.streams[1].gas_flow_actual_mL_min | $.delivered_final_outcome.chemistry_and_operations.operating_procedure[1].instruction | $.delivered_final_outcome.streams[1].reasoning,air identity specified | STP basis 273.15 K and 1.01325 bar; 22.414 L/mol | inlet flow 3.315802 sccm | pressure-corrected in-channel flow 0.901523 mL/min | 3 bar gauge = 4.01325 bar absolute | oxygen equivalents based on 21 mol% O2 described,"For gas-using designs, gas identity, STP basis, inlet flow, pressure-corrected channel flow, absolute pressure basis, and oxygen-equivalent accounting from 21 mol% O2 must be distinguished and coherent.",
N2-8CBCF39B,openai,openai,Qwen3.8-27B,qwen,FlowPilot,Photochemical oxidation,UO-09,NOT_APPLICABLE,,False,NONE,HIGH,This criterion is not applicable because the case explicitly states multistage_process=false and the delivered design has a single reactive stage.,$.case_context.applicability.multistage_process | $.delivered_final_outcome.stages,multistage_process = false | stages = [],N/A only because the process is not multistage.,
N2-8CBCF39B,openai,openai,Qwen3.8-27B,qwen,FlowPilot,Photochemical oxidation,UO-10,APPLICABLE,3,False,MINOR,HIGH,"Inventory assignment is largely feasible and within limits. Minor defect: the mixer manifest understates total incoming volumetric flow by listing only the liquid flow instead of the combined gas-liquid inlet flow, although actual gas flow is given elsewhere and the true combined flow remains below the 2.0 mL/min mixer limit.",$.delivered_final_outcome.topology.instrument_manifest | $.case_context.authoritative_inventory.mixers[0].max_total_flow_mL_min | $.delivered_final_outcome.topology.instrument_manifest[2].settings[0].total_flow_mL_min | $.case_context.authoritative_inventory.pumps[0].max_flow_rate_mL_min | $.case_context.authoritative_inventory.gas_hardware[1].max_flow_sccm,all named equipment IDs exist in inventory | pump flow 0.31068 mL/min within 1.0 mL/min limit | MFC flow 3.315802 sccm within 10 sccm limit | mixer setting reports total_flow_mL_min = 0.31068 despite gas also entering,"All selected hardware must exist in inventory and operate within flow, pressure, temperature, wavelength, material, and connectivity limits, with settings reflecting the actual operating point.","Report the mixer total incoming flow consistently, including the gas contribution on the chosen basis."
N2-8CBCF39B,openai,openai,Qwen3.8-27B,qwen,FlowPilot,Photochemical oxidation,UO-11,APPLICABLE,3,False,MINOR,MEDIUM,"The operating point is plausible for a small gas-liquid photocoil with downstream BPR and separator, and the validation plan helps bound uncertainty. Minor defect: no explicit discussion of expected segmented flow regime, pressure drop margin, or whether acetonitrile remains safely non-boiling under illuminated oxygenated conditions beyond general plausibility.",$.delivered_final_outcome.parameters.pressure_absolute_bar | $.delivered_final_outcome.streams[1].gas_flow_actual_mL_min | $.delivered_final_outcome.safety_controls.hazards | $.delivered_final_outcome.evidence_and_reasoning.validation_experiments[0],pressurized gas-liquid flow at 4.01325 bar absolute in 1.0 mm ID PFA coil | air in-channel flow 0.901523 mL/min and liquid 0.31068 mL/min | hazards include oxygen_organic_service and pressurized_operation | hydraulic baseline validation proposed,"Phase behavior, gas-liquid transport, pressure handling, and flow assumptions should be physically plausible and supported for the proposed operating point.","Add a short transport note confirming likely segmented flow, low expected pressure drop at the stated total channel flow, and that 3 barg is adequate to suppress problematic outgassing/boiling at 21 C."
N2-8CBCF39B,openai,openai,Qwen3.8-27B,qwen,FlowPilot,Photochemical oxidation,UO-12,APPLICABLE,4,False,NONE,HIGH,"The major hazards relevant to this screen are identified and translated into concrete operational controls using available inventory. Controls for light shielding, venting, ignition minimization, pressure testing, and depressurization are all present.",$.delivered_final_outcome.safety_controls.controls | $.delivered_final_outcome.chemistry_and_operations.operating_procedure[10].instruction | $.delivered_final_outcome.chemistry_and_operations.operating_procedure[12].instruction | $.delivered_final_outcome.chemistry_and_operations.operating_procedure[8].instruction,interlocked light enclosure required | oxygen-containing off-gas and solvent vapor routed to compatible vent | pressure/leak test before reagents | overpressure response without opening pressurized line | depressurize before opening,"Recognize major photochemical, oxygen/organic, solvent vapor, and pressure hazards and convert them into concrete controls.",
N2-8CBCF39B,openai,openai,Qwen3.8-27B,qwen,FlowPilot,Photochemical oxidation,UO-13,APPLICABLE,3,False,MINOR,HIGH,"The procedure is largely reconstructable and safe for a first screen, with startup, steady-state qualification, collection, shutdown, and emergency considerations included. Minor defect: flushing solvent identity/volumes and exact handling of separator vent and waste streams are not fully specified, limiting exact reproducibility.",$.delivered_final_outcome.chemistry_and_operations.operating_procedure | $.delivered_final_outcome.chemistry_and_operations.operating_procedure[15].instruction | $.delivered_final_outcome.chemistry_and_operations.operating_procedure[16].instruction,feed preparation given | priming/startup/leak test/steady-state/collection/shutdown steps given | collection and crude analysis described | explicit work-up intentionally deferred,"Procedure must be reconstructable for preparation, startup, steady state, collection, shutdown, depressurization, and required handling steps; work-up should be reproducible where required.","Specify compatible flush solvent (acetonitrile), approximate flush volumes or durations, and explicit routing/handling of separator gas and liquid wastes during shutdown."
N2-8CBCF39B,openai,openai,Qwen3.8-27B,qwen,FlowPilot,Photochemical oxidation,UO-14,APPLICABLE,4,False,NONE,HIGH,The design does not overclaim performance and appropriately reports SCREEN with low confidence and a validation plan. This is proportionate to the available evidence and the first-screen objective.,$.delivered_final_outcome.reported_disposition | $.delivered_final_outcome.disposition_rationale | $.delivered_final_outcome.evidence_and_reasoning.confidence | $.delivered_final_outcome.evidence_and_reasoning.validation_experiments | $.deterministic_verification_sheet.delivered_contract_status,reported disposition SCREEN | confidence LOW | validation experiments proposed | design framed as first experimental screen until wet-lab validation,"Claims, calculations, assumptions, and uncertainty should be represented honestly; unresolved uncertainty should lead to SCREEN rather than overclaiming execution certainty.",
N2-70AC5DB5,openai,openai,Qwen3.8-27B,qwen,One-shot,CuAAC,UO-01,APPLICABLE,3,False,MINOR,HIGH,"The intended CuAAC transformation, substrates, solvent, heterogeneous Cu/C catalyst strategy, and single-liquid-feed packed-bed flow modality are preserved. The main deviation is lowering temperature from the batch protocol to 80 °C. This is explicitly framed as a conservative screen rather than a claimed match to batch conditions, so it is a minor fidelity defect rather than a transformation change.",$.case_context.protocol | $.delivered_final_outcome.streams[0].contents[0] | $.delivered_final_outcome.parameters.temperature_C | $.delivered_final_outcome.chemistry_and_operations.chemistry_notes,CuAAC of benzyl azide with phenylacetylene using Cu/C packed-bed catalyst in acetone | Temperature changed from protocol 150 °C to 80 °C for conservative screen | Single premixed liquid feed through packed-bed cartridge,"Preserve substrate, product-forming transformation, Cu/C catalyst strategy, liquid-phase modality, and phase regime without unsupported substitution; conservative screening changes may be acceptable if defensibly framed and not chemistry-changing.",State explicitly that 80 °C is a first-screen condition and that matching/benchmarking against the batch 150 °C condition remains a later validation step.
N2-70AC5DB5,openai,openai,Qwen3.8-27B,qwen,One-shot,CuAAC,UO-02,APPLICABLE,2,False,MAJOR,HIGH,"The required reactive components for the CuAAC are present: benzyl azide, phenylacetylene, acetone, and Cu/C catalyst in the cartridge. However, the feed preparation omits explicit charged amounts/volumes needed to reproduce the stated stoichiometry, and the post-reactor work-up introduces extra materials not tied to provided inventory or justified as off-inventory consumables. This is recoverable but materially incomplete.",$.case_context.protocol | $.delivered_final_outcome.streams[0].contents[0] | $.delivered_final_outcome.chemistry_and_operations.pre_reactor_steps | $.delivered_final_outcome.chemistry_and_operations.post_reactor_steps,"Premixed feed contains benzyl azide and phenylacetylene in acetone | Cu/C catalyst present as packed-bed cartridge | Workup introduces water, ethyl acetate, sodium sulfate, and column chromatography without inventory support","All required reactive materials should be present and correctly assigned; nonreactive downstream materials may be proposed, but chemistry-critical components and their roles should be explicit and consistent.","Specify exact premix recipe for the single feed, including benzyl azide amount and phenylacetylene amount or volume for 1.1 equiv in acetone to the stated concentration; clarify that downstream quench/workup solvents are bench consumables outside the constrained flow inventory."
N2-70AC5DB5,openai,openai,Qwen3.8-27B,qwen,One-shot,CuAAC,UO-03,APPLICABLE,2,False,MAJOR,HIGH,"The intended stoichiometry can be inferred and is likely chemically workable, but the delivered fields are internally incomplete: the stream-level equivalence metadata is not populated coherently, and exact feed composition is not reconstructable from structured fields alone. This is a material but fixable specification defect, not a chemistry-invalid stoichiometry failure.",$.delivered_final_outcome.parameters.concentration_M | $.delivered_final_outcome.streams[0].contents[0] | $.delivered_final_outcome.streams[0].molar_equiv | $.delivered_final_outcome.streams[0].molar_equiv_basis | $.delivered_final_outcome.chemistry_and_operations.pre_reactor_steps,Benzyl azide concentration stated as 0.25 M | Phenylacetylene concentration embedded in text as 0.275 M | stream molar_equiv = 1.0 with blank basis | No explicit total premix volume tied to mmol amounts,"Concentrations, equivalents, and feed composition should be explicit and coherent, e.g. benzyl azide 0.25 M and phenylacetylene 0.275 M (1.1 equiv) in a single premix with clear basis.","Populate explicit structured stoichiometry: benzyl azide 0.25 M, phenylacetylene 0.275 M, phenylacetylene = 1.1 equiv relative to benzyl azide, and give a concrete premix preparation basis such as 2.0 mL total solution containing 0.50 mmol benzyl azide and 0.55 mmol phenylacetylene."
N2-70AC5DB5,openai,openai,Qwen3.8-27B,qwen,One-shot,CuAAC,UO-04,APPLICABLE,2,False,MAJOR,HIGH,"The stage order is broadly clear and executable for a single-stage premixed packed-bed process, and the 20 bar BPR is appropriate. However, the pressure reporting is incomplete because absolute pressure is left null, despite a rubric requirement to keep pressure bases distinct; and the conservative temperature change from 150 °C to 80 °C is a material condition deviation that requires explicit validation framing. This needs revision before execution-quality documentation.",$.case_context.protocol | $.case_context.hard_constraints | $.delivered_final_outcome.parameters.temperature_C | $.delivered_final_outcome.parameters.BPR_bar | $.delivered_final_outcome.parameters.BPR_basis | $.delivered_final_outcome.parameters.pressure_absolute_bar | $.delivered_final_outcome.chemistry_and_operations.pre_reactor_steps,Temperature 80 °C | BPR 20.0 bar with basis = gauge | pressure_absolute_bar = null | offline premix then cartridge then collection is implied,"Temperature, pressure, addition order, and stage mapping should be explicit and faithful enough for execution; pressure basis should distinguish gauge vs absolute where relevant.","Add absolute pressure (~21 bar abs if 20 bar gauge at 1 bar ambient), and provide a concise stage map: premix reservoir → HPLC pump → Cu/C cartridge at 80 °C → 20 bar BPR → vented collector, with explicit note that 80 °C is a first-screen deviation from the batch condition."
N2-70AC5DB5,openai,openai,Qwen3.8-27B,qwen,One-shot,CuAAC,UO-05,APPLICABLE,2,False,MAJOR,HIGH,"An executable topology is strongly implied, but the final outcome does not explicitly assign the actual inventory equipment IDs or provide a full structured connection chain. Because the inventory is strict-assignment and the rubric asks for executable order, this is a material documentation gap, though recoverable.",$.case_context.authoritative_inventory.pumps[0].equipment_id | $.case_context.authoritative_inventory.reactors[0].equipment_id | $.case_context.authoritative_inventory.pressure_controllers[0].equipment_id | $.case_context.authoritative_inventory.collectors[0].equipment_id | $.delivered_final_outcome.topology.inventory_selection | $.delivered_final_outcome.topology.reactor_type | $.delivered_final_outcome.streams[0].pump_equipment_id,"Available hardware exists: X-Cube HPLC pump, Cu/C CatCart, X-Cube BPR, vented collector | inventory_selection is empty | pump_equipment_id is null | topology only says packed-bed / no mixer; full connection order not explicitly enumerated in structured output","Feeds, pump, cartridge connector/reactor, heater, BPR, and collector should be connected in an explicit executable sequence using listed inventory items.","Explicitly assign pump_xcube_hplc → connector_xcube_cart/reactor_cuc_cart_030 in heater_xcube → bpr_xcube_20 → collector_amber_100, and populate the stream pump_equipment_id accordingly."
N2-70AC5DB5,openai,openai,Qwen3.8-27B,qwen,One-shot,CuAAC,UO-06,APPLICABLE,3,False,MINOR,HIGH,"The liquid balance is mostly coherent: at 0.25 M and 0.3 mL/min, benzyl azide molar flow is 0.075 mmol/min, and the inferred phenylacetylene flow at 0.275 M is 0.0825 mmol/min, preserving 1.1 equiv. The minor defect is that these molar flows/equivalents are not explicitly tabulated in the delivered output.",$.delivered_final_outcome.parameters.concentration_M | $.delivered_final_outcome.parameters.flow_rate_mL_min | $.delivered_final_outcome.streams[0].contents[0] | $.delivered_final_outcome.deterministic_verification_sheet.top_level_volume_flow_time_closure,Benzyl azide 0.25 M at 0.3 mL/min | Phenylacetylene indicated as 0.275 M in same stream | Top-level Q×τ closure passes exactly for 0.3 mL reactor and 0.3 mL/min flow,Liquid concentrations and flow rates should reproduce coherent molar flows and stoichiometry for the single premixed stream.,Add explicit component molar flow calculations for the premixed stream and align the structured equivalence fields with the textual composition.
N2-70AC5DB5,openai,openai,Qwen3.8-27B,qwen,One-shot,CuAAC,UO-07,APPLICABLE,4,False,NONE,HIGH,"The reactor volume, flow rate, and stated catalyst-contact residence time are mathematically consistent and match the available cartridge volume. The deterministic verification sheet confirms exact closure.",$.delivered_final_outcome.parameters.reactor_volume_mL | $.delivered_final_outcome.parameters.flow_rate_mL_min | $.delivered_final_outcome.parameters.residence_time_min | $.delivered_final_outcome.parameters.residence_time_basis | $.delivered_final_outcome.deterministic_verification_sheet.top_level_volume_flow_time_closure,"reactor_volume_mL = 0.3 | flow_rate_mL_min = 0.3 | residence_time_min = 1.0 | Q×τ = 0.3 mL, relative error 0.0",Residence time and geometry should numerically close on the stated catalyst-contact basis.,None.
N2-70AC5DB5,openai,openai,Qwen3.8-27B,qwen,One-shot,CuAAC,UO-08,NOT_APPLICABLE,,False,NONE,HIGH,This is not a gas process.,$.case_context.applicability.gas_process,gas_process = false,Criterion applies only to gas-using designs.,None.
N2-70AC5DB5,openai,openai,Qwen3.8-27B,qwen,One-shot,CuAAC,UO-09,NOT_APPLICABLE,,False,NONE,HIGH,This is a single reactive stage design.,$.case_context.applicability.multistage_process,multistage_process = false,Criterion applies only to processes with more than one reactive stage.,None.
N2-70AC5DB5,openai,openai,Qwen3.8-27B,qwen,One-shot,CuAAC,UO-10,APPLICABLE,2,False,MAJOR,HIGH,"The operating point is feasible with the supplied X-Cube inventory and does not exceed hard limits. However, the outcome stops short of explicitly selecting the inventory items in a strict-assignment setting, which is a material but recoverable feasibility/documentation defect.",$.case_context.authoritative_inventory | $.delivered_final_outcome.parameters.flow_rate_mL_min | $.delivered_final_outcome.parameters.temperature_C | $.delivered_final_outcome.parameters.BPR_bar | $.delivered_final_outcome.topology.inventory_selection | $.delivered_final_outcome.streams[0].pump_equipment_id,"Chosen operating point 0.3 mL/min, 80 °C, 20 bar is within declared pump/reactor/heater/BPR limits | No explicit structured assignment of actual equipment IDs despite strict_assignment inventory",Every selected equipment item should exist in inventory and be assigned explicitly; operating conditions must remain within hard limits.,"Name the exact inventory items used for pump, reactor/cartridge, connector, heater, BPR, tubing/body, collector, and shield in the final design."
N2-70AC5DB5,openai,openai,Qwen3.8-27B,qwen,One-shot,CuAAC,UO-11,APPLICABLE,2,False,MAJOR,MEDIUM,"The selected 80 °C/20 bar operating point is likely physically plausible for acetone in a small stainless packed cartridge, and using a premixed homogeneous feed reduces mixing complexity. Still, the output does not support this with even brief phase/pressure-drop reasoning, nor does it address possible bed fouling or copper fines/catalyst leaching considerations. That omission is material for executable engineering review but recoverable.",$.delivered_final_outcome.parameters.temperature_C | $.delivered_final_outcome.parameters.BPR_bar | $.delivered_final_outcome.parameters.pressure_absolute_bar | $.delivered_final_outcome.safety_controls | $.delivered_final_outcome.disposition_rationale,"Conservative 80 °C and 20 bar selected | Pressure monitoring mentioned | No discussion of acetone vapor pressure margin, packed-bed pressure drop, or solids/plugging behavior | No absolute pressure reported","Phase behavior, pressure containment, and transport assumptions should be plausibly supported at the proposed operating point.","Add a short physical-justification note covering liquid-phase maintenance of acetone under 20 bar backpressure, expectation of low plugging risk for a homogeneous premix, and a plan to monitor differential pressure/effluent appearance for bed issues or fines."
N2-70AC5DB5,openai,openai,Qwen3.8-27B,qwen,One-shot,CuAAC,UO-12,APPLICABLE,2,False,MAJOR,HIGH,"Key azide and pressure hazards are recognized, but the controls are too high level. Necessary concrete controls for an azide-bearing pressurized system—especially leak testing before charging azide, heat only under flow/backpressure, controlled depressurization/cooldown, and azide-compatible segregated waste handling—are not fully specified. This is a material safety incompleteness.",$.case_context.protocol | $.case_context.authoritative_inventory.safety_accessories[0].equipment_id | $.delivered_final_outcome.safety_controls | $.delivered_final_outcome.chemistry_and_operations.pre_reactor_steps | $.delivered_final_outcome.chemistry_and_operations.post_reactor_steps,"Mentions azide blast shield/secondary containment | Mentions pressure monitoring and starting at lower temperature | No explicit leak test, relief/depressurization sequence, small-inventory hold-up rationale, or azide-specific handling limits","Major azide and pressure hazards should be recognized and translated into concrete controls such as shielding, minimal inventory, purge/priming, leak testing, controlled heat-up, pressure monitoring, depressurization, and compatible waste handling.","Specify pre-azide leak test with acetone, operate behind safety_cuaac_shield, keep inventory minimal, heat cartridge only after establishing liquid flow and backpressure, cool before shutdown/depressurization, and collect/label azide- and copper-containing waste separately."
N2-70AC5DB5,openai,openai,Qwen3.8-27B,qwen,One-shot,CuAAC,UO-13,APPLICABLE,1,False,MAJOR,HIGH,"The delivered instructions are not sufficient to reconstruct and safely execute the experiment end-to-end. Multiple operational essentials are missing, including exact feed preparation, equipment hookup order, priming/startup details, when to begin collecting product relative to holdup, and the shutdown/depressurization sequence. Substantial procedural augmentation is required.",$.delivered_final_outcome.chemistry_and_operations.pre_reactor_steps | $.delivered_final_outcome.chemistry_and_operations.post_reactor_steps | $.delivered_final_outcome.topology | $.delivered_final_outcome.streams[0] | $.delivered_final_outcome.parameters,"Basic prep/purge and generic workup given | No explicit feed recipe amounts/volumes | No leak-test procedure, priming volume, startup sequence, steady-state qualification, collection window, shutdown/depressurization instructions, or waste handling details","The experiment should be reconstructable with reproducible feed preparation, startup, steady-state collection, shutdown, depressurization, quench/work-up, and waste procedures.","Provide a full numbered operating procedure: exact premix recipe; assemble specified hardware; leak test with acetone; prime cartridge and lines; set heater/BPR; establish steady flow; wait defined holdup/contact-time criterion before collection; collect specified fraction; cool, stop heat, flush with acetone, depressurize safely, and route copper/azide waste appropriately."
N2-70AC5DB5,openai,openai,Qwen3.8-27B,qwen,One-shot,CuAAC,UO-14,APPLICABLE,3,False,MINOR,HIGH,The candidate appropriately returns SCREEN and does not overclaim conversion or yield. The main calibration issue is overstated confidence relative to the incomplete operational and safety specification. Overall uncertainty framing is still mostly honest.,$.delivered_final_outcome.reported_disposition | $.delivered_final_outcome.disposition_rationale | $.delivered_final_outcome.evidence_and_reasoning.reasoning_per_field.confidence | $.delivered_final_outcome.evidence_and_reasoning.reasoning_per_field.engine_validated,reported_disposition = SCREEN | Explicitly says validation is needed and hardware supports safe screen | No unsupported yield/performance guarantee | Confidence stated as High despite acknowledged gaps and engine_validated = false,"Evidence, assumptions, uncertainty, and disposition should be represented honestly and proportionately, with SCREEN used when important validation remains.",Lower confidence to medium and explicitly state that reaction performance at 80 °C is unknown until conversion/selectivity and pressure stability are measured in the first screen.
N2-75DF0799,openai,openai,Qwen3.8-27B,qwen,One-shot,CuAAC,UO-01,APPLICABLE,4,False,NONE,HIGH,"The design preserves the intended transformation, substrates, catalyst strategy, and thermal liquid-phase packed-bed modality. No unsupported substitution is introduced.",$.case_context.protocol | $.delivered_final_outcome.chemistry_and_operations.chemistry_notes | $.delivered_final_outcome.parameters.temperature_C | $.delivered_final_outcome.parameters.reactor_type,CuAAC cycloaddition | substrate feed includes benzyl azide and phenylacetylene | Cu/C packed-bed cartridge retained as heterogeneous catalyst | thermal packed-bed flow modality at 150 C,"Preserve benzyl azide + phenylacetylene CuAAC to the 1,4-disubstituted triazole using Cu/C catalyst strategy in a single liquid thermal packed-bed flow regime without unsupported substitution.",
N2-75DF0799,openai,openai,Qwen3.8-27B,qwen,One-shot,CuAAC,UO-02,APPLICABLE,3,False,MINOR,HIGH,"All required materials are present. Minor defect: the stream object only reports a single concentration and omits explicit separate concentration/equivalent fields for phenylacetylene, though the pre-reactor step gives the needed amounts.",$.delivered_final_outcome.chemistry_and_operations.pre_reactor_steps[0] | $.delivered_final_outcome.streams[0].contents | $.delivered_final_outcome.streams[0].solvent | $.delivered_final_outcome.stages[0].id | $.delivered_final_outcome.stages[2].id,Feed prepared in acetone with 0.50 mmol benzyl azide and 0.55 mmol phenylacetylene in 2.0 mL | Cu/C cartridge selected: reactor_cuc_cart_030 | BPR selected: bpr_xcube_20 | Single premixed liquid feed,"All required reactive components and process materials should be present and correctly assigned: benzyl azide, phenylacetylene, acetone, Cu/C cartridge, pump, heater, BPR, and collection vessel.","Explicitly report both component concentrations in the feed stream, including phenylacetylene at 0.275 M and 1.1 equiv."
N2-75DF0799,openai,openai,Qwen3.8-27B,qwen,One-shot,CuAAC,UO-03,APPLICABLE,2,False,MAJOR,HIGH,"The underlying preparation is chemically coherent, but the delivered quantitative feed specification is incomplete/inconsistent because the stream section collapses both reagents into one concentration and one equivalent value. This is a material reporting defect requiring revision before execution records are complete.",$.delivered_final_outcome.chemistry_and_operations.pre_reactor_steps[0] | $.delivered_final_outcome.parameters.concentration_M | $.delivered_final_outcome.streams[0].concentration_M | $.delivered_final_outcome.streams[0].molar_equiv,Prepared 2.0 mL containing 0.50 mmol benzyl azide and 0.55 mmol phenylacetylene | Reported concentration_M = 0.25 | Stream molar_equiv = 1.0 | No explicit stream-level phenylacetylene concentration or equivalent,"For 0.50 mmol benzyl azide and 0.55 mmol phenylacetylene in 2.0 mL acetone, concentrations should be 0.25 M and 0.275 M respectively, with phenylacetylene at 1.1 equiv, and feed composition should be explicitly coherent.",Report per-component feed composition explicitly: benzyl azide 0.25 M (1.0 equiv) and phenylacetylene 0.275 M (1.1 equiv) in acetone.
N2-75DF0799,openai,openai,Qwen3.8-27B,qwen,One-shot,CuAAC,UO-04,APPLICABLE,3,False,MINOR,MEDIUM,"The key chemistry conditions are translated faithfully, but the explicit stage sequence in the stages array is listed out of physical order even though the narrative implies the correct order. Minor mapping defect only.",$.delivered_final_outcome.chemistry_and_operations.pre_reactor_steps[2] | $.delivered_final_outcome.chemistry_and_operations.pre_reactor_steps[3] | $.delivered_final_outcome.chemistry_and_operations.pre_reactor_steps[4] | $.delivered_final_outcome.parameters.BPR_bar | $.delivered_final_outcome.stages,Premixed single feed | Purge with acetone to remove air | Start pump at 0.1 mL/min | Heat reactor to 150 C | BPR set to 20 bar,"Chemistry-critical conditions should include premixed single-feed introduction to the heated Cu/C bed under 20 bar backpressure and defined temperature, with stage order physically matching pump -> heated reactor -> BPR -> collection.",List stages in executable physical order and state explicitly: pump -> heated Cu/C cartridge -> BPR -> vented collector.
N2-75DF0799,openai,openai,Qwen3.8-27B,qwen,One-shot,CuAAC,UO-05,APPLICABLE,1,True,CRITICAL,HIGH,"A required unit-operation connection map is not delivered in executable order. The stage list places the reactor before the pump and omits explicit downstream collection connectivity, so the topology as reported cannot be executed unambiguously from the structured output alone.",$.delivered_final_outcome.stages[0] | $.delivered_final_outcome.stages[1] | $.delivered_final_outcome.stages[2] | $.delivered_final_outcome.topology | $.delivered_final_outcome.streams[0].introduction_stage,"Stages listed as reactor, then pump, then BPR | No explicit collector or waste node in topology | No explicit connectivity map | Stream introduction_stage = 1 despite ambiguous stage ordering","Executable topology must unambiguously connect premixed feed reservoir/HPLC pump to heated Cu/C cartridge, then to 20 bar BPR, then to vented collection vessel, using only listed inventory.",Provide an explicit ordered topology: feed reservoir -> pump_xcube_hplc -> reactor_cuc_cart_030 in heater_xcube at 150 C -> bpr_xcube_20 at 20 bar -> collector_amber_100 behind safety_cuaac_shield.
N2-75DF0799,openai,openai,Qwen3.8-27B,qwen,One-shot,CuAAC,UO-06,APPLICABLE,3,False,MINOR,HIGH,The core liquid balance and dilution are numerically consistent from the preparation statement and flow rate. Minor defect: molar flows and the second component concentration are not explicitly tabulated in the final structured fields.,$.delivered_final_outcome.chemistry_and_operations.pre_reactor_steps[0] | $.delivered_final_outcome.parameters.flow_rate_mL_min | $.delivered_final_outcome.parameters.reactor_volume_mL | $.delivered_final_outcome.evidence_and_reasoning.reasoning_per_field.flow_rate_mL_min,0.50 mmol benzyl azide in 2.0 mL => 0.25 M | 0.55 mmol phenylacetylene in 2.0 mL => 0.275 M | Flow rate 0.1 mL/min | Reactor volume 0.3 mL,"At 0.1 mL/min, molar flows are 0.025 mmol/min benzyl azide and 0.0275 mmol/min phenylacetylene, preserving 1.1 equiv and matching the stated total liquid flow.",Add explicit component molar flow values and both component concentrations to the structured output.
N2-75DF0799,openai,openai,Qwen3.8-27B,qwen,One-shot,CuAAC,UO-07,APPLICABLE,4,False,NONE,HIGH,The residence-time and geometry closure are correct and explicitly supported by the deterministic verification sheet.,$.delivered_final_outcome.parameters.reactor_volume_mL | $.delivered_final_outcome.parameters.flow_rate_mL_min | $.delivered_final_outcome.parameters.residence_time_in_channel_min | $.deterministic_verification_sheet.top_level_volume_flow_time_closure,"Reactor volume 0.3 mL | Flow 0.1 mL/min | Residence time 3.0 min | Verification sheet Q*tau = 0.3 mL, relative_error 0.0",Residence-time closure should satisfy tau = V/Q = 0.3/0.1 = 3.0 min with mathematically consistent reactor volume and flow.,
N2-75DF0799,openai,openai,Qwen3.8-27B,qwen,One-shot,CuAAC,UO-08,NOT_APPLICABLE,,False,NONE,HIGH,This is not a gas-using process.,$.case_context.applicability.gas_process,gas_process = false,N/A when gas_process is false.,
N2-75DF0799,openai,openai,Qwen3.8-27B,qwen,One-shot,CuAAC,UO-09,NOT_APPLICABLE,,False,NONE,HIGH,This is not a more-than-one-reactive-stage process.,$.case_context.applicability.multistage_process,multistage_process = false,N/A when multistage_process is false.,
N2-75DF0799,openai,openai,Qwen3.8-27B,qwen,One-shot,CuAAC,UO-10,APPLICABLE,3,False,MINOR,HIGH,The selected hardware exists and operating points are within declared limits. Minor defect: heater_xcube and collector_amber_100 are referenced narratively but not clearly instantiated in the structured stages/topology inventory selection.,$.case_context.authoritative_inventory.pumps[0] | $.case_context.authoritative_inventory.reactors[0] | $.case_context.authoritative_inventory.pressure_controllers[0] | $.delivered_final_outcome.parameters.flow_rate_mL_min | $.delivered_final_outcome.parameters.temperature_C | $.delivered_final_outcome.parameters.BPR_bar,Pump range 0.1-3.0 mL/min; proposed 0.1 mL/min | Reactor max 200 C and 40 bar; proposed 150 C and 20 bar | BPR fixed at 20 bar; proposed 20 bar | 4 mm stainless steel cartridge hardware selected,All selected equipment must exist in inventory and be operated within hard limits.,"Explicitly include heater_xcube, collector_amber_100, and safety_cuaac_shield in the structured equipment assignment."
N2-75DF0799,openai,openai,Qwen3.8-27B,qwen,One-shot,CuAAC,UO-11,APPLICABLE,2,False,MAJOR,MEDIUM,"The design is likely plausible, but support is only qualitative. It does not substantiate transport/phase assumptions or discuss whether cartridge volume refers to total cartridge volume versus liquid holdup in a packed bed, which materially affects contact time interpretation.",$.delivered_final_outcome.chemistry_and_operations.chemistry_notes | $.delivered_final_outcome.parameters.temperature_C | $.delivered_final_outcome.parameters.BPR_bar | $.delivered_final_outcome.safety_controls,"Assumes 3 min packed-bed residence matches microwave batch time | Operates acetone feed at 150 C under 20 bar | No quantitative discussion of acetone vapor pressure margin, packed-bed pressure drop, or holdup/voidage effects","Physical plausibility should address maintaining single liquid phase under 20 bar at 150 C, packed-bed transport assumptions, and the uncertainty of translating microwave batch to heated packed-bed flow.","Add a brief physical justification for liquid-phase operation at 150 C/20 bar and clarify whether 0.3 mL is treated as catalyst-contact holdup or total internal volume for residence-time purposes, with associated screening uncertainty."
N2-75DF0799,openai,openai,Qwen3.8-27B,qwen,One-shot,CuAAC,UO-12,APPLICABLE,2,False,MAJOR,HIGH,"Major azide and pressure hazards are recognized, but controls remain high-level and incomplete for safe execution of a heated pressurized azide screen.",$.delivered_final_outcome.safety_controls | $.delivered_final_outcome.chemistry_and_operations.pre_reactor_steps[2] | $.delivered_final_outcome.chemistry_and_operations.post_reactor_steps[0] | $.delivered_final_outcome.disposition_rationale,"Blast shield and secondary containment noted | Purge with acetone to remove air | 20 bar BPR and vented collection vessel used | No explicit relief/depressurization sequence, no small-inventory limit, no blocked-line/overpressure response, no hot azide-specific startup/shutdown control","Hazards specific to heated pressurized organic azide service should be recognized and converted into concrete controls such as shielded operation, minimal hold-up, careful heat-up before feed, depressurization/cool-down before opening, leak checks, and response to plugging/overpressure.","Add concrete controls: leak test cold with acetone, heat to setpoint before introducing azide, maintain minimum feed inventory, never dead-head the pump, collect behind shield, cool and depressurize before disconnecting, and define immediate shutdown if pressure rises or flow becomes unstable."
N2-75DF0799,openai,openai,Qwen3.8-27B,qwen,One-shot,CuAAC,UO-13,APPLICABLE,2,False,MAJOR,HIGH,The procedure is partially reconstructable but lacks several required operational details needed for safe reproducible screening.,$.delivered_final_outcome.chemistry_and_operations.pre_reactor_steps | $.delivered_final_outcome.chemistry_and_operations.post_reactor_steps | $.delivered_final_outcome.reported_disposition,"Feed prep given | Acetone purge given | Start pump and heat reactor given | Collection and generic workup given | No steady-state qualification, no normal shutdown sequence, no emergency shutdown/depressurization, no waste handling details","Procedure should be reconstructable, including priming, leak test, startup order, steady-state criterion, collection window, shutdown/depressurization, quench/work-up, and waste handling.","Add explicit startup and shutdown instructions, define when steady state is reached before collecting, describe depressurization through the BPR after cooling, and specify handling/disposal of azide-containing flushes and chromatography waste."
N2-75DF0799,openai,openai,Qwen3.8-27B,qwen,One-shot,CuAAC,UO-14,APPLICABLE,4,False,NONE,HIGH,"The candidate appropriately avoids overclaiming, identifies uncertainty in batch-to-flow translation, and returns SCREEN as required by the case constraints.",$.delivered_final_outcome.reported_disposition | $.delivered_final_outcome.disposition_rationale | $.delivered_final_outcome.parameters.confidence | $.delivered_final_outcome.evidence_and_reasoning.reasoning_per_field.confidence | $.delivered_final_outcome.evidence_and_reasoning.reasoning_per_field.engine_validated,Disposition = SCREEN | Confidence = Medium | Engine validated = false | States microwave-to-flow translation requires validation and safety validation,"Claims should be proportionate, uncertainties disclosed, no invented performance guarantees, and SCREEN returned unless unsupported by inventory.",
N2-9273F68E,openai,openai,Qwen3.8-27B,qwen,One-shot,CuAAC,UO-01,APPLICABLE,4,False,NONE,HIGH,"The delivered design preserves the intended substrates, product class, Cu/C catalyst strategy, thermal modality, and single-liquid-feed packed-bed phase regime without unsupported substitution.",$.case_context.protocol | $.delivered_final_outcome.chemistry_and_operations.chemistry_notes | $.delivered_final_outcome.parameters.reactor_type | $.delivered_final_outcome.parameters.temperature_C,CuAAC with benzyl azide + phenylacetylene | Cu/C packed-bed catalyst preserved | thermal packed-bed flow modality | 150 °C in acetone,"Preserve benzyl azide + phenylacetylene CuAAC to the 1,4-disubstituted triazole using Cu/C catalyst strategy in a single premixed liquid feed packed-bed flow regime.",
N2-9273F68E,openai,openai,Qwen3.8-27B,qwen,One-shot,CuAAC,UO-02,APPLICABLE,2,False,MAJOR,HIGH,"Required reactants and solvent are present, and no unsafe new reactive component is introduced. However, the premixed feed composition is incomplete because phenylacetylene concentration/equivalents are not encoded cleanly in the stream specification, and post-reactor materials are left vague.",$.case_context.protocol | $.delivered_final_outcome.chemistry_and_operations.pre_reactor_steps[0] | $.delivered_final_outcome.streams[0].contents | $.delivered_final_outcome.streams[0].concentration_M | $.delivered_final_outcome.chemistry_and_operations.post_reactor_steps[1],"Premix lists 0.50 mmol benzyl azide and 0.55 mmol phenylacetylene in acetone | Stream contents are 'Benzyl azide, Phenylacetylene' | Only one concentration reported: 0.25 M | Post-reactor quench/workup is unspecified and says 'if necessary' / 'assume standard workup'","All reactive components should be explicitly present and correctly assigned, including clear reactant composition/concentrations for the premixed feed; work-up reagents should not be left as vague assumptions where procedure requests explicit reporting.",Explicitly report the full feed composition for both reactants in molarity/equivalents within the stream definition and specify any actual quench/work-up materials or state no quench is used before collection.
N2-9273F68E,openai,openai,Qwen3.8-27B,qwen,One-shot,CuAAC,UO-03,APPLICABLE,1,False,MAJOR,HIGH,"Although the narrative implies a correct batch-derived stoichiometry, the actual structured feed specification is incomplete and inconsistent, listing only one concentration and 1.0 equiv for the combined stream. This is a material reproducibility defect requiring revision before execution.",$.case_context.protocol | $.delivered_final_outcome.streams[0].concentration_M | $.delivered_final_outcome.streams[0].molar_equiv | $.delivered_final_outcome.streams[0].molar_equiv_basis | $.delivered_final_outcome.streams[0].concentration_basis | $.delivered_final_outcome.chemistry_and_operations.pre_reactor_steps[0],Only 0.25 M reported for the feed | Stream molar_equiv = 1.0 | molar_equiv_basis is blank | concentration_basis is blank | Narrative premix states 0.50 mmol azide and 0.55 mmol phenylacetylene in 2.0 mL,"Stoichiometry and feed chemistry should explicitly encode both reactant concentrations/equivalents coherently, e.g. benzyl azide 0.25 M and phenylacetylene 0.275 M (1.1 equiv) in acetone, with no ambiguity in basis.","Report separate component concentrations and basis for the premixed feed, including phenylacetylene at 1.1 equiv (0.275 M if total volume remains 2.0 mL) and benzyl azide at 0.25 M."
N2-9273F68E,openai,openai,Qwen3.8-27B,qwen,One-shot,CuAAC,UO-04,APPLICABLE,3,False,MINOR,HIGH,"Chemistry-critical conditions are mostly mapped faithfully: premixing, thermal operation, pressurization, and residence time are stated. Minor weakness: absolute pressure is omitted and the writeup loosely equates batch 3 min with cartridge contact time despite acknowledging translation uncertainty.",$.delivered_final_outcome.parameters.temperature_C | $.delivered_final_outcome.parameters.BPR_bar | $.delivered_final_outcome.chemistry_and_operations.pre_reactor_steps | $.delivered_final_outcome.parameters.residence_time_min | $.delivered_final_outcome.disposition_rationale,150 °C | 20 bar gauge reported | single premixed feed through Cu/C cartridge | 3.0 min catalyst-contact residence time | SCREEN disposition due to uncertainty in microwave-to-flow translation,"Temperature, pressure, single-feed order, and catalyst-contact stage should be translated faithfully; uncertainty versus batch microwave should be acknowledged without claiming equivalence.","State absolute pressure explicitly and clarify that 3 min is a conservative screening contact time, not a proven equivalent to batch microwave heating."
N2-9273F68E,openai,openai,Qwen3.8-27B,qwen,One-shot,CuAAC,UO-05,APPLICABLE,2,False,MAJOR,HIGH,"The narrative gives a plausible executable order using available hardware, but the structured topology is incomplete and internally disordered, with no explicit collector stage and no pump assignment for the stream. This is recoverable but material for execution handoff.",$.delivered_final_outcome.chemistry_and_operations.pre_reactor_steps | $.delivered_final_outcome.stages | $.delivered_final_outcome.topology | $.delivered_final_outcome.streams[0].pump_equipment_id,"Narrative order: pump -> CatCart -> BPR -> vented collector | Stages array order is reactor, pump, bpr | No collector stage object | pump_equipment_id is null","Executable topology should be represented in a correct connected order with assigned feed/pump/stage identities from feed through reactor, BPR, and collection.","Provide a consistent structured topology in actual process order, include the collection vessel as the terminal node, and assign the feed stream to pump_xcube_hplc explicitly."
N2-9273F68E,openai,openai,Qwen3.8-27B,qwen,One-shot,CuAAC,UO-06,APPLICABLE,2,False,MAJOR,HIGH,"The volume-flow-time calculation is correct and dimensionally valid, but liquid material balance is incomplete because the structured output omits phenylacetylene concentration/molar flow and does not explicitly reproduce component molar feed rates or equivalents. Revision is needed before execution.",$.delivered_final_outcome.parameters.flow_rate_mL_min | $.delivered_final_outcome.parameters.reactor_volume_mL | $.delivered_final_outcome.parameters.residence_time_min | $.delivered_final_outcome.streams[0].concentration_M | $.case_context.protocol | $.deterministic_verification_sheet.top_level_volume_flow_time_closure,Q = 0.1 mL/min | V = 0.3 mL | tau = 3.0 min | Only 0.25 M concentration reported for feed | Mechanical volume-flow-time closure passes,Liquid material balance should reproduce component molar flows and equivalents explicitly; for the stated recipe both reactant molar concentrations and resulting molar feed rates should be calculable and coherent.,"Report component molar flows at 0.1 mL/min, including benzyl azide 0.025 mmol/min and phenylacetylene 0.0275 mmol/min if using the stated 2.0 mL recipe, and encode both concentrations/equivalents clearly."
N2-9273F68E,openai,openai,Qwen3.8-27B,qwen,One-shot,CuAAC,UO-07,APPLICABLE,4,False,NONE,HIGH,"The reported catalyst-contact residence time is mathematically consistent with the declared cartridge volume and liquid flow, and the verification sheet confirms closure.",$.delivered_final_outcome.parameters.reactor_volume_mL | $.delivered_final_outcome.parameters.flow_rate_mL_min | $.delivered_final_outcome.parameters.residence_time_in_channel_min | $.delivered_final_outcome.parameters.residence_time_basis | $.deterministic_verification_sheet.top_level_volume_flow_time_closure,reactor volume 0.3 mL | flow 0.1 mL/min | residence time 3.0 min | basis V/Q | verification sheet relative_error 0.0,Reactor geometry/volume and residence time should close numerically and be physically possible for the declared design.,
N2-9273F68E,openai,openai,Qwen3.8-27B,qwen,One-shot,CuAAC,UO-08,NOT_APPLICABLE,,False,NONE,HIGH,This is not a gas-reagent or gas-liquid process.,$.case_context.applicability.gas_process,gas_process = false,N/A only when gas_process is false.,
N2-9273F68E,openai,openai,Qwen3.8-27B,qwen,One-shot,CuAAC,UO-09,NOT_APPLICABLE,,False,NONE,HIGH,This is not a multistage reactive process.,$.case_context.applicability.multistage_process,multistage_process = false,N/A only when multistage_process is false.,
N2-9273F68E,openai,openai,Qwen3.8-27B,qwen,One-shot,CuAAC,UO-10,APPLICABLE,3,False,MINOR,HIGH,"Selected equipment exists and operating points are within limits. Minor defect: the writeup says 'load solution into X-Cube HPLC pump syringe/loop,' but no syringe/loop is listed in inventory; however, this does not alter the core feasible equipment set for the screen.",$.case_context.authoritative_inventory.pumps[0] | $.case_context.authoritative_inventory.reactors[0] | $.case_context.authoritative_inventory.pressure_controllers[0] | $.case_context.authoritative_inventory.collectors[0] | $.delivered_final_outcome.parameters.flow_rate_mL_min | $.delivered_final_outcome.parameters.temperature_C | $.delivered_final_outcome.parameters.BPR_bar,"Pump max 3.0 / min 0.1 mL/min; design uses 0.1 mL/min | Reactor max 200 °C, 40 bar; design uses 150 °C, 20 bar | BPR available only at 20 bar; design uses 20 bar | Vented collector max pressure 1 bar after BPR",Every selected item must exist in inventory and be operated within stated limits with compatible connectivity.,Avoid referencing unlisted loading hardware or specify feed charging only in terms of the available pump setup documented by the instrument.
N2-9273F68E,openai,openai,Qwen3.8-27B,qwen,One-shot,CuAAC,UO-11,APPLICABLE,2,False,MAJOR,MEDIUM,"The operating point may be plausible, and SCREEN is appropriately conservative, but the physical/transport discussion is too thin for hot acetone through a packed bed containing energetic azide solution. Key assumptions about single-phase operation, pressure margin, and bed transport are not supported concretely.",$.delivered_final_outcome.evidence_and_reasoning.reasoning_per_field.BPR_bar | $.delivered_final_outcome.parameters.temperature_C | $.delivered_final_outcome.parameters.BPR_bar | $.delivered_final_outcome.evidence_and_reasoning.reasoning_per_field.residence_time_basis | $.delivered_final_outcome.safety_controls,"Acetone at 150 °C held by 20 bar gauge rationale stated qualitatively | Packed-bed plug-flow assumption used without qualification | No explicit discussion of pressure drop, void fraction, or hot-spot/boiling margin | safety_controls array is empty",Physical plausibility should address liquid-phase maintenance at the proposed pressure/temperature and acknowledge packed-bed transport limitations and pressure-drop/plugging risks with concrete controls or basis.,"Add an explicit statement of pressure margin versus acetone vapor pressure at 150 °C, note packed-bed pressure-drop/plugging monitoring, and define criteria to stop if gas formation, flow instability, or overpressure occurs."
N2-9273F68E,openai,openai,Qwen3.8-27B,qwen,One-shot,CuAAC,UO-12,APPLICABLE,1,True,CRITICAL,HIGH,"A major hazard set is recognized but not operationalized into concrete controls. For an energetic azide under hot pressurized flow, the lack of explicit containment, leak-test, depressurization, and interlock/response procedures is a criterion-specific critical omission of necessary controls.",$.case_context.protocol | $.delivered_final_outcome.evidence_and_reasoning.reasoning_per_field.safety_flags | $.delivered_final_outcome.chemistry_and_operations.pre_reactor_steps[4] | $.delivered_final_outcome.safety_controls | $.delivered_final_outcome.chemistry_and_operations.post_reactor_steps,"Hazards noted only in narrative safety_flags string | Blast shield/secondary containment mentioned in setup | safety_controls array is empty | No explicit purge, leak test, overpressure response, startup hold, shutdown depressurization, or azide-specific quantity/containment procedure","Major hazards from benzyl azide, hot pressurized acetone, and packed-bed operation must be converted into concrete controls such as shielded enclosure use, leak testing, controlled heat-up under flow, BPR verification, depressurization procedure, and emergency shutdown criteria.","Populate explicit safety controls covering shielded enclosure, minimal azide inventory, leak testing at pressure before heating, verify BPR orientation/setpoint, controlled heat-up under flow, no dead-heading, emergency cool-down/shutdown, and full depressurization before disconnection/collection handling."
N2-9273F68E,openai,openai,Qwen3.8-27B,qwen,One-shot,CuAAC,UO-13,APPLICABLE,1,True,CRITICAL,HIGH,"The experiment cannot be reconstructed safely or reproducibly from the delivered instructions. Missing startup, steady-state, and shutdown/depressurization steps create an immediate execution hazard for a hot pressurized azide process.",$.delivered_final_outcome.chemistry_and_operations.pre_reactor_steps | $.delivered_final_outcome.chemistry_and_operations.post_reactor_steps | $.delivered_final_outcome.safety_controls | $.delivered_final_outcome.disposition_rationale,Feed preparation is basic only | No leak testing or priming instructions | No startup sequence or steady-state qualification | No explicit shutdown/depressurization procedure | Work-up is 'standard' and assumed,"A reproducible operating procedure should include feed preparation, priming, startup, heat/pressure sequence, steady-state qualification, collection window, shutdown, depressurization, quench/work-up, and waste handling.","Provide a stepwise SOP covering priming with solvent, leak test, pressurize before heating, establish 0.1 mL/min flow, wait one reactor volume or defined steady-state criterion before collection, collect defined fraction, cool and depressurize before opening, and specify work-up and waste handling."
N2-9273F68E,openai,openai,Qwen3.8-27B,qwen,One-shot,CuAAC,UO-14,APPLICABLE,3,False,MINOR,HIGH,"The candidate appropriately chooses SCREEN and acknowledges important uncertainty. Minor inconsistency exists between the LOW confidence field and a narrative statement of 'High confidence in feasibility,' but this does not amount to invented evidence or an unsafe execute recommendation.",$.delivered_final_outcome.reported_disposition | $.delivered_final_outcome.disposition_rationale | $.delivered_final_outcome.parameters.engine_validated | $.delivered_final_outcome.parameters.confidence | $.delivered_final_outcome.evidence_and_reasoning.reasoning_per_field.confidence,reported_disposition = SCREEN | engine_validated = false | confidence LOW in parameters object | disposition rationale acknowledges microwave-to-flow uncertainty and azide verification needs,"Evidence, assumptions, and uncertainty should be presented honestly, with SCREEN used when validation is still needed and no unsupported guarantee of performance.",Harmonize the confidence statements and tie predicted performance explicitly to validation needs rather than general analogy.
N2-D18E933B,openai,openai,Qwen3.8-27B,qwen,FlowPilot,CuAAC,UO-01,APPLICABLE,4,False,NONE,HIGH,"The design keeps the intended substrate/coupling partner pair, Cu/C catalyst strategy, flow liquid-phase modality, and packed-bed catalyst implementation.",$.delivered_final_outcome.chemistry_and_operations.chemistry_identity.reaction_name | $.delivered_final_outcome.chemistry_and_operations.stream_components | $.delivered_final_outcome.topology.unit_operations[1].inventory_item_id,copper-catalyzed azide-alkyne cycloaddition | benzyl azide + phenylacetylene in acetone | Cu/C CatCart packed-bed cartridge,Preserve CuAAC of benzyl azide with phenylacetylene using Cu/C packed-bed catalytic strategy in liquid phase without unsupported modality substitution.,
N2-D18E933B,openai,openai,Qwen3.8-27B,qwen,FlowPilot,CuAAC,UO-02,APPLICABLE,3,False,MINOR,HIGH,"Required reagents and solvent are present, and Cu/C is correctly assigned to the packed-bed cartridge. Minor defect: feed-prep omits an explicit statement that the cartridge itself is the catalytic Cu/C source and does not restate catalyst loading context, though the topology makes this clear.",$.delivered_final_outcome.chemistry_and_operations.operating_procedure[0].instruction | $.delivered_final_outcome.chemistry_and_operations.stream_components | $.delivered_final_outcome.topology.instrument_manifest,"10 mL premix: benzyl azide 2.5 mmol, phenylacetylene 2.75 mmol, acetone to volume | stream A contains benzyl azide and phenylacetylene | Cu/C catalyst supplied by packed-bed cartridge",All required reactive components and solvent should be present and correctly assigned; Cu/C should be correctly embodied by the cartridge rather than dissolved feed.,State explicitly in the procedure that Cu/C is provided by the installed CatCart packed-bed and is not added to the liquid feed.
N2-D18E933B,openai,openai,Qwen3.8-27B,qwen,FlowPilot,CuAAC,UO-03,APPLICABLE,4,False,NONE,HIGH,"The premix composition reproduces the intended 1.0:1.1 stoichiometry at stated concentrations in acetone, with no incompatible feed combination introduced.",$.delivered_final_outcome.chemistry_and_operations.operating_procedure[0].instruction | $.delivered_final_outcome.streams[0] | $.delivered_final_outcome.parameters.flow_rate_mL_min,"benzyl azide 0.25 M, phenylacetylene 0.275 M in acetone | 1.0 equiv azide, 1.1 equiv alkyne | single premixed feed at 0.6 mL/min","Stoichiometry, concentrations, equivalents, and single-feed composition should be explicit and chemically compatible.",
N2-D18E933B,openai,openai,Qwen3.8-27B,qwen,FlowPilot,CuAAC,UO-04,APPLICABLE,4,False,NONE,HIGH,"Temperature, pressure, addition order, and single reactive stage are clearly mapped and remain chemically plausible for a conservative first screen.",$.delivered_final_outcome.parameters.temperature_C | $.delivered_final_outcome.parameters.BPR_bar | $.delivered_final_outcome.chemistry_and_operations.operating_procedure[13].parameter_bindings | $.delivered_final_outcome.chemistry_and_operations.pid_description,"150 C | 20 bar gauge | single stage packed-bed catalytic contact, 0.5 min basis | pump -> Cu/C cartridge -> BPR -> collector",Chemistry-critical conditions and stage mapping should faithfully translate the batch chemistry into a single premixed liquid feed through heated Cu/C cartridge under pressure.,
N2-D18E933B,openai,openai,Qwen3.8-27B,qwen,FlowPilot,CuAAC,UO-05,APPLICABLE,4,False,NONE,HIGH,The graph is complete and executable for the specified single-feed packed-bed screen.,$.delivered_final_outcome.topology.streams | $.delivered_final_outcome.topology.unit_operations | $.delivered_final_outcome.chemistry_and_operations.pid_description,"pump_a -> reactor_1 -> bpr_1 -> collector_1 | single HPLC pump, Cu/C cartridge, heater, BPR, collector | correct liquid process order","Topology should be physically executable with feed delivery, catalytic reactor, pressure control, and collection connected in correct order using only available inventory.",
N2-D18E933B,openai,openai,Qwen3.8-27B,qwen,FlowPilot,CuAAC,UO-06,APPLICABLE,4,False,NONE,HIGH,"The stated concentrations and flow rate give 0.25 mol/L × 0.0006 L/min = 0.150 mmol/min azide and 0.275 mol/L × 0.0006 L/min = 0.165 mmol/min alkyne, matching 1.1 equiv. Dimensions and throughput are coherent.",$.delivered_final_outcome.streams[0].flow_rate_mL_min | $.delivered_final_outcome.streams[0].concentration_M | $.delivered_final_outcome.chemistry_and_operations.operating_procedure[0].instruction | $.delivered_final_outcome.parameters.flow_rate_mL_min,Q = 0.6 mL/min | benzyl azide concentration = 0.25 M | phenylacetylene concentration = 0.275 M | 10 mL feed contains 2.5 mmol azide and 2.75 mmol alkyne,Liquid material balance should reproduce 0.150 mmol/min benzyl azide and 0.165 mmol/min phenylacetylene at 1.1 equiv in a 0.6 mL/min single feed.,
N2-D18E933B,openai,openai,Qwen3.8-27B,qwen,FlowPilot,CuAAC,UO-07,APPLICABLE,4,False,NONE,HIGH,"Reported volume, flow, and residence time are mathematically consistent and confirmed by the deterministic verification sheet.",$.delivered_final_outcome.parameters.reactor_volume_mL | $.delivered_final_outcome.parameters.flow_rate_mL_min | $.delivered_final_outcome.parameters.residence_time_min | $.deterministic_verification_sheet.top_level_volume_flow_time_closure,reactor volume = 0.3 mL | flow = 0.6 mL/min | residence time = 0.5 min | verification closure relative_error = 0.0,Residence time and reactor geometry should close numerically as tau = V/Q = 0.3/0.6 = 0.5 min.,
N2-D18E933B,openai,openai,Qwen3.8-27B,qwen,FlowPilot,CuAAC,UO-08,NOT_APPLICABLE,,False,NONE,HIGH,Criterion applicability rule is false.,$.case_context.applicability.gas_process,gas_process = false,N/A only because this is not a gas-reagent or gas-liquid process.,
N2-D18E933B,openai,openai,Qwen3.8-27B,qwen,FlowPilot,CuAAC,UO-09,NOT_APPLICABLE,,False,NONE,HIGH,Criterion applicability rule is false.,$.case_context.applicability.multistage_process | $.delivered_final_outcome.stages,multistage_process = false | stages = [],N/A only because this is not a multistage reactive process.,
N2-D18E933B,openai,openai,Qwen3.8-27B,qwen,FlowPilot,CuAAC,UO-10,APPLICABLE,4,False,NONE,HIGH,"The selected pump, Cu/C cartridge, heater, BPR, collector, and shield are all present and used within stated temperature, pressure, and flow limits.",$.case_context.authoritative_inventory.pumps[0] | $.case_context.authoritative_inventory.reactors[0] | $.case_context.authoritative_inventory.pressure_controllers[0] | $.delivered_final_outcome.topology.instrument_manifest,pump max flow 3.0 mL/min; used 0.6 mL/min | reactor max 200 C and 40 bar; used 150 C and 20 bar | BPR fixed/available at 20 bar; used 20 bar | all selected equipment IDs exist in inventory,All hardware must exist in inventory and be operated within declared limits.,
N2-D18E933B,openai,openai,Qwen3.8-27B,qwen,FlowPilot,CuAAC,UO-11,APPLICABLE,3,False,MINOR,MEDIUM,"Using 20 bar to suppress acetone boiling at 150 C in a small packed bed is plausible, and the blank hydraulic validation is appropriate. Minor defect: no explicit discussion of packed-bed pressure-drop/fines/solids evolution expectations beyond generic blockage response.",$.delivered_final_outcome.parameters.temperature_C | $.delivered_final_outcome.parameters.BPR_bar | $.delivered_final_outcome.evidence_and_reasoning.validation_experiments[0].procedure | $.delivered_final_outcome.safety_controls.hazards,150 C in acetone with 20 bar BPR | hydraulic blank run requested before chemistry | hazards include pressurized operation and energetic azide,The operating point should remain physically plausible with liquid maintained under pressure and transport risks acknowledged with practical checks.,Add an explicit note to monitor pressure rise across the cartridge and abort criteria for incipient plugging/fines generation during the hot acetone run.
N2-D18E933B,openai,openai,Qwen3.8-27B,qwen,FlowPilot,CuAAC,UO-12,APPLICABLE,3,False,MINOR,HIGH,The design recognizes the key hazards and includes concrete controls using the available shield and pressure procedures. Minor defect: compatibility control for organic azide in stainless hardware is stated generally rather than operationalized with explicit flushing/no-storage criteria.,$.delivered_final_outcome.safety_controls.controls | $.delivered_final_outcome.chemistry_and_operations.operating_procedure | $.case_context.authoritative_inventory.safety_accessories[0],"azide shielding/containment specified | pressure test, depressurization, blockage response specified | minimize azide holdup and avoid stagnant zones","Major azide and pressure hazards should be recognized and translated into concrete controls, including containment and no-opening-under-pressure practices.",Specify immediate post-run flushing and a prohibition on leaving azide-containing solution stagnant in the stainless cartridge/lines between runs.
N2-D18E933B,openai,openai,Qwen3.8-27B,qwen,FlowPilot,CuAAC,UO-13,APPLICABLE,2,False,MAJOR,HIGH,"The overall workflow is present, but key operational details remain insufficiently reconstructible: priming and shutdown flushing lack explicit solvent identity/volume or duration, and no explicit criterion is given for when the reactor is at safe handling temperature before opening. These are material but recoverable procedure gaps.",$.delivered_final_outcome.chemistry_and_operations.operating_procedure | $.delivered_final_outcome.chemistry_and_operations.operating_procedure[2].instruction | $.delivered_final_outcome.chemistry_and_operations.operating_procedure[16].instruction,"startup, steady-state, collection, shutdown steps included | priming says use declared solvent but no explicit flush solvent volume/time | shutdown says flush each compatible line without specifying solvent, rate, or duration","Operating procedure should be reproducible, including feed prep, priming, startup, steady-state qualification, collection, shutdown, depressurization, quench/work-up boundary, and waste handling with enough specificity to reconstruct execution safely.","Specify priming solvent as acetone, minimum flush volumes or times at defined flow, and an explicit safe-temperature threshold before opening/deinstalling the cartridge."
N2-D18E933B,openai,openai,Qwen3.8-27B,qwen,FlowPilot,CuAAC,UO-14,APPLICABLE,4,False,NONE,HIGH,"The candidate appropriately avoids overclaiming, labels the proposal as a first screen with low confidence, and proposes validation steps rather than guaranteed performance.",$.delivered_final_outcome.reported_disposition | $.delivered_final_outcome.disposition_rationale | $.delivered_final_outcome.evidence_and_reasoning.confidence | $.delivered_final_outcome.evidence_and_reasoning.validation_experiments,reported_disposition = SCREEN | confidence = LOW | states first experimental screen until wet-lab evidence validates it | includes validation experiments,"Evidence, uncertainty, and disposition should be represented honestly without unsupported performance guarantees; SCREEN is expected unless inventory cannot support safe design.",
N2-A8838A72,openai,openai,Qwen3.8-27B,qwen,FlowPilot,CuAAC,UO-01,APPLICABLE,4,False,NONE,HIGH,"The delivered design preserves the intended transformation, reactants, catalyst strategy, packed-bed flow modality, and liquid-phase regime. No unsupported substitution of catalyst or modality is introduced.",$.case_context.protocol | $.delivered_final_outcome.chemistry_and_operations.chemistry_identity.reaction_name | $.delivered_final_outcome.chemistry_and_operations.stream_components[0] | $.delivered_final_outcome.chemistry_and_operations.stream_components[1] | $.delivered_final_outcome.topology.unit_operations[1].inventory_item_id,CuAAC / copper-catalyzed azide-alkyne cycloaddition | substrate: benzyl azide | coupling partner: phenylacetylene | catalyst strategy preserved via Cu/C CatCart packed-bed cartridge,"Preserve benzyl azide + phenylacetylene CuAAC to the 1,4-disubstituted triazole using Cu/C packed-bed flow modality without unsupported substitution.",
N2-A8838A72,openai,openai,Qwen3.8-27B,qwen,FlowPilot,CuAAC,UO-02,APPLICABLE,3,False,MINOR,MEDIUM,"All required reactive materials are present and correctly assigned. Minor defect: the output does not restate catalyst loading equivalence relative to batch (10 mol% Cu), though the catalyst strategy is preserved with the fixed Cu/C cartridge and this does not block a first screen.",$.case_context.protocol | $.delivered_final_outcome.chemistry_and_operations.stream_components | $.delivered_final_outcome.streams[0].solvent | $.delivered_final_outcome.topology.unit_operations[1].inventory_item_id,benzyl azide present | phenylacetylene present | acetone present | Cu/C CatCart present as reactive packed-bed catalyst,"All required reagents, solvent, and Cu/C catalytic component should be present and correctly assigned.",State explicitly that catalyst loading is embodied by the inventory Cu/C cartridge and note that direct mol% equivalence to batch is not controlled in the packed-bed screen.
N2-A8838A72,openai,openai,Qwen3.8-27B,qwen,FlowPilot,CuAAC,UO-03,APPLICABLE,4,False,NONE,HIGH,Stoichiometry and composition are explicit and internally coherent. The premixed acetone feed matches the hard constraint and preserves the intended 1.1 equiv alkyne excess without introducing incompatibility.,$.delivered_final_outcome.chemistry_and_operations.operating_procedure[0].instruction | $.delivered_final_outcome.chemistry_and_operations.stream_components | $.delivered_final_outcome.streams[0] | $.delivered_final_outcome.parameters.flow_rate_mL_min,10 mL feed: benzyl azide 2.5 mmol = 0.25 M | phenylacetylene 2.75 mmol = 0.275 M | equivalents 1.0 : 1.1 | single premixed acetone feed at 0.3 mL/min,"Explicit coherent concentrations, equivalents, feed composition, and a chemically compatible premixed single liquid feed.",
N2-A8838A72,openai,openai,Qwen3.8-27B,qwen,FlowPilot,CuAAC,UO-04,APPLICABLE,3,False,MINOR,MEDIUM,"Temperature, pressure, single-stage packed-bed mapping, and feed order are specified and plausible for a conservative first screen. Minor issue: the procedure uses 3 min as a steady-state wait while the actual reported catalyst-contact residence time is 1 min, which is operationally conservative but somewhat confusing because it echoes the batch reaction time rather than purely the calculated flow basis.",$.case_context.protocol | $.delivered_final_outcome.parameters.temperature_C | $.delivered_final_outcome.parameters.BPR_bar | $.delivered_final_outcome.chemistry_and_operations.operating_procedure[13] | $.delivered_final_outcome.topology.pid_description,temperature 150 C | pressure 20 bar gauge | single packed-bed stage | steady-state wait of 3 min before collection,"Chemistry-critical conditions and stage mapping should faithfully translate the batch reaction into a conservative packed-bed flow screen with clear pressure, temperature, order, and stage boundaries.","Clarify that 3 min is a three-residence-time stabilization period, not the reactor residence time, and keep the residence-time basis separate from the batch time reference."
N2-A8838A72,openai,openai,Qwen3.8-27B,qwen,FlowPilot,CuAAC,UO-05,APPLICABLE,4,False,NONE,HIGH,The topology is physically executable and correctly ordered for a single premixed liquid feed through the Cu/C cartridge with downstream pressure control and collection.,$.delivered_final_outcome.chemistry_and_operations.pid_description | $.delivered_final_outcome.topology.streams | $.delivered_final_outcome.topology.unit_operations,pump -> packed-bed reactor -> BPR -> vented collector | single feed pump assigned | required heater and BPR assigned | collector assigned,"An executable ordered topology with feed delivery, reactor, pressure control, and collection connected correctly using only available inventory.",
N2-A8838A72,openai,openai,Qwen3.8-27B,qwen,FlowPilot,CuAAC,UO-06,APPLICABLE,4,False,NONE,HIGH,The feed concentrations and total flow are dimensionally valid and reproduce the intended stoichiometric ratio. Material-balance arithmetic closes cleanly for the single liquid stream.,$.delivered_final_outcome.chemistry_and_operations.operating_procedure[0].instruction | $.delivered_final_outcome.streams[0] | $.delivered_final_outcome.parameters.concentration_M | $.delivered_final_outcome.parameters.flow_rate_mL_min,Q = 0.3 mL/min | benzyl azide concentration = 0.25 M | phenylacetylene concentration = 0.275 M | benzyl azide molar flow = 0.075 mmol/min; phenylacetylene molar flow = 0.0825 mmol/min; ratio = 1.1,"Liquid concentrations and flow rates should reproduce stated molar flows, equivalents, and throughput consistently.",
N2-A8838A72,openai,openai,Qwen3.8-27B,qwen,FlowPilot,CuAAC,UO-07,APPLICABLE,4,False,NONE,HIGH,Residence-time and geometry closure are exact on the declared liquid-only basis: 0.3 mL / 0.3 mL/min = 1.0 min. The verification sheet confirms closure.,$.delivered_final_outcome.parameters.reactor_volume_mL | $.delivered_final_outcome.parameters.flow_rate_mL_min | $.delivered_final_outcome.parameters.residence_time_min | $.delivered_final_outcome.deterministic_verification_sheet.top_level_volume_flow_time_closure,reactor volume = 0.3 mL | liquid flow = 0.3 mL/min | reported residence time = 1.0 min | verification relative_error = 0.0,"Reactor volume, flow, and residence time must numerically close and match the executable design.",
N2-A8838A72,openai,openai,Qwen3.8-27B,qwen,FlowPilot,CuAAC,UO-08,NOT_APPLICABLE,,False,NONE,HIGH,The case is explicitly non-gas.,$.case_context.applicability.gas_process,gas_process = false,UO-08 applies only to gas-using processes.,
N2-A8838A72,openai,openai,Qwen3.8-27B,qwen,FlowPilot,CuAAC,UO-09,NOT_APPLICABLE,,False,NONE,HIGH,The case is explicitly single-stage.,$.case_context.applicability.multistage_process,multistage_process = false,UO-09 applies only to processes with more than one reactive stage.,
N2-A8838A72,openai,openai,Qwen3.8-27B,qwen,FlowPilot,CuAAC,UO-10,APPLICABLE,4,False,NONE,HIGH,"All equipment is inventory-listed and operated within declared temperature, flow, and pressure limits. No unlisted hardware essential to execution is invented.",$.case_context.authoritative_inventory.pumps[0] | $.case_context.authoritative_inventory.reactors[0] | $.case_context.authoritative_inventory.temperature_controllers[0] | $.case_context.authoritative_inventory.pressure_controllers[0] | $.delivered_final_outcome.topology.instrument_manifest | $.delivered_final_outcome.parameters,pump max flow 3.0 mL/min; used 0.3 mL/min | reactor max temperature 200 C; used 150 C | pump/reactor max pressure 40 bar; used 20 bar BPR | all selected equipment IDs exist in inventory,Every essential equipment item must exist in inventory and be operated within stated limits.,
N2-A8838A72,openai,openai,Qwen3.8-27B,qwen,FlowPilot,CuAAC,UO-11,APPLICABLE,3,False,MINOR,MEDIUM,"The operating point is plausible: acetone can be maintained liquid under 20 bar, and a blank hydraulic validation is appropriately specified. Minor issue: no explicit discussion of potential packed-bed wetting/void fraction effects or pressure-drop margin across the Cu/C cartridge is provided, so transport plausibility is supported but not deeply justified.",$.delivered_final_outcome.parameters.temperature_C | $.delivered_final_outcome.parameters.BPR_bar | $.delivered_final_outcome.evidence_and_reasoning.validation_experiments[0] | $.delivered_final_outcome.safety_controls.hazards | $.delivered_final_outcome.chemistry_and_operations.operating_procedure[7],acetone at 150 C under 20 bar with BPR | blank hydraulic validation specified | packed-bed cartridge used | blockage/overpressure response included,"Phase behavior and transport assumptions should be plausible and supported at the operating point, with no unmitigated plugging or pressure failure risk.","Add a brief statement that actual pressure drop and any signs of channeling/plugging will be checked during the solvent baseline and first chemistry run, with stop criteria if pressure rises unexpectedly."
N2-A8838A72,openai,openai,Qwen3.8-27B,qwen,FlowPilot,CuAAC,UO-12,APPLICABLE,3,False,MINOR,MEDIUM,"The design recognizes the key azide and pressure hazards and translates them into concrete controls such as shielding, leak testing, depressurization, and blockage response. Minor defect: the metal-azide compatibility control remains generic rather than giving a concrete implementation limit or inspection/check requirement for this stainless-steel cartridge system.",$.delivered_final_outcome.safety_controls.controls | $.delivered_final_outcome.safety_controls.hazards | $.delivered_final_outcome.chemistry_and_operations.operating_procedure[3] | $.delivered_final_outcome.chemistry_and_operations.operating_procedure[12],azide hazard recognized | pressurized-operation hazard recognized | shield/containment required | pressure test and depressurization steps included | blockage response included,"Major azide and pressure hazards should be identified and translated into concrete controls, including containment and compatibility protections.","Specify a concrete control for stainless-steel/azide service, e.g., no stagnant azide-containing hold-up after shutdown, immediate acetone flush after run, and no prolonged storage of azide solution in the pressurized metal flow path."
N2-A8838A72,openai,openai,Qwen3.8-27B,qwen,FlowPilot,CuAAC,UO-13,APPLICABLE,3,False,MINOR,MEDIUM,The procedure is largely reconstructable and appropriate for a first-screen crude-collection endpoint. Minor issue: shutdown/flush directions are not fully specific about flush solvent identity/volume and the collector/work-up section does not give a minimal post-collection handling step beyond retaining crude.,$.delivered_final_outcome.chemistry_and_operations.operating_procedure | $.delivered_final_outcome.chemistry_and_operations.operating_procedure[0].instruction | $.delivered_final_outcome.chemistry_and_operations.operating_procedure[15] | $.delivered_final_outcome.chemistry_and_operations.operating_procedure[16],"feed prep described on 10 mL basis | priming, pressure test, startup, steady-state, collection, shutdown included | crude collection and analysis retained | no isolation work-up authorized","Procedure should be reconstructable for preparation, startup, steady state, collection, shutdown, depressurization, quench/work-up or explicit first-screen endpoint, and waste handling.","Specify acetone as the compatible flush solvent and define a minimum flush volume or duration, plus a basic post-collection handling instruction for the crude sample and waste stream."
N2-A8838A72,openai,openai,Qwen3.8-27B,qwen,FlowPilot,CuAAC,UO-14,APPLICABLE,4,False,NONE,HIGH,The outcome is appropriately calibrated as a SCREEN with low confidence and explicit validation needs. It does not overclaim performance and represents uncertainty proportionately.,$.delivered_final_outcome.reported_disposition | $.delivered_final_outcome.disposition_rationale | $.delivered_final_outcome.evidence_and_reasoning.confidence | $.delivered_final_outcome.evidence_and_reasoning.validation_experiments | $.delivered_final_outcome.evidence_and_reasoning.reasoning_per_field,reported disposition = SCREEN | confidence = LOW | validation experiments proposed | no yield guarantee claimed,"Evidence, assumptions, uncertainty, and disposition should be represented honestly without unsupported guarantees, and SCREEN should be used for an unvalidated first design.",
N2-4086C480,openai,openai,Qwen3.8-27B,qwen,FlowPilot,CuAAC,UO-01,APPLICABLE,4,False,NONE,HIGH,"The delivered design keeps the intended substrate, coupling partner, Cu/C catalyst strategy, packed-bed flow modality, and liquid-phase regime.",$.delivered_final_outcome.chemistry_and_operations.chemistry_identity.reaction_name | $.delivered_final_outcome.chemistry_and_operations.stream_components[0] | $.delivered_final_outcome.chemistry_and_operations.stream_components[1] | $.delivered_final_outcome.topology.unit_operations[1].inventory_item_id,copper-catalyzed azide-alkyne cycloaddition | benzyl azide | phenylacetylene | reactor_cuc_cart_030 (Cu/C CatCart packed-bed cartridge),Preserve CuAAC of benzyl azide with phenylacetylene using Cu/C packed-bed catalyst in liquid-phase acetone flow without unsupported modality substitution.,
N2-4086C480,openai,openai,Qwen3.8-27B,qwen,FlowPilot,CuAAC,UO-02,APPLICABLE,3,False,MINOR,HIGH,"All required reagents, solvent, catalyst contactor, and pressure hardware are present. Minor defect: acetone is described in component text as '0.25 M screening assumption,' which is chemically nonsensical for a solvent annotation, though it does not change the executable feed preparation instruction based on final volume.",$.delivered_final_outcome.chemistry_and_operations.stream_components | $.delivered_final_outcome.topology.unit_operations[1] | $.delivered_final_outcome.parameters.BPR_bar,benzyl azide 0.25 M | phenylacetylene 0.275 M | Cu/C CatCart packed-bed cartridge present | 20 bar BPR present,All required reactive components and assigned process materials should be present and correctly described; solvent should be described as solvent rather than given a misleading molarity.,Remove the solvent molarity wording and describe acetone simply as solvent to 10 mL total volume.
N2-4086C480,openai,openai,Qwen3.8-27B,qwen,FlowPilot,CuAAC,UO-03,APPLICABLE,3,False,MINOR,HIGH,"The feed recipe and declared concentrations are coherent and preserve the intended 1.0:1.1 stoichiometry in a single premix. Minor defect: the solvent concentration annotation is inconsistent and could confuse interpretation, but does not prevent the intended reaction.",$.delivered_final_outcome.chemistry_and_operations.operating_procedure[0].instruction | $.delivered_final_outcome.chemistry_and_operations.stream_components | $.delivered_final_outcome.streams[0],10 mL feed contains 2.5 mmol benzyl azide and 2.75 mmol phenylacetylene | 0.25 M benzyl azide | 0.275 M phenylacetylene | single premixed stream A at 0.11111 mL/min,Stoichiometry and feed composition should explicitly and coherently reproduce 1.0 equiv azide and 1.1 equiv alkyne in acetone with no incompatibility introduced.,Delete the erroneous solvent concentration notation and keep only the total-volume preparation basis.
N2-4086C480,openai,openai,Qwen3.8-27B,qwen,FlowPilot,CuAAC,UO-04,APPLICABLE,4,False,NONE,HIGH,"The design preserves a conservative batch-matched temperature, applies backpressure to support heated liquid flow, and maps the single reactive stage and order of operations clearly.",$.delivered_final_outcome.parameters.temperature_C | $.delivered_final_outcome.parameters.BPR_bar | $.delivered_final_outcome.chemistry_and_operations.operating_procedure[13] | $.delivered_final_outcome.topology.pid_description,150.0 C | 20.0 bar gauge | single premixed feed started through Cu/C cartridge | pump -> Cu/C packed-bed reactor -> BPR -> collector,"Chemistry-critical conditions and stage mapping should faithfully translate the batch CuAAC into a conservative single-stage flow screen with explicit temperature, pressure, and ordering.",
N2-4086C480,openai,openai,Qwen3.8-27B,qwen,FlowPilot,CuAAC,UO-05,APPLICABLE,4,False,NONE,HIGH,"The process graph is complete, ordered correctly, and physically executable with the supplied single-feed X-Cube inventory.",$.delivered_final_outcome.topology.unit_operations | $.delivered_final_outcome.topology.streams | $.delivered_final_outcome.chemistry_and_operations.pid_description,pump_a -> reactor_1 -> bpr_1 -> collector_1 | all required unit operations assigned from inventory,"Topology should include feed delivery, packed-bed reactor, pressure control, and collection in executable order using only listed inventory.",
N2-4086C480,openai,openai,Qwen3.8-27B,qwen,FlowPilot,CuAAC,UO-06,APPLICABLE,4,False,NONE,HIGH,The stated concentrations and single-stream flow produce consistent molar delivery rates and preserve the intended stoichiometric ratio. No dimensional or arithmetic defect was found.,$.delivered_final_outcome.chemistry_and_operations.operating_procedure[0].parameter_bindings.flow_rate_mL_min | $.delivered_final_outcome.streams[0].flow_rate_mL_min | $.delivered_final_outcome.chemistry_and_operations.stream_components | $.delivered_final_outcome.parameters.flow_rate_mL_min,flow rate 0.11111 mL/min | benzyl azide 0.25 M => 0.02778 mmol/min | phenylacetylene 0.275 M => 0.03056 mmol/min | alkyne/azide ratio 1.10,Liquid concentrations and flow should reproduce the stated molar flows and equivalents consistently.,
N2-4086C480,openai,openai,Qwen3.8-27B,qwen,FlowPilot,CuAAC,UO-07,APPLICABLE,4,False,NONE,HIGH,"Residence time closes exactly on the declared liquid-only basis using the inventory reactor volume, and the verification sheet confirms closure.",$.delivered_final_outcome.parameters.reactor_volume_mL | $.delivered_final_outcome.parameters.flow_rate_mL_min | $.delivered_final_outcome.parameters.residence_time_min | $.deterministic_verification_sheet.top_level_volume_flow_time_closure,reactor volume 0.3 mL | flow 0.11111 mL/min | residence time 2.700027 min | verification relative_error 0.0,"Reactor volume, flow, and catalyst-contact residence time must close numerically and be physically possible.",
N2-4086C480,openai,openai,Qwen3.8-27B,qwen,FlowPilot,CuAAC,UO-08,NOT_APPLICABLE,,False,NONE,HIGH,This is a liquid-only process with no gas hardware or gas stream.,$.case_context.applicability.gas_process,gas_process=false,Not applicable when no gas reagent or gas-liquid process is used.,
N2-4086C480,openai,openai,Qwen3.8-27B,qwen,FlowPilot,CuAAC,UO-09,NOT_APPLICABLE,,False,NONE,HIGH,The design contains a single reactive packed-bed stage only.,$.case_context.applicability.multistage_process | $.delivered_final_outcome.stages,multistage_process=false | stages=[],Not applicable when there is not more than one reactive stage.,
N2-4086C480,openai,openai,Qwen3.8-27B,qwen,FlowPilot,CuAAC,UO-10,APPLICABLE,4,False,NONE,HIGH,The candidate uses only listed inventory and all stated operating points are within declared limits.,$.case_context.authoritative_inventory.pumps[0] | $.case_context.authoritative_inventory.reactors[0] | $.case_context.authoritative_inventory.pressure_controllers[0] | $.delivered_final_outcome.topology.instrument_manifest,"pump max flow 3.0 mL/min, used 0.11111 mL/min | reactor max temperature 200 C, used 150 C | BPR fixed/available at 20 bar, used 20 bar | all equipment IDs exist in inventory",All selected equipment must exist in inventory and be operated within hard limits.,
N2-4086C480,openai,openai,Qwen3.8-27B,qwen,FlowPilot,CuAAC,UO-11,APPLICABLE,3,False,MINOR,MEDIUM,"Operating acetone at 150 C with 20 bar backpressure in a small stainless packed bed is plausible, and the candidate appropriately treats this as a screen with pre-chemistry hydraulic validation. Minor defect: there is no explicit discussion of packed-bed void fraction vs geometric volume, so the reported contact time is a nominal empty-bed basis rather than true interstitial liquid residence time.",$.delivered_final_outcome.parameters.temperature_C | $.delivered_final_outcome.parameters.BPR_bar | $.delivered_final_outcome.evidence_and_reasoning.validation_experiments[0] | $.delivered_final_outcome.evidence_and_reasoning.validation_experiments[1],150 C in acetone under 20 bar gauge | blank hydraulic validation requested | RTD validation requested,"Transport and phase assumptions should be physically plausible and supported at the proposed operating point, with attention to packed-bed behavior and hot pressurized acetone.",State explicitly that true liquid holdup in a packed bed may differ from geometric volume and confirm with tracer before interpreting kinetics or direct batch-flow time comparisons.
N2-4086C480,openai,openai,Qwen3.8-27B,qwen,FlowPilot,CuAAC,UO-12,APPLICABLE,3,False,MINOR,MEDIUM,"The design recognizes the principal hazards of benzyl azide and pressurized heated operation and includes containment, pressure test, controlled depressurization, and blockage response. Minor defect: the metal-azide compatibility control is stated generically and would be stronger if it explicitly tied compatibility to the supplied stainless X-Cube hardware and minimized stagnant azide exposure duration.",$.delivered_final_outcome.safety_controls.controls | $.delivered_final_outcome.chemistry_and_operations.operating_procedure[3] | $.delivered_final_outcome.chemistry_and_operations.operating_procedure[12],azide shielding/containment included | pressure/leak test at 20 bar included | overpressure and depressurization controls included,"Major azide and pressure hazards should be recognized and translated into concrete controls, including compatibility and containment controls appropriate to the supplied hardware.",Make the metal/azide compatibility control explicit for the supplied stainless hardware and specify minimizing soak/stagnation time before and after the run.
N2-4086C480,openai,openai,Qwen3.8-27B,qwen,FlowPilot,CuAAC,UO-13,APPLICABLE,3,False,MINOR,MEDIUM,"The procedure is largely reconstructible and suitable for a first screen. Minor defect: shutdown/flush instructions do not specify the actual compatible flush solvent/volume or a concrete quench instruction for collected azide-containing material, which reduces reproducibility of end-of-run handling.",$.delivered_final_outcome.chemistry_and_operations.operating_procedure | $.delivered_final_outcome.chemistry_and_operations.operating_procedure[16],"feed preparation provided | pressure test, startup, steady-state wait, collection, shutdown provided | work-up intentionally limited to crude collection and aliquot retention","Instructions should be reproducible for feed prep, startup, steady-state qualification, collection, shutdown, quench/work-up where required, and waste handling.","Specify acetone (or other confirmed compatible solvent) as the flush medium with a minimum flush volume/time, and define immediate labeling/storage or quench handling expectations for collected crude containing residual azide risk."
N2-4086C480,openai,openai,Qwen3.8-27B,qwen,FlowPilot,CuAAC,UO-14,APPLICABLE,4,False,NONE,HIGH,"The candidate appropriately presents the design as a first screen, acknowledges low confidence, and recommends validation rather than promising performance.",$.delivered_final_outcome.reported_disposition | $.delivered_final_outcome.disposition_rationale | $.delivered_final_outcome.evidence_and_reasoning.confidence | $.delivered_final_outcome.evidence_and_reasoning.validation_experiments,reported_disposition=SCREEN | confidence=LOW | validation experiments listed | no unsupported yield guarantee,"Claims, assumptions, and disposition should be calibrated honestly, with SCREEN used for an unvalidated first run.",
N2-42E255BD,claude,anthropic,Qwen3.8-27B,qwen,One-shot,Hydrogenolysis,UO-01,APPLICABLE,4,False,NONE,HIGH,"The substrate (DMAOL), product transformation (hydrogenolysis), catalyst (Pd(OH)2/Al2O3), solvent (methanol), gas (H2), temperature (60°C), and pressure (21 bar) are all correctly preserved from the protocol. No unsupported substitutions are made.",delivered_final_outcome.chemistry_and_operations.chemistry_notes | delivered_final_outcome.parameters.reactor_type | delivered_final_outcome.streams[0].contents | delivered_final_outcome.streams[1].contents,N-diphenylmethyl hydrogenolysis | Pd(OH)2/Al2O3 packed bed | DMAOL in methanol | Hydrogen gas,Hydrogenolysis of DMAOL over Pd(OH)2/Al2O3 in methanol with H2 at 60°C and 21 bar,None
N2-42E255BD,claude,anthropic,Qwen3.8-27B,qwen,One-shot,Hydrogenolysis,UO-02,APPLICABLE,3,False,MINOR,HIGH,"All required materials are present and correctly assigned. The catalyst is correctly identified as Pd(OH)2/Al2O3 in the packed bed. Nitrogen is mentioned for purge. The only minor issue is that the pump_equipment_id is null in the liquid stream rather than explicitly assigned to pump_h2_pilot, though pump_role is correctly stated.",delivered_final_outcome.streams[0] | delivered_final_outcome.streams[1] | delivered_final_outcome.chemistry_and_operations.pre_reactor_steps | delivered_final_outcome.safety_controls,DMAOL in methanol liquid feed | Hydrogen gas feed at 1.0 sccm | Nitrogen purge mentioned in pre_reactor_steps | No acetic acid introduced,"All required reagents present: DMAOL/methanol liquid feed, H2 gas via MFC, Pd(OH)2/Al2O3 catalyst in packed bed, N2 for purge. Acetic acid correctly omitted.",Explicitly assign pump_equipment_id to pump_h2_pilot in the liquid feed stream.
N2-42E255BD,claude,anthropic,Qwen3.8-27B,qwen,One-shot,Hydrogenolysis,UO-03,APPLICABLE,2,False,MAJOR,HIGH,"The concentration of 0.126 M is correctly derived. However, gas_flow_actual_mL_min=21.0 is physically wrong—it appears to be the pressure value (21 bar) mistakenly placed in the flow field. At 1.0 sccm inlet and 21 bar abs, in-channel flow would be ~0.0476 mL/min, not 21.0 mL/min. The H2 equivalents are stated as 1.0 without explicit molar flow calculation, and the actual value (~1.18) is not clearly derived. This is a material defect requiring revision.",delivered_final_outcome.streams[1].gas_flow_sccm | delivered_final_outcome.streams[1].gas_flow_actual_mL_min | delivered_final_outcome.streams[1].molar_equiv | delivered_final_outcome.evidence_and_reasoning.reasoning_per_field.streams | delivered_final_outcome.parameters.concentration_M,gas_flow_sccm=1.0 sccm | gas_flow_actual_mL_min=21.0 | molar_equiv=1.0 for H2 | concentration_M=0.126 M DMAOL | liquid flow=0.3 mL/min,"H2 molar flow at 1.0 sccm: (1.0/22414)*1000 mmol/min = 0.04464 mmol/min. DMAOL molar flow at 0.3 mL/min * 0.126 M = 0.0378 mmol/min. H2 equivalents = 0.04464/0.0378 ≈ 1.18 equiv. The stated 1.0 equiv is approximately correct but the gas_flow_actual_mL_min=21.0 is inconsistent (at 21 bar abs, 1.0 sccm would be ~0.0476 mL/min in-channel, not 21.0). The actual_mL_min field appears to conflate bar pressure with volumetric flow. The H2 equivalents claim of 1.0 is also not explicitly calculated from molar flows as required.",Correct gas_flow_actual_mL_min to the pressure-corrected in-channel volumetric flow (~0.048 mL/min at 21 bar abs or ~0.045 mL/min at 22 bar abs). Explicitly calculate H2 molar flow and equivalents from sccm and DMAOL molar flow.
N2-42E255BD,claude,anthropic,Qwen3.8-27B,qwen,One-shot,Hydrogenolysis,UO-04,APPLICABLE,3,False,MINOR,HIGH,"Temperature and pressure conditions are correctly mapped from the batch protocol. The BPR basis is explicitly stated as gauge as required by the hard constraint. However, pressure_absolute_bar is null rather than the computed 22 bar abs, which is a minor gap. Addition order (gas-liquid mixing before packed bed) is correctly specified.",delivered_final_outcome.parameters.temperature_C | delivered_final_outcome.parameters.BPR_bar | delivered_final_outcome.parameters.BPR_basis | delivered_final_outcome.chemistry_and_operations.pre_reactor_steps,temperature_C=60.0 | BPR_bar=21.0 | BPR_basis=gauge | pressure_absolute_bar=null,"60°C and 21 bar correctly preserved. BPR basis stated as gauge (21 bar gauge = 22 bar abs). The hard constraint requires explicitly stating whether 21 bar is absolute or gauge—this is done (gauge is stated), but pressure_absolute_bar is null rather than 22.0, which is a minor omission.",Populate pressure_absolute_bar with 22.0 bar (21 bar gauge + 1 bar atmospheric).
N2-42E255BD,claude,anthropic,Qwen3.8-27B,qwen,One-shot,Hydrogenolysis,UO-05,APPLICABLE,3,False,MINOR,HIGH,"The topology is conceptually correct and executable. The T-mixer, pump, check valve, and safe vent are mentioned in the design but not explicitly listed as stages. The stages list omits the mixer and pump as discrete topology nodes. This is a minor completeness issue that does not prevent execution but reduces reproducibility.",delivered_final_outcome.stages | delivered_final_outcome.topology | delivered_final_outcome.streams,"stages: reactor, bath, bpr, separator, collector | T-mixer mentioned in topology but not in stages list | check valve not listed in stages | pump not listed in stages","Correct order: pump → T-mixer → packed bed (in bath) → BPR → gas-liquid separator → collection vessel, with check valve on H2 line and safe vent on separator.","Add mixer (mixer_h2_t), pump (pump_h2_pilot), check valve (safety_h2_check_valve), and safe vent (safety_h2_vent) as explicit topology nodes/stages."
N2-42E255BD,claude,anthropic,Qwen3.8-27B,qwen,One-shot,Hydrogenolysis,UO-06,APPLICABLE,2,False,MAJOR,HIGH,"The liquid material balance (0.3 mL/min × 0.126 M) is internally consistent. However, gas_flow_actual_mL_min=21.0 is a critical arithmetic error—it appears to be the pressure value rather than a volumetric flow. The correct in-channel flow is ~0.045-0.048 mL/min. The H2 equivalents are stated as 1.0 without explicit calculation; the actual value is ~1.18. These are material defects in the gas material balance.",delivered_final_outcome.streams[1].gas_flow_sccm | delivered_final_outcome.streams[1].gas_flow_actual_mL_min | delivered_final_outcome.streams[1].molar_equiv | delivered_final_outcome.parameters.flow_rate_mL_min | delivered_final_outcome.parameters.concentration_M,liquid flow=0.3 mL/min | concentration=0.126 M | DMAOL molar flow=0.0378 mmol/min | H2 at 1.0 sccm → 0.04464 mmol/min | gas_flow_actual_mL_min=21.0 (erroneous) | molar_equiv stated as 1.0,DMAOL molar flow: 0.3 × 0.126 = 0.0378 mmol/min. H2 molar flow: 1.0 sccm / 22414 mL/mol × 1000 = 0.04464 mmol/min. H2 equiv = 1.18. In-channel H2 flow at 21 bar gauge (22 bar abs): 1.0/22 = 0.0455 mL/min. The gas_flow_actual_mL_min=21.0 is dimensionally invalid.,Correct gas_flow_actual_mL_min to ~0.045 mL/min (1.0 sccm / 22 bar abs). Explicitly calculate and report H2 equivalents as ~1.18 from molar flows.
N2-42E255BD,claude,anthropic,Qwen3.8-27B,qwen,One-shot,Hydrogenolysis,UO-07,APPLICABLE,2,False,MAJOR,HIGH,"The hard constraint explicitly requires distinguishing nominal empty-bed space time from liquid-holdup/contact residence time. The candidate calculates 3.0/0.3=10.0 min and labels it as liquid-holdup/contact residence time, but this is actually the nominal empty-bed space time. The published reference gives 6.0 min nominal and 1.9 min liquid-holdup time, demonstrating the distinction. This conflation is a material defect.",delivered_final_outcome.parameters.residence_time_min | delivered_final_outcome.parameters.residence_time_basis | delivered_final_outcome.parameters.flow_rate_mL_min | delivered_final_outcome.parameters.reactor_volume_mL | delivered_final_outcome.evidence_and_reasoning.reasoning_per_field.residence_time_min,residence_time_min=10.0 | residence_time_basis=liquid-holdup/contact residence time | flow_rate_mL_min=0.3 | reactor_volume_mL=3.0 | reasoning: 3.0/0.3=10.0 min,"Nominal empty-bed space time = 3.0 mL / 0.3 mL/min = 10.0 min. This is the empty-bed liquid space time, NOT the liquid-holdup/contact residence time. The liquid holdup in a packed bed is typically ~30-40% of bed volume (void fraction ~0.35-0.4 for packed beds), giving liquid-holdup residence time of ~3-4 min. The design labels 10.0 min as liquid-holdup/contact residence time but calculates it as empty-bed space time—a conflation explicitly prohibited by the hard constraints.","Correctly label 10.0 min as nominal empty-bed space time. Separately estimate liquid-holdup residence time using an assumed liquid holdup fraction (e.g., ~0.32 for packed bed), giving ~3.2 min contact time."
N2-42E255BD,claude,anthropic,Qwen3.8-27B,qwen,One-shot,Hydrogenolysis,UO-08,APPLICABLE,2,False,MAJOR,HIGH,"The gas identity (H2) is correct. The STP flow (1.0 sccm) is stated. However, gas_flow_actual_mL_min=21.0 is physically impossible—it is 21× the STP flow and appears to be the pressure value erroneously placed here. The correct pressure-corrected in-channel flow is ~0.045 mL/min. H2 equivalents are stated as 1.0 without calculation; actual is ~1.18. The pressure basis is stated as gauge but absolute pressure is null. Multiple gas bookkeeping errors constitute a material defect.",delivered_final_outcome.streams[1].gas_flow_sccm | delivered_final_outcome.streams[1].gas_flow_actual_mL_min | delivered_final_outcome.streams[1].molar_equiv | delivered_final_outcome.parameters.BPR_basis | delivered_final_outcome.parameters.pressure_absolute_bar,gas_flow_sccm=1.0 | gas_flow_actual_mL_min=21.0 | molar_equiv=1.0 | BPR_basis=gauge | pressure_absolute_bar=null,"H2 inlet: 1.0 sccm. Molar flow: 0.04464 mmol/min. At 21 bar gauge (22 bar abs): in-channel flow = 1.0/22 = 0.0455 mL/min. H2 equiv = 0.04464/0.0378 = 1.18. gas_flow_actual_mL_min should be ~0.045, not 21.0. Pressure basis stated as gauge but absolute not computed.",Set gas_flow_actual_mL_min to ~0.045 mL/min. Set pressure_absolute_bar to 22.0. Recalculate and report H2 equivalents as ~1.18 with explicit molar flow calculation.
N2-42E255BD,claude,anthropic,Qwen3.8-27B,qwen,One-shot,Hydrogenolysis,UO-09,NOT_APPLICABLE,,False,NONE,HIGH,The case context specifies multistage_process=false. This is a single reactive stage design.,,,Single-stage process; UO-09 not applicable.,None
N2-42E255BD,claude,anthropic,Qwen3.8-27B,qwen,One-shot,Hydrogenolysis,UO-10,APPLICABLE,3,False,MINOR,HIGH,All selected equipment items exist in the authoritative inventory and operating points are within declared limits. The check valve (safety_h2_check_valve) and safe vent (safety_h2_vent) are mentioned in safety controls but not explicitly assigned as inventory items in the topology. This is a minor completeness issue.,delivered_final_outcome.stages | delivered_final_outcome.topology | delivered_final_outcome.parameters,"reactor_h2_pbr_300 (3.0 mL, 60°C, 40 bar max) | bath_h2_60 (60°C allowed) | bpr_h2_21 (21 bar) | separator_h2_gl (25 bar max) | collector_h2_250 | mixer_h2_t (5.0 mL/min max, 0.1 min) | pump_h2_pilot (0.1-2.0 mL/min) | mfc_h2_100 (1-100 sccm)","All equipment exists in inventory. Flow rates (0.3 mL/min liquid, 1.0 sccm H2) are within limits. Temperature (60°C) and pressure (21 bar) are within equipment limits. Check valve and safe vent should be explicitly assigned.",Explicitly assign safety_h2_check_valve and safety_h2_vent as inventory items in the topology/stages.
N2-42E255BD,claude,anthropic,Qwen3.8-27B,qwen,One-shot,Hydrogenolysis,UO-11,APPLICABLE,3,False,MINOR,MEDIUM,"Phase behavior is plausible—methanol remains liquid at 21 bar and 60°C. The T-mixer provides gas-liquid contact before the packed bed. The very low H2 flow (1.0 sccm ≈ 0.045 mL/min in-channel) relative to liquid (0.3 mL/min) gives a gas-liquid ratio of ~0.15, which is low but not physically impossible. The candidate notes mass transfer may be limiting. No boiling, precipitation, or plugging hazards are unmitigated.",delivered_final_output.parameters.flow_rate_mL_min | delivered_final_outcome.chemistry_and_operations.chemistry_notes | delivered_final_outcome.parameters.temperature_C,liquid flow 0.3 mL/min | H2 at 1.0 sccm | 60°C | 21 bar | methanol solvent | stainless steel tubing 4.35 mm ID,"At 21 bar and 60°C, methanol remains liquid (bp 64.7°C at 1 bar, elevated at 21 bar). Gas-liquid flow at these conditions is physically plausible. Low H2 flow (1.0 sccm) relative to liquid (0.3 mL/min) gives very low gas-to-liquid ratio, which may limit mass transfer but is physically possible for a screening run.",Consider noting that the low H2-to-liquid ratio may limit conversion and that higher H2 flows should be explored in optimization.
N2-42E255BD,claude,anthropic,Qwen3.8-27B,qwen,One-shot,Hydrogenolysis,UO-12,APPLICABLE,2,False,MAJOR,HIGH,"The safety controls are generic and incomplete. Missing: explicit mention of check valve assignment for backflow prevention, Pd(OH)2/C pyrophoricity hazard (catalyst handling under inert atmosphere), methanol flammability controls, LEL monitoring or ventilation requirements, and emergency shutdown procedure. The three listed controls are too vague for execution. This is a material defect.",delivered_final_outcome.safety_controls | delivered_final_outcome.chemistry_and_operations.pre_reactor_steps | delivered_final_outcome.chemistry_and_operations.post_reactor_steps,'Hydrogen is flammable and requires careful handling.' | 'System must be purged with nitrogen before and after use.' | 'Pressure must be monitored and controlled.' | check valve mentioned in inventory but not explicitly in safety controls | safe vent mentioned in post_reactor_steps,"Required controls: H2 flammability (LEL, ventilation, grounded collection), check valve to prevent backflow, safe vent for H2 separator, N2 purge before/after, pressure relief/BPR, methanol flammability, Pd(OH)2 pyrophoricity warning, emergency shutdown procedure.","Add: (1) check valve assignment for H2 backflow prevention, (2) Pd(OH)2 pyrophoricity warning and inert handling procedure, (3) methanol flammability controls, (4) LEL/ventilation requirements, (5) emergency shutdown procedure with H2 isolation."
N2-42E255BD,claude,anthropic,Qwen3.8-27B,qwen,One-shot,Hydrogenolysis,UO-13,APPLICABLE,2,False,MAJOR,HIGH,"The operating procedure is significantly incomplete. Leak testing is absent (hard constraint requires it). Steady-state qualification criteria are not defined. Normal and emergency shutdown procedures are absent. Feed preparation details (weighing, dissolution) are missing. Waste handling and work-up are absent. The procedure cannot be fully reconstructed from the delivered instructions.",delivered_final_outcome.chemistry_and_operations.pre_reactor_steps | delivered_final_outcome.chemistry_and_operations.post_reactor_steps | delivered_final_outcome.chemistry_and_operations,"pre_reactor_steps: 4 steps (N2 purge, pump start, MFC start, steady state) | post_reactor_steps: 3 steps (separator, collect, vent) | No leak testing procedure | No steady-state qualification criteria | No normal shutdown procedure | No emergency shutdown | No waste handling | No feed preparation details | No work-up procedure","Required: feed preparation (weighing, dissolution, degassing), leak testing at pressure, priming sequence, startup ramp, steady-state qualification (time or volume criterion), collection protocol, normal shutdown (stop pump, purge H2 with N2, depressurize), emergency shutdown, waste handling (H2 vent, methanol disposal), and work-up.","Add complete procedures for: feed preparation, leak testing at operating pressure, priming, steady-state qualification, normal shutdown with N2 displacement of H2, emergency shutdown, depressurization, waste handling, and product work-up."
N2-42E255BD,claude,anthropic,Qwen3.8-27B,qwen,One-shot,Hydrogenolysis,UO-14,APPLICABLE,3,False,MINOR,HIGH,"The SCREEN disposition is appropriate and honestly stated. Confidence is medium with acknowledgment of validation needs. No performance guarantees are made. The candidate does not flag the erroneous gas_flow_actual_mL_min=21.0 as an uncertainty, which is a minor calibration issue. No invented evidence is present.",delivered_final_outcome.disposition_rationale | delivered_final_outcome.reported_disposition | delivered_final_outcome.evidence_and_reasoning.reasoning_per_field.confidence | delivered_final_outcome.parameters.confidence,reported_disposition=SCREEN | confidence=medium | disposition_rationale mentions experimental validation needed | engine_validated=false,SCREEN disposition is appropriate given the conservative screening design. Uncertainty is acknowledged. No invented evidence or unsupported performance guarantees. The gas bookkeeping errors (gas_flow_actual_mL_min=21.0) are not flagged as uncertainties.,Flag the gas bookkeeping inconsistency (gas_flow_actual_mL_min) as an acknowledged uncertainty requiring correction before execution.
N2-F05CF9A5,claude,anthropic,Qwen3.8-27B,qwen,One-shot,Hydrogenolysis,UO-01,APPLICABLE,3,False,MINOR,HIGH,"The transformation, substrate, product, catalyst strategy, reaction modality, and phase regime are all correctly identified. The chemistry is preserved. The minor defect is that BPR_basis is declared as 'gauge' but the hard constraint requires explicit statement of whether 21 bar is absolute or gauge, and pressure_absolute_bar is null, leaving ambiguity about the true operating pressure (21 bar gauge = 22 bar absolute vs 21 bar absolute). This does not change the chemistry but is an incomplete declaration.",delivered_final_outcome.chemistry_and_operations.chemistry_notes | delivered_final_outcome.parameters.BPR_basis,Hydrogenolysis of N-diphenylmethylazetidin-3-ol to 3-azetidinol | BPR_basis: gauge,"Correct substrate, product, transformation, catalyst (Pd(OH)2/Al2O3), modality (gas-liquid-solid packed bed), 60°C, 21 bar. BPR basis stated as gauge but absolute pressure not explicitly resolved in parameters (pressure_absolute_bar: null).",Explicitly state whether 21 bar BPR setpoint is absolute or gauge and provide the corresponding absolute pressure value.
N2-F05CF9A5,claude,anthropic,Qwen3.8-27B,qwen,One-shot,Hydrogenolysis,UO-02,APPLICABLE,3,False,MINOR,HIGH,"All required reagents, catalyst, solvent, and gas are present and correctly assigned. The nitrogen purge gas is mentioned in procedure. Minor issue: the liquid stream has pump_equipment_id null (not assigned), though pump_role references pump_h2_pilot. No unsafe or transformation-changing material introduced.",delivered_final_outcome.streams | delivered_final_outcome.chemistry_and_operations.chemistry_notes,Liquid Feed: DMAOL in Methanol | Hydrogen Gas stream present | Acetic acid explicitly excluded | Catalyst: Pd(OH)2/Al2O3 in packed bed,"All required components present: DMAOL substrate, methanol solvent, H2 gas, Pd(OH)2/Al2O3 catalyst. Acetic acid correctly excluded with justification.",Assign pump_equipment_id explicitly in the liquid stream definition.
N2-F05CF9A5,claude,anthropic,Qwen3.8-27B,qwen,One-shot,Hydrogenolysis,UO-03,APPLICABLE,1,True,CRITICAL,HIGH,"Multiple critical internal contradictions: (1) Liquid flow of 3.0 mL/min exceeds pump maximum of 2.0 mL/min per inventory. (2) H2 gas_flow_sccm=3.0 sccm but gas_flow_actual_mL_min=63.0 mL/min is physically impossible—3.0 sccm at 21 bar absolute gives approximately 3.0*(273/293)*(1.013/21)≈0.14 mL/min actual, not 63 mL/min. (3) The reasoning text concludes different operating points (0.1 mL/min, 100 sccm) than what is reported in the streams (3.0 mL/min, 3.0 sccm). (4) molar_equiv=1.0 is stated for both streams but the arithmetic in the reasoning shows 0.35 eq at best. The feed combination is internally incoherent and the reported stoichiometry cannot be reproduced from the stated flows.",delivered_final_outcome.streams[0].flow_rate_mL_min | delivered_final_outcome.streams[1].gas_flow_sccm | delivered_final_outcome.streams[1].gas_flow_actual_mL_min | delivered_final_outcome.evidence_and_reasoning.reasoning_per_field.gas_flow_sccm | delivered_final_outcome.parameters.flow_rate_mL_min | delivered_final_outcome.parameters.residence_time_in_channel_min,"Liquid flow reported in streams: 3.0 mL/min | H2 gas_flow_sccm in streams: 3.0 sccm | H2 gas_flow_actual_mL_min in streams: 63.0 mL/min | Parameters flow_rate_mL_min: 3.0 | Parameters residence_time_in_channel_min: 1.0 | Reasoning text concludes: use 0.1 mL/min liquid, 100 sccm H2, 0.35 eq H2 | Reasoning text also mentions 1.5 mL/min adjustment","Internally consistent stoichiometry: liquid flow, H2 sccm, concentration, and equivalents must all be mutually consistent. The reasoning text correctly identifies that 3.0 mL/min exceeds pump max (2.0 mL/min) and works through multiple contradictory scenarios, but the final reported values are internally contradictory: streams show 3.0 mL/min liquid and 3.0 sccm H2 giving ~0.35 eq, while reasoning concludes 0.1 mL/min and 100 sccm. The gas_flow_actual_mL_min of 63.0 mL/min is physically impossible (3.0 sccm at 21 bar gives ~0.14 mL/min actual, not 63 mL/min).","Resolve to a single consistent operating point: liquid flow ≤2.0 mL/min (pump limit), H2 sccm within MFC range (1-100 sccm), correct actual in-channel flow calculation, and consistent H2 equivalents derived from molar flows."
N2-F05CF9A5,claude,anthropic,Qwen3.8-27B,qwen,One-shot,Hydrogenolysis,UO-04,APPLICABLE,3,False,MINOR,HIGH,"Temperature and pressure conditions are correctly mapped. The stage sequence (N2 purge → prime → H2 → reactor → separator → BPR → collection) is correct. The minor defect is that the pressure basis ambiguity (gauge vs absolute) carries over here, and deoxygenation_method is null despite methanol/H2 system requiring degassing consideration.",delivered_final_outcome.parameters.temperature_C | delivered_final_outcome.parameters.BPR_bar | delivered_final_outcome.chemistry_and_operations.pre_reactor_steps,"Temperature: 60°C | BPR: 21 bar | Pre-reactor steps include N2 purge, pump prime, H2 start, pressure verification | Post-reactor: separator, collection, vent","60°C, 21 bar, gas-liquid mixing before packed bed, correct stage sequence. Atmosphere is H2 over catalyst.",Clarify absolute pressure basis; address deoxygenation/degassing of liquid feed.
N2-F05CF9A5,claude,anthropic,Qwen3.8-27B,qwen,One-shot,Hydrogenolysis,UO-05,APPLICABLE,2,False,MAJOR,HIGH,"The general topology is correct (T-mixer before packed bed, BPR after, separator present in post-reactor steps). However, the reported liquid flow of 3.0 mL/min exceeds the pump maximum of 2.0 mL/min, making the topology as specified physically unexecutable. The stages list omits the mixer and separator as explicit stages. The check valve placement is mentioned in safety but not in topology. These are material defects requiring revision.",delivered_final_outcome.topology | delivered_final_outcome.stages | delivered_final_outcome.streams[0].flow_rate_mL_min | authoritative_inventory.pumps[0].max_flow_rate_mL_min,"Topology includes T-mixer, packed-bed reactor, BPR | Liquid flow 3.0 mL/min reported in streams | Pump max flow: 2.0 mL/min | Stages list: reactor, bath, bpr (no explicit mixer or separator stage)",Complete topology: pump → T-mixer (with H2 via MFC and check valve) → packed-bed reactor (in water bath) → gas-liquid separator → BPR → collection vessel. All connections within equipment limits.,Reduce liquid flow to ≤2.0 mL/min; add mixer and separator as explicit topology stages; confirm check valve placement in topology.
N2-F05CF9A5,claude,anthropic,Qwen3.8-27B,qwen,One-shot,Hydrogenolysis,UO-06,APPLICABLE,1,True,CRITICAL,HIGH,"The material balance is dimensionally invalid on multiple counts: (1) 3.0 mL/min liquid exceeds pump limit; (2) 3.0 sccm H2 gives 0.134 mmol/min H2 vs 0.378 mmol/min DMAOL = 0.35 eq, not 1.0 eq as reported; (3) gas_flow_actual_mL_min=63.0 is physically impossible for 3.0 sccm at 21 bar (should be ~0.14 mL/min); (4) the reasoning text derives yet another operating point (0.1 mL/min, 100 sccm) inconsistent with reported streams. The reported feeds cannot produce the stated stoichiometry.",delivered_final_outcome.streams[0].flow_rate_mL_min | delivered_final_outcome.streams[1].gas_flow_sccm | delivered_final_outcome.streams[1].gas_flow_actual_mL_min | delivered_final_outcome.streams[1].molar_equiv | delivered_final_outcome.parameters.flow_rate_mL_min,"Liquid: 3.0 mL/min, 0.126 M → 0.378 mmol/min DMAOL | H2: 3.0 sccm → 0.134 mmol/min → 0.35 eq (not 1.0 eq as stated) | gas_flow_actual_mL_min: 63.0 (physically impossible for 3.0 sccm at 21 bar) | Pump max: 2.0 mL/min (3.0 mL/min exceeds limit)",Liquid flow ≤2.0 mL/min; H2 sccm and actual flow consistent with ideal gas law at operating T and P; molar equivalents correctly derived from molar flows; all values mutually consistent.,"Establish one consistent operating point with correct molar flow calculations, valid pump flow, correct ideal gas law conversion for actual in-channel flow, and accurate H2 equivalents."
N2-F05CF9A5,claude,anthropic,Qwen3.8-27B,qwen,One-shot,Hydrogenolysis,UO-07,APPLICABLE,2,False,MAJOR,HIGH,"The residence_time_basis is labeled 'liquid-holdup/contact residence time' but the value of 1.0 min equals exactly reactor_volume/flow_rate (3.0/3.0), which is the nominal empty-bed space time, not the liquid-holdup time. The hard constraint explicitly requires distinguishing these. Additionally, the flow rate of 3.0 mL/min is above pump maximum, making the residence time calculation moot at that operating point. The reasoning text shows three different residence times (1.0, 2.0, 30 min) for three different flow rates without resolving to one. This is a material defect requiring revision.",delivered_final_outcome.parameters.flow_rate_mL_min | delivered_final_outcome.parameters.residence_time_in_channel_min | delivered_final_outcome.parameters.residence_time_min | delivered_final_outcome.parameters.residence_time_basis | delivered_final_outcome.evidence_and_reasoning.reasoning_per_field.residence_time_min | delivered_final_outcome.evidence_and_reasoning.reasoning_per_field.flow_rate_mL_min,"flow_rate_mL_min: 3.0 | residence_time_in_channel_min: 1.0 | residence_time_min: 1.0 | residence_time_basis: liquid-holdup/contact residence time | Reasoning mentions 1.5 mL/min → 2.0 min, then 0.1 mL/min → 30 min | 3.0 mL reactor / 3.0 mL/min = 1.0 min nominal empty-bed time","Nominal empty-bed space time = reactor volume / liquid flow = 3.0/Q. Liquid-holdup residence time requires liquid holdup fraction (typically ~0.3-0.4 for packed beds), giving contact time significantly less than nominal. Both must be reported distinctly. The hard constraint explicitly requires distinguishing these.","Report both nominal empty-bed space time and liquid-holdup residence time (using an explicit holdup fraction) at a single consistent, feasible flow rate."
N2-F05CF9A5,claude,anthropic,Qwen3.8-27B,qwen,One-shot,Hydrogenolysis,UO-08,APPLICABLE,1,True,CRITICAL,HIGH,"Gas bookkeeping has a critical physical inconsistency: 3.0 sccm H2 cannot produce 63.0 mL/min actual flow at 21 bar—this is off by a factor of ~360. The reasoning section calculates actual flow for 100 sccm (getting 5.86 mL/min, which is approximately correct) but the streams report 3.0 sccm with 63.0 mL/min actual. The pressure basis is stated as gauge but absolute pressure is null, violating the hard constraint to explicitly state the basis. H2 equivalents are stated as 1.0 but cannot be achieved with the MFC and pump constraints as shown in the reasoning. The gas molar flow, equivalents, and actual in-channel flow are all physically inconsistent.",delivered_final_outcome.streams[1].gas_flow_sccm | delivered_final_outcome.streams[1].gas_flow_actual_mL_min | delivered_final_outcome.evidence_and_reasoning.reasoning_per_field.gas_flow_actual_mL_min | delivered_final_outcome.evidence_and_reasoning.reasoning_per_field.gas_flow_sccm | delivered_final_outcome.parameters.BPR_basis | delivered_final_outcome.parameters.pressure_absolute_bar,"gas_flow_sccm in streams: 3.0 | gas_flow_actual_mL_min in streams: 63.0 | Reasoning gas_flow_actual_mL_min: calculated as 100 sccm * 1.22 * 0.048 = 5.86 mL/min (for 100 sccm, not 3.0 sccm) | BPR_basis: gauge | pressure_absolute_bar: null | H2 equivalents stated as 1.0 but calculated as 0.35 or lower","Gas identity H2 correct. STP definition should be stated (0°C or 20°C, 1 atm). Actual in-channel flow = sccm * (T_K/273) * (1.013/P_bar_abs). For 3.0 sccm at 21 bar abs, 60°C: 3.0*(333/273)*(1.013/21)=0.176 mL/min actual. For 100 sccm: 5.86 mL/min. The reported 63.0 mL/min actual for 3.0 sccm is physically impossible. Absolute pressure must be stated. H2 equivalents must be consistent with molar flows.",Correct actual in-channel flow calculation for the chosen sccm value; state absolute pressure explicitly; derive consistent H2 equivalents from correct molar flows.
N2-F05CF9A5,claude,anthropic,Qwen3.8-27B,qwen,One-shot,Hydrogenolysis,UO-09,NOT_APPLICABLE,,False,NONE,HIGH,The case context specifies multistage_process=false. Single packed-bed reactor design.,,,Single reactive stage; criterion not applicable.,None.
N2-F05CF9A5,claude,anthropic,Qwen3.8-27B,qwen,One-shot,Hydrogenolysis,UO-10,APPLICABLE,2,False,MAJOR,HIGH,"Most equipment selections are correct and within limits. The critical violation is the liquid flow rate of 3.0 mL/min exceeding the pump maximum of 2.0 mL/min. This is a hard equipment limit violation that prevents execution. All other equipment (reactor, BPR, mixer, separator, check valve, collection vessel, MFC) are within their declared limits and correctly selected from inventory.",delivered_final_outcome.streams[0].flow_rate_mL_min | authoritative_inventory.pumps[0].max_flow_rate_mL_min | delivered_final_outcome.streams[1].gas_flow_sccm | authoritative_inventory.gas_hardware[1].min_flow_sccm | delivered_final_outcome.stages,"Liquid flow: 3.0 mL/min vs pump max 2.0 mL/min | H2: 3.0 sccm (within MFC range 1-100 sccm) | Reactor volume 3.0 mL matches inventory | Temperature 60°C matches allowed temperature | BPR 21 bar matches available setpoint | Mixer, reactor, separator, BPR, check valve, collection vessel all from inventory",All equipment within declared limits. Liquid flow must be ≤2.0 mL/min (pump limit).,Reduce liquid flow to ≤2.0 mL/min to comply with pump maximum flow rate.
N2-F05CF9A5,claude,anthropic,Qwen3.8-27B,qwen,One-shot,Hydrogenolysis,UO-11,APPLICABLE,2,False,MAJOR,HIGH,"The stated liquid flow (3.0 mL/min) exceeds pump limits and the gas actual flow (63.0 mL/min) is physically impossible, making the transport assumptions physically implausible. Heat transfer and multiphase metrics are empty. No gas-liquid flow regime analysis is provided for the packed bed. The water bath at 60°C is appropriate for the chemistry. These are material defects but the overall approach (gas-liquid-solid packed bed at 60°C, 21 bar) is physically sound in principle.",delivered_final_outcome.parameters.flow_rate_mL_min | delivered_final_outcome.streams[1].gas_flow_actual_mL_min | delivered_final_outcome.parameters.heat_transfer_metrics | delivered_final_outcome.parameters.multiphase_metrics,Liquid flow 3.0 mL/min exceeds pump limit | gas_flow_actual_mL_min: 63.0 (physically impossible) | heat_transfer_metrics: empty dict | multiphase_metrics: empty dict | No discussion of gas-liquid flow regime in packed bed,Physically plausible flow rates within equipment limits; correct gas-liquid flow regime assessment; heat transfer adequate at 60°C with water bath; pressure drop across packed bed addressed.,Correct flow rates to physically feasible values; provide gas-liquid flow regime assessment; address pressure drop across packed bed.
N2-F05CF9A5,claude,anthropic,Qwen3.8-27B,qwen,One-shot,Hydrogenolysis,UO-12,APPLICABLE,3,False,MINOR,HIGH,"Key hazards are identified: H2 flammability, backflow prevention, pressure control, N2 purge. The dedicated H2 vent and grounded collection vessel are correctly specified from inventory. Minor gaps: Pd(OH)2/Al2O3 catalyst handling (potential pyrophoricity when dry) not addressed; methanol flammability not explicitly mentioned; no emergency shutdown procedure; no leak test protocol beyond general mention. These are minor omissions that don't constitute unmitigated major hazards.",delivered_final_outcome.safety_controls | delivered_final_outcome.chemistry_and_operations.pre_reactor_steps | delivered_final_outcome.chemistry_and_operations.post_reactor_steps | authoritative_inventory.safety_accessories,H2 flammability noted | N2 purge before and after H2 | BPR pressure control | Check valve for backflow prevention | Dedicated H2 vent for separator | Grounded collection vessel,"H2 flammability/explosion hazard, methanol flammability, high-pressure hazard, catalyst pyrophoricity (Pd on support), leak testing, emergency shutdown all addressed.",Add catalyst handling precautions; mention methanol flammability; include explicit leak test procedure and emergency shutdown steps.
N2-F05CF9A5,claude,anthropic,Qwen3.8-27B,qwen,One-shot,Hydrogenolysis,UO-13,APPLICABLE,2,False,MAJOR,HIGH,"The procedure is skeletal. Pre-reactor steps are listed at a high level but lack detail for reproducibility. Critical missing elements: feed preparation procedure (weighing, dissolution), leak test protocol, steady-state qualification criteria, normal shutdown sequence, emergency shutdown, depressurization procedure, waste handling for methanol and H2 streams. The experiment cannot be fully reconstructed from the delivered instructions, constituting a material defect.",delivered_final_outcome.chemistry_and_operations.pre_reactor_steps | delivered_final_outcome.chemistry_and_operations.post_reactor_steps | delivered_final_outcome.evidence_and_reasoning.reasoning_per_field,"Pre-reactor: N2 purge, pump prime, H2 start, pressure verify, liquid pump start | Post-reactor: separator, collection, vent | No steady-state qualification criteria | No normal shutdown procedure | No emergency shutdown | No depressurization procedure | No waste handling | No feed preparation details | No leak test protocol","Complete procedure covering: feed preparation (solution preparation with density assumption), leak testing, N2 purge, priming, startup sequence, steady-state qualification (e.g., 3 residence times), collection start, normal shutdown (stop liquid, purge H2 with N2, depressurize), emergency shutdown, waste handling for methanol/H2 streams.","Provide complete step-by-step procedure including feed preparation, leak test, steady-state qualification, normal and emergency shutdown, depressurization, and waste handling."
N2-F05CF9A5,claude,anthropic,Qwen3.8-27B,qwen,One-shot,Hydrogenolysis,UO-14,APPLICABLE,2,False,MAJOR,HIGH,"The reasoning section explicitly identifies that the proposed 3.0 mL/min flow exceeds pump limits and works through alternative operating points (1.5 mL/min, 0.1 mL/min), but the final reported parameters still use 3.0 mL/min. This is an acknowledged unresolved defect where execution is recommended (SCREEN) despite the design being physically unexecutable as specified. The evidence_calibration is empty. The gas actual flow calculation (63.0 mL/min for 3.0 sccm) is physically wrong and not flagged. The SCREEN disposition is appropriate in principle but the design has unresolved critical defects that should have triggered a BLOCK or explicit revision flag.",delivered_final_outcome.evidence_and_reasoning.reasoning_per_field | delivered_final_outcome.parameters | delivered_final_outcome.evidence_and_reasoning.evidence_calibration | delivered_final_outcome.disposition_rationale,Reasoning text shows multiple contradictory operating points without resolution | Final parameters contradict reasoning conclusions | evidence_calibration: empty dict | Confidence: Medium | SCREEN disposition with rationale,"Honest representation of assumptions, consistent final values, acknowledged uncertainties, and no unresolved contradictions in the delivered design.",Resolve all contradictions to a single consistent operating point before recommending SCREEN; flag the gas flow calculation error; populate evidence calibration with key assumptions and uncertainties.
N2-3ECA5D30,claude,anthropic,Qwen3.8-27B,qwen,One-shot,Hydrogenolysis,UO-01,APPLICABLE,4,False,NONE,HIGH,"The transformation (N-diphenylmethyl hydrogenolysis to 3-azetidinol), substrate (DMAOL), catalyst (Pd(OH)2/Al2O3), solvent (methanol), gas (H2), temperature (60°C), pressure (21 bar), and reactor modality (gas-liquid-solid packed bed) are all faithfully preserved. Acetic acid is correctly excluded with justification. No unsupported substitution is present.",delivered_final_outcome.chemistry_and_operations.chemistry_notes | delivered_final_outcome.parameters.reactor_type | delivered_final_outcome.streams,"N-diphenylmethyl hydrogenolysis | Pd(OH)2/Al2O3 packed bed | H2 gas reagent | methanol solvent | 60°C, 21 bar | no acetic acid",Hydrogenolysis of DMAOL over Pd(OH)2/Al2O3 in methanol with H2 at 60°C and 21 bar; no unsupported substitution.,None.
N2-3ECA5D30,claude,anthropic,Qwen3.8-27B,qwen,One-shot,Hydrogenolysis,UO-02,APPLICABLE,3,False,MINOR,HIGH,"All required reagents (DMAOL, methanol, H2), catalyst (Pd(OH)2/Al2O3), and gases (H2, N2 for purge) are present and correctly assigned. The minor defect is that the liquid feed stream has pump_equipment_id=null while pump_role='pump_h2_pilot', creating a minor inconsistency in the JSON assignment, though the intent is clear. No unsafe or transformation-changing material is introduced.",delivered_final_outcome.streams | delivered_final_outcome.chemistry_and_operations.pre_reactor_steps | delivered_final_outcome.topology,DMAOL/methanol liquid feed present | H2 gas via mfc_h2_100 present | Pd(OH)2/Al2O3 packed bed reactor | N2 purge mentioned in pre_reactor_steps | pump_role field uses 'pump_h2_pilot' but pump_equipment_id is null,All required components present and correctly assigned; pump_equipment_id should be populated for the liquid feed stream.,Populate pump_equipment_id with 'pump_h2_pilot' in the liquid feed stream.
N2-3ECA5D30,claude,anthropic,Qwen3.8-27B,qwen,One-shot,Hydrogenolysis,UO-03,APPLICABLE,2,False,MAJOR,HIGH,"The reasoning section correctly calculates H2 equivalents as ~11.8 at 10 sccm and 0.3 mL/min, but the stream object reports molar_equiv=2.0, which is inconsistent. Additionally, gas_flow_actual_mL_min=210.0 is explicitly acknowledged as incorrect in the reasoning (correct ~0.59 mL/min at 21 bar abs, or ~0.56 mL/min at 22 bar abs) but the wrong value is left in the delivered JSON. These are material inconsistencies between the stated arithmetic and the delivered numbers, requiring revision before execution. The concentration (0.126 M) and liquid flow (0.3 mL/min) are correct and internally consistent.",delivered_final_outcome.streams[1].molar_equiv | delivered_final_outcome.streams[1].gas_flow_sccm | delivered_final_outcome.evidence_and_reasoning.reasoning_per_field.gas_flow_sccm | delivered_final_outcome.streams[1].gas_flow_actual_mL_min,molar_equiv=2.0 for H2 stream | gas_flow_sccm=10.0 | DMAOL molar flow=0.3*0.126=0.0378 mmol/min | H2 molar flow at 10 sccm=10/22.4=0.446 mmol/min | H2 equivalents=0.446/0.0378=11.8 | gas_flow_actual_mL_min=210.0 (stated as incorrect in reasoning),H2 equivalents should be reported as ~11.8 (consistent with 10 sccm and 0.3 mL/min at 0.126 M); the stream field molar_equiv=2.0 is inconsistent with the arithmetic shown in the reasoning. The gas_flow_actual_mL_min=210.0 is acknowledged as wrong in the reasoning (correct value ~0.59 mL/min) but the wrong value persists in the delivered JSON.,Correct molar_equiv to ~11.8 (or justify 2.0 with a different flow rate). Correct gas_flow_actual_mL_min from 210.0 to ~0.59 mL/min (21 bar abs) or ~0.56 mL/min (22 bar abs).
N2-3ECA5D30,claude,anthropic,Qwen3.8-27B,qwen,One-shot,Hydrogenolysis,UO-04,APPLICABLE,3,False,MINOR,HIGH,"Temperature (60°C), atmosphere (H2 with N2 purge), addition order (liquid+gas to T-mixer then packed bed), and stage boundaries are correctly mapped. The minor defect is the unresolved gauge/absolute ambiguity: BPR_basis='gauge' implies 22 bar absolute, but the gas volume calculation uses 21 bar absolute, and pressure_absolute_bar is null. This is a minor inconsistency that does not change the chemistry but requires clarification before execution.",delivered_final_outcome.parameters.BPR_bar | delivered_final_outcome.parameters.BPR_basis | delivered_final_outcome.safety_controls[2] | delivered_final_outcome.parameters.pressure_absolute_bar,BPR_bar=21.0 | BPR_basis='gauge' | pressure_absolute_bar=null | safety_controls text discusses gauge vs absolute ambiguity at length without resolving it cleanly | reasoning states 'I will use 21 bar absolute for simplicity',"The hard constraint requires explicitly stating whether 21 bar is absolute or gauge. The design sets BPR_basis='gauge' but then uses 21 bar absolute in calculations, and pressure_absolute_bar is null. The ambiguity is acknowledged but not cleanly resolved in the delivered output.",Explicitly state and consistently apply either 21 bar absolute or 21 bar gauge throughout all fields and calculations.
N2-3ECA5D30,claude,anthropic,Qwen3.8-27B,qwen,One-shot,Hydrogenolysis,UO-05,APPLICABLE,3,False,MINOR,HIGH,"The overall topology is correct and executable: N2 purge, liquid pump, H2 MFC, T-mixer, packed bed, BPR, gas-liquid separator, collection, safe vent. The check valve (safety_h2_check_valve) from inventory is not explicitly placed in the topology or stages, which is a minor omission since it is a required safety component for hydrogen service. The flow direction and connectivity are otherwise correct.",delivered_final_outcome.chemistry_and_operations.pre_reactor_steps | delivered_final_outcome.chemistry_and_operations.post_reactor_steps | delivered_final_outcome.topology | delivered_final_outcome.stages,N2 purge -> pump start -> MFC start -> steady state | T-mixer upstream of packed bed | gas-liquid separator -> collection vessel -> safe vent | BPR present in stages | check valve not explicitly listed in topology/stages,"Complete topology: N2 purge, pump, MFC, check valve, T-mixer, packed bed reactor, BPR, gas-liquid separator, collection vessel, safe vent. Check valve (safety_h2_check_valve) should be explicitly placed between MFC and T-mixer.",Explicitly include the hydrogen non-return check valve (safety_h2_check_valve) between the MFC and T-mixer in the topology.
N2-3ECA5D30,claude,anthropic,Qwen3.8-27B,qwen,One-shot,Hydrogenolysis,UO-06,APPLICABLE,2,False,MAJOR,HIGH,The liquid balance is correct. The gas balance has two material errors in the delivered JSON fields that are acknowledged but uncorrected. The gas_flow_actual_mL_min=210.0 appears to be an inverted pressure ratio error (10 * 21 = 210 instead of 10/21 * correction). The molar_equiv=2.0 contradicts the arithmetic. These require revision before execution.,delivered_final_outcome.streams[1].molar_equiv | delivered_final_outcome.streams[1].gas_flow_actual_mL_min | delivered_final_outcome.evidence_and_reasoning.reasoning_per_field.gas_flow_sccm | delivered_final_outcome.evidence_and_reasoning.reasoning_per_field.gas_flow_actual_mL_min,Liquid: 0.3 mL/min * 0.126 M = 0.0378 mmol/min DMAOL (correct) | H2: 10 sccm = 0.446 mmol/min (correct in reasoning) | H2 equiv = 11.8 (correct in reasoning but stream says 2.0) | gas_flow_actual_mL_min = 210.0 (acknowledged wrong; correct ~0.59 mL/min),"Liquid material balance is internally consistent (0.3 mL/min, 0.126 M, 0.0378 mmol/min DMAOL). H2 molar flow correctly calculated in reasoning as 0.446 mmol/min. The delivered stream JSON has two material errors: molar_equiv=2.0 (should be ~11.8) and gas_flow_actual_mL_min=210.0 (should be ~0.59 mL/min). These are acknowledged in reasoning but not corrected in the output.",Correct gas_flow_actual_mL_min to ~0.59 mL/min and molar_equiv to ~11.8 in the H2 stream object.
N2-3ECA5D30,claude,anthropic,Qwen3.8-27B,qwen,One-shot,Hydrogenolysis,UO-07,APPLICABLE,3,False,MINOR,HIGH,"The arithmetic closure (3.0 mL / 0.3 mL/min = 10 min) is correct for the nominal empty-bed space time. However, the hard constraint explicitly requires distinguishing nominal empty-bed space time from liquid-holdup/contact residence time. The design acknowledges this distinction in the basis text but then sets them equal by assuming 100% liquid holdup, which is physically unrealistic for a gas-liquid packed bed (published reference shows ~32% liquid holdup). This is a minor defect since the assumption is stated, but it contradicts the protocol requirement.",delivered_final_outcome.parameters.residence_time_min | delivered_final_outcome.parameters.residence_time_basis | delivered_final_outcome.parameters.reactor_volume_mL | delivered_final_outcome.parameters.flow_rate_mL_min,reactor_volume_mL=3.0 | flow_rate_mL_min=0.3 | residence_time_min=10.0 | residence_time_basis='Liquid-holdup/contact residence time (conservative estimate assuming 100% liquid holdup in the packed bed volume)' | nominal_empty_bed_liquid_space_time_min=10.0 (same as holdup time),"Nominal empty-bed space time = 3.0/0.3 = 10 min (correct). Liquid-holdup residence time should be distinguished from nominal space time; the published reference uses ~1.9 min holdup vs 6 min nominal. The design conflates them by assuming 100% liquid holdup, which is not physically realistic for a gas-liquid packed bed and contradicts the hard constraint to distinguish them.","Provide a separate estimate of liquid holdup fraction (e.g., ~0.3-0.5 of bed volume for gas-liquid packed beds) and calculate a distinct liquid-holdup residence time separate from the nominal space time."
N2-3ECA5D30,claude,anthropic,Qwen3.8-27B,qwen,One-shot,Hydrogenolysis,UO-08,APPLICABLE,2,False,MAJOR,HIGH,"The gas bookkeeping reasoning is largely correct but the delivered JSON fields contain two material errors (gas_flow_actual_mL_min=210.0 and molar_equiv=2.0) that are acknowledged but not corrected. The pressure basis (gauge vs absolute) is inconsistently applied. These are material defects requiring revision before execution, as the hard constraint explicitly requires reporting inlet/STP and pressure-corrected in-channel conditions with conversion calculation.",delivered_final_outcome.streams[1].gas_flow_actual_mL_min | delivered_final_outcome.streams[1].molar_equiv | delivered_final_outcome.parameters.BPR_basis | delivered_final_outcome.parameters.pressure_absolute_bar | delivered_final_outcome.evidence_and_reasoning.reasoning_per_field.gas_flow_actual_mL_min,"gas_flow_sccm=10.0 (correct, within MFC range 1-100 sccm) | gas_flow_actual_mL_min=210.0 (acknowledged wrong; correct ~0.59 mL/min at 21 bar abs) | molar_equiv=2.0 (inconsistent with arithmetic showing 11.8) | BPR_basis='gauge' but calculation uses 21 bar absolute | pressure_absolute_bar=null",Gas identity (H2) correct. STP definition (22.4 L/mol) used correctly in reasoning. Inlet flow (10 sccm) within MFC limits. Molar flow (0.446 mmol/min) correct in reasoning. Equivalents (~11.8) correct in reasoning but wrong in stream (2.0). Pressure-corrected in-channel flow (~0.59 mL/min) correct in reasoning but wrong in stream (210.0). Pressure basis ambiguous (gauge vs absolute inconsistency).,"Correct gas_flow_actual_mL_min to ~0.59 mL/min, molar_equiv to ~11.8, resolve gauge/absolute ambiguity consistently, and populate pressure_absolute_bar."
N2-3ECA5D30,claude,anthropic,Qwen3.8-27B,qwen,One-shot,Hydrogenolysis,UO-09,NOT_APPLICABLE,,False,NONE,HIGH,The case_context specifies multistage_process=false and the design is a single packed-bed reactor stage.,,,Single-stage process; multistage criterion not applicable.,None.
N2-3ECA5D30,claude,anthropic,Qwen3.8-27B,qwen,One-shot,Hydrogenolysis,UO-10,APPLICABLE,3,False,MINOR,HIGH,"All selected equipment exists in the authoritative inventory. Flow rates, pressures, temperatures, and volumes are within declared limits. The connector (connector_h2_pbr) and tubing (tube_h2_pilot_ss) are appropriate for the ID (4.35 mm) and pressure. The minor defect is the omission of the check valve from the explicit topology assignment.",delivered_final_outcome.topology | delivered_final_outcome.stages | delivered_final_outcome.streams | case_context.authoritative_inventory,"pump_h2_pilot: 0.3 mL/min (within 0.1-2.0 range) | mfc_h2_100: 10 sccm (within 1-100 range) | mixer_h2_t: total flow 0.3 mL/min liquid + gas (within 0.1-5.0 mL/min) | reactor_h2_pbr_300: 60°C (allowed), 21 bar (within 40 bar max) | bpr_h2_21: setpoint 21 bar (matches) | separator_h2_gl: within 25 bar max | collector_h2_250: within 1 bar max (downstream of separator, acceptable) | check valve not explicitly assigned in topology",All equipment items exist in inventory and operating points are within limits. Minor omission: check valve not explicitly assigned in topology/stages.,Explicitly assign safety_h2_check_valve in the topology between MFC and T-mixer.
N2-3ECA5D30,claude,anthropic,Qwen3.8-27B,qwen,One-shot,Hydrogenolysis,UO-11,APPLICABLE,3,False,MINOR,MEDIUM,"The basic physical plausibility is maintained: methanol remains liquid at 60°C and 21 bar, the packed bed geometry is standard, and the T-mixer approach for gas-liquid contacting is appropriate. The minor defects are the empty heat_transfer_metrics and multiphase_metrics fields, the unrealistic 100% liquid holdup assumption, and the absence of any pressure drop or wetting efficiency discussion. These are minor for a screening design but represent incomplete physical analysis.",delivered_final_output.parameters.residence_time_basis | delivered_final_outcome.evidence_and_reasoning.reasoning_per_field.residence_time_min | delivered_final_outcome.parameters.heat_transfer_metrics | delivered_final_outcome.parameters.multiphase_metrics,60°C well below methanol boiling point at 21 bar | gas-liquid mixing via T-mixer upstream of packed bed | heat_transfer_metrics={} | multiphase_metrics={} | liquid holdup assumed 100% (physically unrealistic for gas-liquid packed bed) | no wetting efficiency or pressure drop estimate provided,"Phase behavior is plausible (methanol liquid at 60°C, 21 bar). Gas-liquid mixing approach is standard. However, heat_transfer_metrics and multiphase_metrics are empty, and no pressure drop or wetting efficiency estimate is provided. The 100% liquid holdup assumption is physically unrealistic.","Provide at least a qualitative assessment of wetting efficiency, pressure drop, and liquid holdup fraction for the gas-liquid packed bed."
N2-3ECA5D30,claude,anthropic,Qwen3.8-27B,qwen,One-shot,Hydrogenolysis,UO-12,APPLICABLE,3,False,MINOR,HIGH,"The major hazards (H2 flammability, pressure) are recognized and converted into concrete controls. The minor defects are: Pd(OH)2/Al2O3 catalyst handling (potential pyrophoricity when dry) is not mentioned, methanol vapor hazard is not addressed, and the check valve is not explicitly cited as a backflow prevention control in the safety section. These are minor omissions for a screening design.",delivered_final_outcome.safety_controls | delivered_final_outcome.chemistry_and_operations.pre_reactor_steps | delivered_final_outcome.chemistry_and_operations.post_reactor_steps,H2 flammability noted | N2 purge before H2 introduction | BPR pressure control noted | grounded vented collector | dedicated H2 safe vent | leak-tight connections required | check valve present in inventory but not explicitly called out in safety controls,"Key hazards (H2 flammability, pressure) are recognized with concrete controls (N2 purge, grounded collector, safe vent, BPR). Minor omissions: no explicit mention of Pd catalyst pyrophoricity/handling, no methanol vapor hazard control, no emergency shutdown procedure in safety_controls, check valve not explicitly cited as backflow prevention control.","Add catalyst handling precautions (Pd catalyst pyrophoricity), methanol vapor controls, and explicitly cite the check valve as backflow prevention."
N2-3ECA5D30,claude,anthropic,Qwen3.8-27B,qwen,One-shot,Hydrogenolysis,UO-13,APPLICABLE,2,False,MAJOR,HIGH,"The operating procedure is severely incomplete. Leak testing is absent (hard constraint requires it). Priming procedure is absent. Steady-state qualification criteria are absent. Normal shutdown (including N2 displacement of residual H2 as required by hard constraint) is absent. Emergency shutdown is absent. Depressurization procedure is absent. Feed preparation details (solution preparation, degassing) are minimal. Work-up and waste handling are absent. These omissions mean the experiment cannot be safely reconstructed from the delivered instructions, constituting a material defect requiring revision.",delivered_final_outcome.chemistry_and_operations.pre_reactor_steps | delivered_final_outcome.chemistry_and_operations.post_reactor_steps | delivered_final_outcome.safety_controls,"pre_reactor_steps: N2 purge, pump start at 0.3 mL/min, MFC start at 10 sccm, reach steady state | post_reactor_steps: separator, collection, vent | no leak testing procedure | no priming procedure | no steady-state qualification criteria | no normal shutdown procedure | no emergency shutdown procedure | no depressurization procedure | no N2 displacement of residual H2 on shutdown | no work-up or waste handling details | no feed preparation details beyond concentration","The hard constraint requires: feed preparation, leak testing, priming, startup, steady-state qualification, collection, normal and emergency shutdown, depressurization, quench, separation, work-up, and waste handling. Most of these are absent or only superficially mentioned.","Add complete procedures for: feed preparation, leak testing with N2, priming, steady-state qualification criteria, normal shutdown with N2 purge to displace H2, emergency shutdown, depressurization, work-up, and waste handling."
N2-3ECA5D30,claude,anthropic,Qwen3.8-27B,qwen,One-shot,Hydrogenolysis,UO-14,APPLICABLE,3,False,MINOR,HIGH,"The SCREEN disposition is correctly chosen and well-justified. The reasoning shows honest self-correction of arithmetic errors, which is positive. However, the confidence='High' claim is inconsistent with leaving acknowledged errors in the delivered JSON fields. The evidence_calibration field is empty. These are minor defects that do not affect the overall disposition but represent imperfect calibration.",delivered_final_outcome.disposition_rationale | delivered_final_outcome.reported_disposition | delivered_final_outcome.evidence_and_reasoning | delivered_final_outcome.parameters.confidence,SCREEN disposition with clear rationale | acknowledged 38.1% batch conversion | acknowledged flow behavior requires experimental validation | reasoning shows self-correction of errors but leaves wrong values in JSON | confidence='High' despite acknowledged calculation errors in delivered fields | evidence_calibration={},"SCREEN disposition is appropriate and well-justified. Uncertainty is acknowledged. However, confidence='High' is overclaimed given the acknowledged errors in gas_flow_actual_mL_min and molar_equiv that were not corrected in the delivered output. Evidence_calibration is empty.","Lower confidence to 'Medium' given unresolved field errors, populate evidence_calibration, and ensure delivered JSON fields match the corrected arithmetic shown in reasoning."
N2-AA2B3CE9,claude,anthropic,Qwen3.8-27B,qwen,FlowPilot,Hydrogenolysis,UO-01,APPLICABLE,4,False,NONE,HIGH,"The design correctly identifies the substrate (DMAOL), product transformation (hydrogenolysis of C-N bond), catalyst (Pd(OH)2/Al2O3), reaction modality (gas-liquid-solid packed bed), solvent (methanol), temperature (60°C), and pressure (21 bar). No unsupported substitutions are present. Acetic acid is correctly omitted.",delivered_final_outcome.chemistry_and_operations.chemistry_identity.reaction_class | delivered_final_outcome.chemistry_and_operations.chemistry_identity.bond_broken | delivered_final_outcome.chemistry_and_operations.chemistry_identity.bond_formed | delivered_final_outcome.chemistry_and_operations.stream_components,reaction_class: hydrogenolysis | bond_broken: C-N | bond_formed: C-H | substrate: DMAOL (N-diphenylmethylazetidin-3-ol) | catalyst: Pd(OH)2/Al2O3 | modality: gas-liquid-solid packed bed | phase: liquid+gas over solid catalyst | temperature: 60°C | pressure: 21 bar,Hydrogenolysis of N-diphenylmethyl group of DMAOL over Pd(OH)2/Al2O3 in methanol at 60°C and 21 bar in a packed-bed flow reactor,None
N2-AA2B3CE9,claude,anthropic,Qwen3.8-27B,qwen,FlowPilot,Hydrogenolysis,UO-02,APPLICABLE,4,False,NONE,HIGH,"All required reagents are present: DMAOL substrate, methanol solvent, H2 gas reagent delivered through the certified MFC, and Pd(OH)2/Al2O3 catalyst in the packed bed. No unsafe or transformation-changing materials are introduced. Acetic acid is correctly omitted per protocol.",delivered_final_outcome.chemistry_and_operations.stream_components | delivered_final_outcome.streams | delivered_final_outcome.topology.instrument_manifest,Stream A: DMAOL 0.126 M in methanol | Stream B: H2 via MFC at 1.412 sccm | Catalyst: Pd(OH)2/Al2O3 in reactor_h2_pbr_300 | No acetic acid introduced,"DMAOL substrate in methanol, H2 gas reagent via MFC, Pd(OH)2/Al2O3 catalyst in packed bed; acetic acid correctly excluded",None
N2-AA2B3CE9,claude,anthropic,Qwen3.8-27B,qwen,FlowPilot,Hydrogenolysis,UO-03,APPLICABLE,3,False,MINOR,HIGH,"The stoichiometry is internally consistent: DMAOL at 0.126 M flowing at 0.1 mL/min gives 0.0126 mmol/min; H2 at 1.412 sccm gives ~0.063 mmol/min = 5.0 equiv. The concentration derivation is explicitly stated with density assumption. The 5 equiv H2 is much lower than the published 26 equiv but is not chemically incompatible—it is a conservative first screen. The design does not claim to replicate published conversion. Minor concern: the very low H2 equivalents relative to the published reference may limit conversion significantly, but this is acknowledged as a screen. No feed incompatibility exists.",delivered_final_outcome.streams[1].molar_equiv | delivered_final_outcome.streams[1].gas_flow_sccm | delivered_final_outcome.parameters.concentration_M | delivered_final_outcome.chemistry_and_operations.stream_components[2].molar_equiv,"DMAOL: 0.126 M, 1.0 equiv | H2: 1.412 sccm, 5.0 equiv | Liquid flow: 0.1 mL/min | DMAOL molar flow: 0.126 M × 0.1 mL/min = 0.0126 mmol/min | H2 molar flow at STP: 1.412 sccm / 22414 mL/mol = 6.299e-5 mol/min = 0.06299 mmol/min | H2 equiv = 0.06299/0.0126 = 5.0 equiv (checks out) | Published reference: 26 equiv H2 at 40 sccm and 0.5 mL/min","Stoichiometry internally consistent; 5 equiv H2 is a valid conservative screening choice distinct from the published 26 equiv but defensible as a first screen. Concentration basis (0.126 M from 3.8 wt%, density 0.792 g/mL, MW 239.32) is correctly stated.",Consider noting that 5 equiv H2 is substantially below the published 26 equiv and may result in lower conversion; this is acceptable for a first screen but should be flagged as a variable to optimize.
N2-AA2B3CE9,claude,anthropic,Qwen3.8-27B,qwen,FlowPilot,Hydrogenolysis,UO-04,APPLICABLE,4,False,NONE,HIGH,"Temperature (60°C) and pressure (21 bar, explicitly stated as gauge with absolute = 22.01325 bar) match the protocol. The pressure basis is explicitly declared as required by the hard constraints. Addition order is correct: liquid primed first, N2 purge, then H2 admitted. Gas-liquid mixing occurs before the packed bed. All chemistry-critical conditions are faithfully translated.",delivered_final_outcome.parameters.temperature_C | delivered_final_outcome.parameters.BPR_bar | delivered_final_outcome.parameters.BPR_basis | delivered_final_outcome.parameters.pressure_absolute_bar | delivered_final_outcome.chemistry_and_operations.operating_procedure,"Temperature: 60°C (matches protocol) | BPR: 21 bar gauge, absolute = 22.01325 bar | Pressure basis explicitly stated as gauge | Gas-liquid mixing before packed bed | Startup sequence: prime → pressure test → N2 purge → H2 admission","60°C, 21 bar (gauge or absolute explicitly stated), gas-liquid mixing upstream of packed bed, correct addition order",None
N2-AA2B3CE9,claude,anthropic,Qwen3.8-27B,qwen,FlowPilot,Hydrogenolysis,UO-05,APPLICABLE,4,False,NONE,HIGH,"The topology is complete and correctly ordered. All required unit operations are present: pump, MFC, T-mixer, packed-bed reactor, BPR, gas-liquid separator, and collector. Safety accessories (check valve, safe vent) are correctly placed. The flow path is physically executable.",delivered_final_outcome.topology.streams | delivered_final_outcome.topology.unit_operations | delivered_final_outcome.chemistry_and_operations.pid_description,pump_h2_pilot → mixer_h2_t (liquid) | mfc_h2_100 → mixer_h2_t (gas) | mixer_h2_t → reactor_h2_pbr_300 (gas-liquid) | reactor_h2_pbr_300 → bpr_h2_21 (gas-liquid) | bpr_h2_21 → separator_h2_gl (gas-liquid) | separator_h2_gl → collector_h2_250 (liquid) | safety_h2_check_valve on H2 feed | safety_h2_vent on separator off-gas,"Pump → T-mixer ← MFC → packed bed → BPR → gas-liquid separator → collector, with check valve and safe vent",None
N2-AA2B3CE9,claude,anthropic,Qwen3.8-27B,qwen,FlowPilot,Hydrogenolysis,UO-06,APPLICABLE,4,False,NONE,HIGH,"The liquid material balance closes: DMAOL at 0.126 M × 0.1 mL/min = 0.0126 mmol/min. H2 at 1.412 sccm / 22.414 L/mol = 6.299×10⁻⁵ mol/min = 0.06299 mmol/min. H2 equiv = 0.06299/0.0126 = 5.0. All values are consistent and the equivalents calculation follows the required method (gas molar flow / DMAOL molar flow). The concentration derivation from 3.8 wt%, density 0.792 g/mL, MW 239.32 is correctly stated.",delivered_final_outcome.streams[0].flow_rate_mL_min | delivered_final_outcome.streams[0].concentration_M | delivered_final_outcome.streams[1].gas_flow_sccm | delivered_final_outcome.streams[1].molar_equiv | delivered_final_outcome.parameters.flow_rate_mL_min,Q_liquid = 0.1 mL/min | [DMAOL] = 0.126 M | DMAOL molar flow = 0.126 × 0.1 = 0.0126 mmol/min | H2 STP flow = 1.412 sccm = 1.412/22414 mol/min × 1000 = 0.06299 mmol/min | H2 equiv = 0.06299/0.0126 = 4.999 ≈ 5.0 ✓ | Total liquid flow = 0.1 mL/min (single liquid stream),"Liquid molar flows, equivalents, and total flow consistent; H2 equivalents correctly derived from gas molar flow / DMAOL molar flow",None
N2-AA2B3CE9,claude,anthropic,Qwen3.8-27B,qwen,FlowPilot,Hydrogenolysis,UO-07,APPLICABLE,3,False,MINOR,HIGH,"The nominal empty-bed space time of 30 min (3.0 mL / 0.1 mL/min) is arithmetically correct. The design correctly labels this as 'nominal empty-bed liquid space time' and distinguishes it from liquid-holdup residence time in the basis description. However, the design does not provide a numerical estimate of the liquid-holdup/contact residence time (e.g., using a bed void fraction or holdup fraction), which is explicitly required by the hard constraints ('Distinguish nominal empty-bed space time from liquid-holdup/contact residence time'). The published reference gives 1.9 min liquid-holdup time vs 6.0 min nominal at 0.5 mL/min, implying a holdup fraction of ~0.32. At 0.1 mL/min the nominal is 30 min but the actual contact time would be ~9-10 min. This omission is a minor defect since the basis is correctly labeled but the holdup estimate is missing.",delivered_final_outcome.parameters.residence_time_min | delivered_final_outcome.parameters.residence_time_basis | delivered_final_outcome.parameters.residence_time_basis_code | delivered_final_outcome.topology.residence_time_min | delivered_final_outcome.chemistry_and_operations.operating_procedure[16].parameter_bindings,Reactor volume: 3.0 mL | Liquid flow: 0.1 mL/min | Nominal empty-bed space time: 3.0/0.1 = 30 min | residence_time_basis_code: liquid_only | residence_time_basis_detail: nominal empty-bed liquid space time (geometric reactor volume / liquid flow) | Published liquid-holdup residence time: 1.9 min at 0.5 mL/min | No liquid holdup fraction reported,Nominal empty-bed space time = 30 min is correctly calculated. The design must distinguish nominal empty-bed space time from liquid-holdup/contact residence time. The design labels this as 'nominal empty-bed liquid space time' but does not provide a separate liquid-holdup contact time estimate.,"Provide a numerical estimate of the liquid-holdup/contact residence time using an assumed or measured bed void/holdup fraction, distinct from the 30 min nominal empty-bed space time."
N2-AA2B3CE9,claude,anthropic,Qwen3.8-27B,qwen,FlowPilot,Hydrogenolysis,UO-08,APPLICABLE,4,False,NONE,HIGH,"All required gas bookkeeping elements are present and consistent. Gas identity is H2. STP basis is explicitly declared (273.15 K, 1.01325 bar, 22.414 L/mol). Inlet STP flow is 1.412 sccm. Pressure-corrected in-channel flow is 0.07927 mL/min, correctly calculated using absolute pressure (22.0132 bar) and operating temperature (60°C = 333.15 K). The BPR basis (gauge vs absolute) is explicitly stated. H2 equivalents (5.0) are correctly derived from gas molar flow / DMAOL molar flow. The check valve prevents backflow. All gas bookkeeping closes.",delivered_final_outcome.streams[1].gas_flow_sccm | delivered_final_outcome.streams[1].gas_flow_actual_mL_min | delivered_final_outcome.parameters.pressure_absolute_bar | delivered_final_outcome.parameters.BPR_basis | delivered_final_outcome.evidence_and_reasoning.reasoning_per_field.BPR_bar,"Gas: H2 (correct identity) | STP basis: 273.15 K, 1.01325 bar, 22.414 L/mol (explicitly stated) | Inlet STP flow: 1.412 sccm | Pressure-corrected in-channel flow: 0.07927 mL/min at 60°C and 22.0132 bar absolute | BPR basis: 21 bar gauge, absolute = 22.01325 bar | H2 equiv: 5.0 (from gas molar flow / DMAOL molar flow) | Check: 1.412 sccm × (1.01325/22.0132) × (333.15/273.15) = 1.412 × 0.04603 × 1.2196 = 0.07927 mL/min ✓","Gas identity correct (H2), STP definition explicit, inlet STP flow stated, pressure-corrected in-channel flow calculated, absolute pressure basis stated, H2 equivalents from gas/liquid molar flow ratio",None
N2-AA2B3CE9,claude,anthropic,Qwen3.8-27B,qwen,FlowPilot,Hydrogenolysis,UO-09,NOT_APPLICABLE,,False,NONE,HIGH,The case context declares multistage_process=false. Only one reactive stage is present.,,,Not applicable: single-stage process,None
N2-AA2B3CE9,claude,anthropic,Qwen3.8-27B,qwen,FlowPilot,Hydrogenolysis,UO-10,APPLICABLE,4,False,NONE,HIGH,"Every equipment item used is present in the authoritative inventory. All operating points (flow rates, pressures, temperatures) are within declared equipment limits. The pump operates well within its range (0.1 vs 2.0 mL/min max). The MFC operates at 1.412 sccm, well within its 1-100 sccm range. The reactor temperature (60°C) is within the allowed temperature. The BPR setpoint (21 bar) matches the available setpoint. No invented equipment is used.",delivered_final_outcome.topology.instrument_manifest | delivered_final_outcome.topology.unit_operations,"pump_h2_pilot: max 2.0 mL/min, operating at 0.1 mL/min ✓ | mfc_h2_100: max 100 sccm, operating at 1.412 sccm ✓ | mixer_h2_t: max 5.0 mL/min total, operating at ~0.1 mL/min ✓ | reactor_h2_pbr_300: 3.0 mL, 4.35 mm ID, max 40 bar, 100°C; operating at 21 bar gauge, 60°C ✓ | bath_h2_60: allowed 60°C ✓ | bpr_h2_21: setpoint 21 bar ✓ | separator_h2_gl: max 25 bar, max 10 mL/min ✓ | collector_h2_250: max 1 bar (atmospheric collection after separator) ✓ | safety_h2_check_valve: max 40 bar ✓ | safety_h2_vent: max 25 bar ✓ | connector_h2_pbr: 4.35 mm ID, max 40 bar ✓ | tube_h2_pilot_ss: 4.35 mm ID, 0.2 m, max 40 bar ✓","All equipment exists in inventory, operating points within declared limits",None
N2-AA2B3CE9,claude,anthropic,Qwen3.8-27B,qwen,FlowPilot,Hydrogenolysis,UO-11,APPLICABLE,3,False,MINOR,MEDIUM,"At 22 bar absolute and 60°C, methanol remains liquid (boiling point far above 60°C at this pressure). The gas-liquid flow regime in the packed bed is physically plausible. The gas-to-liquid ratio in channel (~0.79) is reasonable for a trickle-bed or slug-flow regime. No boiling, precipitation, or runaway concerns are identified. A minor defect is that pressure drop across the packed bed is not estimated, which could be relevant at very low flow rates. The design does not address potential catalyst fines migration or plugging, though this is a minor concern for a first screen.",delivered_final_outcome.streams[1].gas_flow_actual_mL_min | delivered_final_outcome.streams[0].flow_rate_mL_min | delivered_final_outcome.parameters.pressure_absolute_bar,"Liquid flow: 0.1 mL/min | H2 in-channel flow: 0.07927 mL/min | Gas-to-liquid volumetric ratio in channel: ~0.79 | Operating pressure: 22 bar absolute | Temperature: 60°C (below methanol bp at 22 bar) | Methanol bp at 22 bar >> 64.7°C atmospheric, so no boiling concern | Pd(OH)2/Al2O3 packed bed: potential for plugging if catalyst fines migrate","Phase behavior plausible at 22 bar, 60°C; gas-liquid flow in packed bed physically reasonable; no boiling; pressure drop across packed bed not quantified","Consider providing a rough pressure drop estimate across the packed bed and noting catalyst fines management (e.g., use of frits)."
N2-AA2B3CE9,claude,anthropic,Qwen3.8-27B,qwen,FlowPilot,Hydrogenolysis,UO-12,APPLICABLE,4,False,NONE,HIGH,"The design comprehensively addresses hydrogen flammability (ignition control, grounded ventilation), backflow prevention (check valve), safe venting (dedicated H2 vent), inert purge before H2 admission, pressure testing, overpressure response, depressurization, and shutdown sequence. PPE, emergency stop, and waste handling are included. The Pd(OH)2/Al2O3 catalyst is less pyrophoric than Pd/C, so the absence of explicit pyrophoricity warning is a very minor omission but not a major hazard gap. Methanol flammability is implicitly covered by the general containment and waste controls.",delivered_final_outcome.safety_controls | delivered_final_outcome.chemistry_and_operations.operating_procedure,"H2 flammability: addressed via grounded ventilation, ignition source exclusion (H2-IGNITION-CONTROL) | H2 backflow: check valve (H2-BACKFLOW-PREVENTION, safety_h2_check_valve) | H2 vent routing: safe vent on separator (H2-VENT-ROUTING, safety_h2_vent) | N2 purge before H2 admission (H2-INERT-PURGE) | Pressure leak test before reagents (PRESSURE-LEAK-TEST) | Overpressure response defined (PRESSURE-OVERPRESSURE-RESPONSE) | Depressurization procedure (PRESSURE-DEPRESSURIZE) | H2 shutdown sequence (H2-SHUTDOWN) | PPE and containment (GENERAL-PPE-CONTAINMENT) | Emergency stop defined (GENERAL-EMERGENCY-STOP) | Waste segregation (GENERAL-WASTE) | Pd catalyst: pyrophoric risk not explicitly mentioned but Pd(OH)2 is less pyrophoric than Pd/C","All major hazards (H2 flammability, pressure, catalyst) recognized with concrete controls",Consider explicitly noting methanol flammability and Pd catalyst handling precautions (though Pd(OH)2/Al2O3 is less hazardous than Pd/C).
N2-AA2B3CE9,claude,anthropic,Qwen3.8-27B,qwen,FlowPilot,Hydrogenolysis,UO-13,APPLICABLE,4,False,NONE,HIGH,"The operating procedure is comprehensive and covers all required elements: feed preparation, assembly verification, priming, leak testing, N2 purge, startup sequence (liquid before gas), steady-state qualification (3× residence time = 90 min), product collection with timing, crude collection and analysis, normal shutdown, H2 shutdown with purge, depressurization, emergency stop, overpressure response, and waste handling. The experiment is fully reproducible from the delivered instructions.",delivered_final_outcome.chemistry_and_operations.operating_procedure,"PREP-A: feed preparation with concentration and volume | PREP-B: gas setup with STP flow | SETUP-VERIFY: assembly verification | SETUP-PRIME: liquid line priming | PRESSURE-LEAK-TEST: pressure test at 21 bar | H2-INERT-PURGE: N2 purge before H2 | H2-BACKFLOW-PREVENTION: check valve verification | H2-VENT-ROUTING: vent routing verification | H2-IGNITION-CONTROL: ventilation and ignition source check | START-FEEDS: startup sequence with liquid first then gas | STEADY-STATE: 90 min (3× residence time) before collection | COLLECT-PRODUCT: collection for ≥30 min with timing | COLLECT-ANALYZE-WORKUP: crude collection and aliquot for analysis | NORMAL-SHUTDOWN: stop feeds, flush, cool, isolate | H2-SHUTDOWN: H2 stop, purge, depressurize | PRESSURE-DEPRESSURIZE: controlled depressurization | GENERAL-EMERGENCY-STOP: emergency sequence | PRESSURE-OVERPRESSURE-RESPONSE: overpressure response | GENERAL-WASTE: waste handling","Complete operating procedure covering preparation, startup, steady-state qualification, collection, shutdown, depressurization, and waste handling",None
N2-AA2B3CE9,claude,anthropic,Qwen3.8-27B,qwen,FlowPilot,Hydrogenolysis,UO-14,APPLICABLE,3,False,MINOR,HIGH,"The design correctly reports LOW confidence and SCREEN disposition, which is appropriate for a first experimental screen. Validation experiments are defined. The design is honest about the nominal empty-bed space time basis. However, the design does not explicitly acknowledge that 5 equiv H2 (vs published 26 equiv) may significantly reduce conversion, which is a relevant uncertainty for the screen. The absence of literature analogies is noted but acceptable for a first screen. The overall evidence calibration is honest and proportionate, with a minor gap in not flagging the H2 equivalents difference from the published reference as a key uncertainty.",delivered_final_outcome.evidence_and_reasoning.confidence | delivered_final_outcome.reported_disposition | delivered_final_outcome.disposition_rationale | delivered_final_outcome.evidence_and_reasoning.validation_experiments,"Confidence: LOW | Disposition: SCREEN | Validation experiments defined: VAL-HYDRAULIC-BASELINE, VAL-RTD, VAL-FIRST-SCREEN, VAL-H2-LEAK-PURGE | No literature analogies cited | H2 equivalents (5.0) substantially below published reference (26.0) without explicit acknowledgment of potential impact on conversion | Residence time basis correctly labeled as nominal empty-bed space time","Honest representation of uncertainty, assumptions, and limitations; SCREEN disposition appropriate; validation needs identified",Explicitly note that 5 equiv H2 is substantially below the published 26 equiv reference and that this may result in lower conversion; flag H2 equivalents as a primary optimization variable for subsequent screens.
N2-479DCF09,claude,anthropic,Qwen3.8-27B,qwen,FlowPilot,Hydrogenolysis,UO-01,APPLICABLE,4,False,NONE,HIGH,"The design correctly identifies the substrate (DMAOL), product (3-azetidinol via C-N hydrogenolysis), catalyst (Pd(OH)2/Al2O3), reaction modality (gas-liquid-solid packed bed), solvent (methanol), temperature (60°C), and pressure (21 bar). No unsupported substitution is present.",delivered_final_outcome.chemistry_and_operations.chemistry_identity.reaction_class | delivered_final_outcome.chemistry_and_operations.chemistry_identity.bond_broken | delivered_final_outcome.chemistry_and_operations.chemistry_identity.bond_formed | delivered_final_outcome.chemistry_and_operations.stream_components,reaction_class: hydrogenolysis | substrate: DMAOL (N-diphenylmethylazetidin-3-ol) | catalyst: Pd(OH)2/Al2O3 | modality: gas-liquid-solid packed bed | temperature: 60°C | pressure: 21 bar BPR,"Hydrogenolysis of N-diphenylmethyl group over Pd(OH)2/Al2O3 at 60°C, 21 bar, in methanol, packed-bed flow reactor",None
N2-479DCF09,claude,anthropic,Qwen3.8-27B,qwen,FlowPilot,Hydrogenolysis,UO-02,APPLICABLE,4,False,NONE,HIGH,"All required reagents are present and correctly assigned. H2 is delivered via the certified MFC. Catalyst is in the packed bed. Methanol is the solvent. Acetic acid is not introduced, consistent with the protocol instruction that it is optional and must not be added unless justified. No unsafe or transformation-changing materials are introduced.",delivered_final_outcome.chemistry_and_operations.stream_components | delivered_final_outcome.chemistry_and_operations.chemistry_identity | delivered_final_outcome.parameters,Stream A: DMAOL 0.126 M in methanol | Stream B: H2 at 1 sccm via MFC | Catalyst: Pd(OH)2/Al2O3 in packed bed | No acetic acid introduced,"DMAOL substrate, methanol solvent, H2 gas reagent, Pd(OH)2/Al2O3 catalyst all present; acetic acid correctly omitted per protocol",None
N2-479DCF09,claude,anthropic,Qwen3.8-27B,qwen,FlowPilot,Hydrogenolysis,UO-03,APPLICABLE,2,False,MAJOR,HIGH,"The DMAOL concentration (0.126 M) and liquid flow rate (0.22517 mL/min) are consistent with each other. The H2 equivalents of 1.57 are arithmetically correct given 1 sccm MFC flow. However, the published reference uses 40 sccm H2 at 0.5 mL/min liquid flow, giving ~26 equiv H2. The candidate uses only 1 sccm, giving 1.57 equiv. This is a 17-fold reduction in H2 equivalents with no stated justification. For a hydrogenolysis requiring H2 as the stoichiometric reductant, 1.57 equiv is barely above stoichiometric and may be insufficient to achieve meaningful conversion, especially given mass transfer limitations in gas-liquid-solid systems. This is a material defect requiring revision, though it is recoverable by increasing H2 flow.",delivered_final_outcome.streams[1].molar_equiv | delivered_final_outcome.streams[1].gas_flow_sccm | delivered_final_outcome.parameters.flow_rate_mL_min | delivered_final_outcome.parameters.concentration_M | case_context.held_out_source_fact_check.published_flow_reference.hydrogen_to_DMAOL_molar_ratio,"H2 flow: 1 sccm | DMAOL flow: 0.22517 mL/min at 0.126 M | DMAOL molar flow: 0.22517 * 0.126 / 1000 * 1000 = 0.02837 mmol/min | H2 molar flow at STP: 1 sccm / 22414 mL/mol = 4.461e-5 mol/min = 0.04461 mmol/min | H2 equivalents: 0.04461 / 0.02837 = 1.57 equiv | Published reference: 40 sccm H2, 0.5 mL/min liquid, 0.126 M DMAOL => H2/DMAOL = 26 equiv | Candidate H2 equivalents: 1.57 (reported as 1.5726)","H2 equivalents should be sufficient for hydrogenolysis; published reference uses ~26 equiv. While the rubric allows deviation from the reference if defensible, 1.57 equiv of H2 is a very low stoichiometric excess for a heterogeneous hydrogenolysis and may be insufficient to sustain the reaction. The candidate does not provide a defensible basis for this drastic reduction from the reference. The concentration (0.126 M) and liquid flow (0.22517 mL/min) are internally consistent. The H2 equivalents calculation is arithmetically correct given 1 sccm, but the choice of 1 sccm is not justified and represents a material defect.","Increase H2 MFC flow to provide adequate equivalents (e.g., 20-40 sccm as in the reference) or provide a defensible scientific basis for using only 1.57 equiv H2. The current 1 sccm setting is likely to result in H2 starvation."
N2-479DCF09,claude,anthropic,Qwen3.8-27B,qwen,FlowPilot,Hydrogenolysis,UO-04,APPLICABLE,4,False,NONE,HIGH,"Temperature (60°C) and pressure (21 bar BPR) match the protocol. The candidate explicitly states the BPR basis as gauge and provides the absolute pressure (22.01325 bar), satisfying the hard constraint. The startup sequence correctly establishes liquid flow, temperature, and pressure before gas admission. N2 purge is included. All chemistry-critical conditions are faithfully translated.",delivered_final_outcome.parameters.temperature_C | delivered_final_outcome.parameters.BPR_bar | delivered_final_outcome.parameters.BPR_basis | delivered_final_outcome.parameters.pressure_absolute_bar | delivered_final_outcome.chemistry_and_operations.operating_procedure,"Temperature: 60°C (matches protocol) | BPR: 21 bar gauge, absolute = 22.01325 bar | Pressure basis explicitly stated as gauge | Startup sequence: prime -> pressure test -> N2 purge -> H2 admission | Liquid before gas admission confirmed","60°C, 21 bar, gauge basis explicitly declared, correct startup sequence with N2 purge before H2",None
N2-479DCF09,claude,anthropic,Qwen3.8-27B,qwen,FlowPilot,Hydrogenolysis,UO-05,APPLICABLE,4,False,NONE,HIGH,The topology is complete and correctly ordered. Liquid and gas feeds merge at the T-mixer before the packed bed. The BPR is downstream of the reactor to maintain pressure. The gas-liquid separator follows the BPR. The collection vessel receives the liquid product. Check valve and safe vent are included. All required unit operations are present and connected in executable order.,delivered_final_outcome.topology.streams | delivered_final_outcome.topology.unit_operations | delivered_final_outcome.chemistry_and_operations.pid_description,"Topology: pump_a -> mixer_1 (liquid), mfc_b -> mixer_1 (gas), mixer_1 -> reactor_1 (gas_liquid), reactor_1 -> bpr_1 (gas_liquid), bpr_1 -> separator_1 (gas_liquid), separator_1 -> collector_1 (liquid) | All inventory items assigned | Check valve on H2 feed | Safe vent on separator",Correct flow topology: liquid pump + gas MFC -> T-mixer -> packed bed reactor -> BPR -> gas-liquid separator -> collection vessel,None
N2-479DCF09,claude,anthropic,Qwen3.8-27B,qwen,FlowPilot,Hydrogenolysis,UO-06,APPLICABLE,3,False,MINOR,MEDIUM,"The arithmetic is internally consistent: 0.22517 mL/min * 0.126 M = 0.02837 mmol/min DMAOL; 1 sccm H2 / 22414 mL/mol = 0.04461 mmol/min H2; ratio = 1.572 equiv. The pressure-corrected in-channel H2 flow is correctly calculated as 1 sccm * (273.15/333.15) * (1.01325/22.01325) = ~0.0374 mL/min... wait, let me recalculate: at 60°C (333.15 K) and 22.01325 bar abs: V_corrected = 1 * (273.15/333.15) * (1.01325/22.01325) = 1 * 0.8197 * 0.04603 = 0.03773 mL/min. The candidate reports 0.05614 mL/min. This discrepancy suggests the pressure correction may use a different formula. The candidate states 'pressure-corrected in-channel flow=0.0561398 mL/min at 60°C and 22.0132 bar absolute'. Using ideal gas: V2 = V1*(T2/T1)*(P1/P2) = 1*(333.15/273.15)*(1.01325/22.01325) = 1.2197*0.04603 = 0.05614 mL/min. This uses T2/T1 (not T1/T2), which is the correct direction for temperature correction when converting from STP to operating conditions. So the in-channel flow calculation is correct. The liquid balance is internally consistent. Minor issue: the basis for the specific liquid flow rate (0.22517 mL/min) is not fully transparent - it appears to be set to give 1 equiv DMAOL relative to some unstated throughput, but the actual derivation is circular.",delivered_final_outcome.parameters.flow_rate_mL_min | delivered_final_outcome.parameters.concentration_M | delivered_final_outcome.streams[0].molar_equiv | delivered_final_outcome.streams[1].gas_flow_sccm | delivered_final_outcome.streams[1].molar_equiv,"Liquid flow: 0.22517 mL/min | DMAOL concentration: 0.126 M | DMAOL molar flow: 0.22517 * 0.126 = 0.028371 mmol/min | H2 STP flow: 1 sccm = 1 mL/min at STP | H2 molar flow: 1/22414 mol/min = 4.461e-5 mol/min = 0.04461 mmol/min | H2 equiv: 0.04461/0.028371 = 1.572 (matches reported 1.5726) | Liquid flow basis: Q = equiv/(C) * k; with equiv=1, C=0.126 M, k not explicitly defined but Q=0.22517 mL/min implies throughput ~0.028 mmol/min DMAOL","Liquid material balance is internally consistent. DMAOL molar flow and H2 molar flow are correctly calculated. H2 equivalents arithmetic is correct. Minor issue: the liquid flow rate of 0.22517 mL/min appears to be derived from an unstated throughput target (not the reference 0.5 mL/min), and the basis for choosing this specific flow rate is not fully explained beyond 'stoichiometric flow solution'.",Clarify the basis for the liquid flow rate selection (0.22517 mL/min). The arithmetic is correct but the design rationale for this specific flow rate is unclear.
N2-479DCF09,claude,anthropic,Qwen3.8-27B,qwen,FlowPilot,Hydrogenolysis,UO-07,APPLICABLE,3,False,MINOR,HIGH,"The nominal empty-bed space time (13.32 min) is correctly calculated from reactor volume (3.0 mL) and liquid flow (0.22517 mL/min). The deterministic verification confirms closure. However, the hard constraint explicitly requires distinguishing nominal empty-bed space time from liquid-holdup/contact residence time. The candidate acknowledges this distinction in labeling but does not provide a liquid-holdup estimate (e.g., using a void fraction or holdup fraction). The published reference gives 1.9 min liquid-holdup time vs 6.0 min nominal space time at 0.5 mL/min. The candidate only reports the nominal time. This is a minor defect as the distinction is labeled but the holdup time is not quantified.",delivered_final_outcome.parameters.residence_time_min | delivered_final_outcome.parameters.residence_time_basis | delivered_final_outcome.parameters.flow_rate_mL_min | delivered_final_outcome.parameters.reactor_volume_mL | deterministic_verification_sheet.top_level_volume_flow_time_closure,Reactor volume: 3.0 mL | Liquid flow: 0.22517 mL/min | Nominal empty-bed space time: 3.0/0.22517 = 13.323 min (matches reported) | Residence time basis: nominal empty-bed liquid space time | Liquid-holdup residence time: not separately calculated | Published reference liquid-holdup time: 1.9 min at 0.5 mL/min | Deterministic verification: Q*tau = 0.22517*13.323 = 3.000 mL (passes),"Nominal empty-bed space time correctly calculated as 13.32 min. However, the hard constraint requires distinguishing nominal empty-bed space time from liquid-holdup/contact residence time. The candidate labels the basis as 'nominal empty-bed liquid space time' but does not provide a separate liquid-holdup residence time estimate. The parameters field shows residence_time_basis_code as 'liquid_only' but the detail says 'nominal empty-bed liquid space time (geometric reactor volume / liquid flow)' - this is the empty-bed time, not the liquid-holdup time. The distinction is acknowledged in the basis label but no liquid-holdup estimate is provided.","Provide an estimated liquid-holdup residence time using an assumed void fraction or holdup fraction, separate from the nominal empty-bed space time, as required by the hard constraints."
N2-479DCF09,claude,anthropic,Qwen3.8-27B,qwen,FlowPilot,Hydrogenolysis,UO-08,APPLICABLE,2,False,MAJOR,HIGH,"The gas bookkeeping is arithmetically correct: STP definition stated, pressure basis declared, in-channel flow correctly calculated via ideal gas law (temperature correction in correct direction). H2 equivalents correctly computed. However, operating the MFC at its minimum flow (1 sccm = min_flow_sccm per inventory) raises a material concern about flow control precision and whether the MFC can reliably deliver this flow. Furthermore, the gas-holdup residence time is not distinguished from liquid-holdup time as required. The very low H2 equivalents (1.57 vs reference 26) without justification is a material defect in the gas bookkeeping context - it suggests the gas flow selection may not have been properly validated against reaction requirements.",delivered_final_outcome.streams[1].gas_flow_sccm | delivered_final_outcome.streams[1].gas_flow_actual_mL_min | delivered_final_outcome.streams[1].molar_equiv | delivered_final_outcome.parameters.pressure_absolute_bar | delivered_final_outcome.parameters.BPR_basis,"H2 STP flow: 1 sccm (273.15 K, 1.01325 bar, 22.414 L/mol - correctly stated) | Pressure basis: 21 bar gauge, absolute = 22.01325 bar | In-channel H2 flow: 0.05614 mL/min (calculated as 1*(333.15/273.15)*(1.01325/22.01325)) | H2 molar flow: 4.461e-5 mol/min | H2 equivalents: 1.5726 | Published reference: 40 sccm, 26 equiv H2","Gas identity (H2) correct. STP definition correctly stated. Pressure basis explicitly declared (gauge, absolute = 22.01325 bar). In-channel flow calculation is correct using ideal gas law. H2 equivalents arithmetic is correct. However, 1 sccm H2 providing only 1.57 equiv is a material concern for gas bookkeeping - the MFC minimum is 1 sccm and the design is operating at the minimum, which raises precision and control concerns. Additionally, the gas-holdup residence time in the reactor is not addressed separately from liquid holdup.",Increase H2 flow above the MFC minimum (1 sccm) to provide adequate equivalents and reliable flow control. Provide gas-holdup residence time estimate. Justify the choice of H2 flow rate relative to reaction stoichiometric requirements.
N2-479DCF09,claude,anthropic,Qwen3.8-27B,qwen,FlowPilot,Hydrogenolysis,UO-09,NOT_APPLICABLE,,False,NONE,HIGH,The case context declares multistage_process=false. This criterion is not applicable.,case_context.applicability.multistage_process,multistage_process: false,Not applicable - single stage process,None
N2-479DCF09,claude,anthropic,Qwen3.8-27B,qwen,FlowPilot,Hydrogenolysis,UO-10,APPLICABLE,3,False,MINOR,HIGH,"All equipment items are from the authoritative inventory. Flow rates, temperatures, and pressures are within declared limits. The MFC operates at its minimum (1 sccm), which is a boundary condition that may affect precision. The collector (max 1 bar) receives liquid after the gas-liquid separator, which should be at near-atmospheric pressure, so this is acceptable. The mixer total flow (0.22517 mL/min liquid only, gas not added to liquid total in mixer spec check) is within range. Minor concern about MFC precision at minimum flow.",delivered_final_outcome.topology.instrument_manifest | delivered_final_outcome.topology.unit_operations | case_context.authoritative_inventory,"pump_h2_pilot: flow 0.22517 mL/min (within 0.1-2.0 mL/min range) | mfc_h2_100: 1 sccm (at minimum 1 sccm - boundary condition) | mixer_h2_t: total flow 0.22517 mL/min (within 0.1-5.0 mL/min range) | reactor_h2_pbr_300: 60°C (allowed), 3.0 mL, 4.35 mm ID | bath_h2_60: 60°C (allowed) | bpr_h2_21: 21 bar (only setpoint) | separator_h2_gl: max 25 bar, max 10 mL/min | collector_h2_250: max 1 bar pressure - concern at post-BPR atmospheric collection",All equipment exists in inventory. Operating points within limits. Minor concern: MFC at minimum flow boundary. Collector rated at 1 bar max pressure - acceptable as it receives post-separator atmospheric liquid.,Consider operating MFC above minimum flow for better precision. Confirm that the gas-liquid separator adequately reduces pressure before the collector.
N2-479DCF09,claude,anthropic,Qwen3.8-27B,qwen,FlowPilot,Hydrogenolysis,UO-11,APPLICABLE,3,False,MINOR,MEDIUM,"The operating conditions are physically plausible. Methanol at 60°C and 22 bar absolute is well below its boiling point (elevated pressure raises boiling point significantly above 65°C). H2 solubility at 21 bar is sufficient for hydrogenolysis. The very low liquid flow rate (0.22517 mL/min) and gas flow (1 sccm) suggest trickle flow regime, which is appropriate for gas-liquid-solid packed bed hydrogenation. Pressure drop across the 200 mm bed at these flow rates is negligible. Minor concern: at 1.57 equiv H2, gas-liquid mass transfer may limit reaction if H2 is consumed faster than it dissolves, but this is a screening concern rather than a physical impossibility.",delivered_final_outcome.parameters | delivered_final_outcome.streams,"Operating at 60°C, 21 bar gauge in methanol | Methanol boiling point ~65°C at 1 bar; at 22 bar absolute, boiling point well above 60°C - liquid phase maintained | H2 solubility in methanol at 21 bar: adequate for hydrogenolysis | Gas-liquid flow in packed bed: trickle flow regime likely at these low flow rates | Pressure drop across 200 mm packed bed: likely small at 0.22517 mL/min",Phase behavior is plausible. Methanol remains liquid at 60°C and 22 bar absolute. H2 is soluble at elevated pressure. Low flow rates suggest trickle flow regime which is appropriate for this chemistry.,Consider whether H2 mass transfer limitation at 1.57 equiv will prevent meaningful conversion. A sensitivity note on H2 availability would strengthen the design.
N2-479DCF09,claude,anthropic,Qwen3.8-27B,qwen,FlowPilot,Hydrogenolysis,UO-12,APPLICABLE,4,False,NONE,HIGH,"The safety controls are comprehensive and concrete. H2 flammability is addressed through ignition control, grounded vessels, ventilation, and safe venting. Pressure hazards are addressed through leak testing, BPR, overpressure response, and controlled depressurization. N2 purge before H2 admission and after shutdown is correctly specified. Check valve prevents H2 backflow. The methanol flammability hazard is implicitly covered by the general PPE and ventilation controls. Pd catalyst pyrophoricity is not explicitly mentioned but Pd(OH)2/Al2O3 is generally not pyrophoric in the same way as Pd/C, so this is a minor omission at most.",delivered_final_outcome.safety_controls | delivered_final_outcome.chemistry_and_operations.operating_procedure,"Hazards identified: flammable_hydrogen, pressurized_operation | Controls: PPE, emergency stop, waste segregation, leak test, overpressure response, depressurization, N2 purge, check valve (backflow prevention), safe vent routing, ignition control, H2 shutdown sequence | N2 purge before H2 admission | Check valve on H2 feed | Safe vent on separator | Grounded collection vessel | Ventilation and ignition source exclusion","All major hazards (H2 flammability, pressure, methanol flammability) identified with concrete controls. Startup/shutdown sequences include H2-specific safety steps.",Consider explicitly noting Pd catalyst handling precautions (though Pd(OH)2/Al2O3 is less hazardous than Pd/C).
N2-479DCF09,claude,anthropic,Qwen3.8-27B,qwen,FlowPilot,Hydrogenolysis,UO-13,APPLICABLE,3,False,MINOR,HIGH,"The operating procedure is comprehensive and covers all required phases. Feed preparation, priming, leak testing, N2 purge, startup sequence, steady-state qualification, collection, and shutdown are all present. Emergency stop and overpressure response are defined. Waste handling is addressed. Minor defect: there is no explicit step for loading the Pd(OH)2/Al2O3 catalyst into the packed bed reactor before assembly, which is a required operation for reproducibility. The procedure assumes the reactor is pre-packed but does not instruct on catalyst loading, mass, or bed preparation.",delivered_final_outcome.chemistry_and_operations.operating_procedure,"Steps: PREP-A, PREP-B, SETUP-VERIFY, SETUP-PRIME, PRESSURE-LEAK-TEST, H2-INERT-PURGE, H2-BACKFLOW-PREVENTION, H2-VENT-ROUTING, H2-IGNITION-CONTROL, GENERAL-PPE-CONTAINMENT, GENERAL-EMERGENCY-STOP, GENERAL-WASTE, PRESSURE-OVERPRESSURE-RESPONSE, PRESSURE-DEPRESSURIZE, H2-SHUTDOWN, START-FEEDS, STEADY-STATE, COLLECT-PRODUCT, COLLECT-ANALYZE-WORKUP, NORMAL-SHUTDOWN | Steady state: 3 residence times (40 min) before collection | Collection: at least 1 residence time (13.3 min) | Startup sequence: liquid first, then gas after stability confirmed","Complete procedure covering preparation, setup, startup, steady state, collection, shutdown, and emergency response. Minor gap: no explicit instruction for catalyst loading/packing the reactor bed before startup.","Add an explicit catalyst loading step specifying the mass of Pd(OH)2/Al2O3 (0.5 g per protocol), bed preparation method, and any pre-reduction or conditioning requirements before the first run."
N2-479DCF09,claude,anthropic,Qwen3.8-27B,qwen,FlowPilot,Hydrogenolysis,UO-14,APPLICABLE,3,False,MINOR,HIGH,"The candidate honestly reports LOW confidence and SCREEN disposition, which is appropriate for a first flow design without wet-lab validation. Validation experiments are defined and cover hydraulic baseline, RTD, first screen, and safety qualification. The design does not claim performance guarantees. However, the significant deviation from the reference H2 equivalents (1.57 vs 26) is not explicitly flagged as a major uncertainty or risk factor in the evidence section, which would be important for the operator to know before execution. The finalization authority note is transparent about the generation process.",delivered_final_outcome.evidence_and_reasoning.confidence | delivered_final_outcome.reported_disposition | delivered_final_outcome.disposition_rationale | delivered_final_outcome.evidence_and_reasoning.validation_experiments,"Confidence: LOW | Disposition: SCREEN | Rationale: 'No deterministic hard-feasibility conflict was found. Treat the design as a first experimental screen until wet-lab evidence validates it.' | Validation experiments: hydraulic baseline, RTD, first screen, H2 leak/purge | No literature analogies cited | Finalization authority note: 'All numerical run parameters were regenerated by the deterministic post-council realizer; earlier model-written numbers are non-authoritative.'","Honest SCREEN disposition with LOW confidence is appropriate. Validation experiments are defined. However, the very low H2 equivalents (1.57 vs reference 26) is an acknowledged uncertainty that should be more prominently flagged as a potential execution concern.","Explicitly flag the very low H2 equivalents (1.57 equiv vs reference ~26 equiv) as a major uncertainty that may prevent meaningful conversion, and recommend increasing H2 flow as a primary optimization variable."
N2-708C60D9,claude,anthropic,Qwen3.8-27B,qwen,FlowPilot,Hydrogenolysis,UO-01,APPLICABLE,4,False,NONE,HIGH,"The design correctly identifies the substrate (DMAOL), product transformation (N-diphenylmethyl hydrogenolysis), catalyst (Pd(OH)2/Al2O3), reaction modality (gas-liquid-solid packed bed), solvent (methanol), temperature (60°C), and pressure (21 bar). No unsupported substitutions are present.",delivered_final_outcome.chemistry_and_operations.chemistry_identity.reaction_class | delivered_final_outcome.chemistry_and_operations.chemistry_identity.bond_broken | delivered_final_outcome.chemistry_and_operations.chemistry_identity.bond_formed | delivered_final_outcome.chemistry_and_operations.stream_components,reaction_class: hydrogenolysis | bond_broken: C-N | bond_formed: C-H | substrate: DMAOL | catalyst: Pd(OH)2/Al2O3 | modality: gas-liquid-solid packed bed | phase: liquid+gas | temperature: 60°C | pressure: 21 bar,Hydrogenolysis of N-diphenylmethylazetidin-3-ol over Pd(OH)2/Al2O3 in methanol at 60°C and 21 bar in a packed-bed flow reactor.,None.
N2-708C60D9,claude,anthropic,Qwen3.8-27B,qwen,FlowPilot,Hydrogenolysis,UO-02,APPLICABLE,4,False,NONE,HIGH,"All required reagents are present and correctly assigned: substrate solution (Stream A), hydrogen gas (Stream B via MFC), and catalyst in the packed bed. Acetic acid is correctly omitted per protocol. No unsafe or transformation-changing materials are introduced.",delivered_final_outcome.chemistry_and_operations.stream_components | delivered_final_outcome.streams | delivered_final_outcome.chemistry_and_operations.operating_procedure,Stream A: DMAOL 0.126 M in methanol | Stream B: H2 via MFC at 2.824 sccm | Catalyst: Pd(OH)2/Al2O3 in packed bed | No acetic acid introduced,"DMAOL substrate in methanol solvent, H2 gas reagent via MFC, Pd(OH)2/Al2O3 catalyst in packed bed. Acetic acid correctly omitted as not justified.",None.
N2-708C60D9,claude,anthropic,Qwen3.8-27B,qwen,FlowPilot,Hydrogenolysis,UO-03,APPLICABLE,3,False,MINOR,HIGH,"The stoichiometry is internally consistent: 2.824 sccm H2 at STP gives 1.260e-4 mol/min; DMAOL at 0.126 M × 0.1 mL/min gives 1.26e-5 mol/min; ratio = 10.0 equiv as reported. The candidate uses 10 equiv vs. the published 26 equiv, but this is a defensible conservative screening choice. Feed compatibility (H2/methanol/DMAOL) is fine. Minor note: the candidate does not explicitly state the density assumption (0.792 g/mL) used for molarity conversion in the stream section, though it is referenced in the protocol and the 0.126 M value is correct.",delivered_final_outcome.streams[1].molar_equiv | delivered_final_outcome.streams[1].gas_flow_sccm | delivered_final_outcome.parameters.concentration_M | delivered_final_outcome.parameters.flow_rate_mL_min | delivered_final_outcome.chemistry_and_operations.stream_components[2].molar_equiv,DMAOL: 0.126 M at 0.1 mL/min → 0.0126 mmol/min | H2: 2.824 sccm at STP (22.414 L/mol) → 2.824/22414 mol/min × 1000 = 0.1260 mmol/min | H2 equivalents: 0.1260/0.0126 = 10.0 equiv | Reported: 10.0 equiv H2,H2 equivalents = (gas molar flow)/(DMAOL molar flow). At 2.824 sccm STP: n_H2 = 2.824e-3/22.414 mol/min = 1.260e-4 mol/min. DMAOL: 0.126e-3 mol/mL × 0.1 mL/min = 1.26e-5 mol/min. Ratio = 10.0 equiv. This is consistent. Published reference uses 40 sccm at 0.5 mL/min giving ~26 equiv; candidate uses a more conservative 10 equiv which is a valid screening choice.,Explicitly state the 0.792 g/mL density assumption in the feed preparation step for full traceability.
N2-708C60D9,claude,anthropic,Qwen3.8-27B,qwen,FlowPilot,Hydrogenolysis,UO-04,APPLICABLE,4,False,NONE,HIGH,"Temperature (60°C), pressure (21 bar, explicitly stated as gauge with absolute = 22.013 bar), atmosphere (H2), and addition order (liquid flow established before gas admission) are all faithfully translated. The pressure basis is explicitly declared as required by the hard constraints.",delivered_final_outcome.parameters.temperature_C | delivered_final_outcome.parameters.BPR_bar | delivered_final_outcome.parameters.BPR_basis | delivered_final_outcome.parameters.pressure_absolute_bar | delivered_final_outcome.chemistry_and_operations.operating_procedure,"Temperature: 60°C (matches protocol) | BPR: 21 bar gauge, absolute = 22.01325 bar | Atmosphere: H2 under pressure | Addition order: liquid first, then gas after purge and pressure stabilization | Stage: single packed-bed stage","60°C, 21 bar (gauge or absolute explicitly stated), H2 atmosphere, liquid-before-gas startup sequence, single reactive stage.",None.
N2-708C60D9,claude,anthropic,Qwen3.8-27B,qwen,FlowPilot,Hydrogenolysis,UO-05,APPLICABLE,4,False,NONE,HIGH,"The topology is complete and correctly ordered. All required unit operations are present: liquid pump, MFC, T-mixer, packed-bed reactor with temperature control, BPR, gas-liquid separator, and collection vessel. Safety accessories (check valve, safe vent) are correctly placed. The flow path is physically executable.",delivered_final_outcome.topology.streams | delivered_final_outcome.topology.unit_operations | delivered_final_outcome.chemistry_and_operations.pid_description,pump_h2_pilot → mixer_h2_t (liquid) | mfc_h2_100 → mixer_h2_t (gas) | mixer_h2_t → reactor_h2_pbr_300 (gas-liquid) | reactor_h2_pbr_300 → bpr_h2_21 (gas-liquid) | bpr_h2_21 → separator_h2_gl (gas-liquid) | separator_h2_gl → collector_h2_250 (liquid) | safety_h2_check_valve on H2 feed | safety_h2_vent on separator off-gas,"Pump → T-mixer ← MFC → packed bed → BPR → gas-liquid separator → collector, with check valve on H2 line and safe vent on separator.",None.
N2-708C60D9,claude,anthropic,Qwen3.8-27B,qwen,FlowPilot,Hydrogenolysis,UO-06,APPLICABLE,4,False,NONE,HIGH,The liquid material balance closes correctly. DMAOL molar flow = 0.126 M × 0.1 mL/min = 1.26e-5 mol/min. H2 molar flow = 2.824e-3 L/min / 22.414 L/mol = 1.260e-4 mol/min. Equivalents = 10.0 as reported. The total liquid flow of 0.1 mL/min is within pump limits (0.1–2.0 mL/min). All values are dimensionally consistent.,delivered_final_outcome.streams[0].flow_rate_mL_min | delivered_final_outcome.streams[0].concentration_M | delivered_final_outcome.streams[1].gas_flow_sccm | delivered_final_outcome.streams[1].molar_equiv | delivered_final_outcome.parameters.flow_rate_mL_min,Q_liquid = 0.1 mL/min | C_DMAOL = 0.126 M | n_DMAOL = 0.126 × 0.1 = 0.0126 mmol/min | H2 STP flow = 2.824 sccm = 2.824 mL/min at STP | n_H2 = 2.824/22414 mol/min = 1.260e-4 mol/min = 0.1260 mmol/min | H2 equiv = 0.1260/0.0126 = 10.0 | Total liquid flow = 0.1 mL/min,Liquid molar flow: 0.126 M × 0.1 mL/min = 0.0126 mmol/min DMAOL. Gas molar flow: 2.824 sccm / 22414 mL/mol = 1.260e-4 mol/min = 0.1260 mmol/min H2. Equivalents = 10.0. All consistent.,None.
N2-708C60D9,claude,anthropic,Qwen3.8-27B,qwen,FlowPilot,Hydrogenolysis,UO-07,APPLICABLE,3,False,MINOR,HIGH,"The nominal empty-bed space time of 30 min is correctly calculated (3.0 mL / 0.1 mL/min). The candidate correctly labels this as 'nominal empty-bed liquid space time' and distinguishes it from liquid-holdup time in the parameter names (residence_time_basis_code: liquid_only). However, the candidate does not provide a numerical estimate of the liquid-holdup contact time, which is explicitly required by the hard constraints ('Distinguish nominal empty-bed space time from liquid-holdup/contact residence time'). The geometry closure is otherwise correct. This is a minor defect as the basis is correctly labeled but the holdup estimate is missing.",delivered_final_outcome.parameters.residence_time_min | delivered_final_outcome.parameters.residence_time_basis | delivered_final_outcome.parameters.reactor_volume_mL | delivered_final_outcome.parameters.flow_rate_mL_min | delivered_final_outcome.chemistry_and_operations.operating_procedure[16].parameter_bindings,V_R = 3.0 mL | Q_liquid = 0.1 mL/min | Nominal empty-bed space time = 3.0/0.1 = 30 min (reported) | Liquid-holdup residence time: not separately calculated/reported | Published liquid-holdup time: ~1.9 min at 0.5 mL/min (liquid fraction ~0.32 of bed) | Candidate does not provide a separate liquid-holdup contact time estimate,"The hard constraint requires distinguishing nominal empty-bed space time from liquid-holdup/contact residence time. The candidate reports 30 min as the nominal empty-bed space time (correct: 3.0/0.1 = 30 min) and labels it as such. However, it does not provide a separate estimate of the liquid-holdup contact time, which the hard constraint explicitly requires. The published reference gives ~1.9 min liquid-holdup at 0.5 mL/min; at 0.1 mL/min the liquid holdup time would be ~9.5 min if the same holdup fraction applies.","Provide a numerical estimate of the liquid-holdup contact residence time (e.g., using the published holdup fraction of ~0.32 or an assumed bed void fraction), clearly distinguished from the 30 min nominal space time."
N2-708C60D9,claude,anthropic,Qwen3.8-27B,qwen,FlowPilot,Hydrogenolysis,UO-08,APPLICABLE,3,False,MINOR,HIGH,"Re-checking: Q_channel = 2.824 sccm × (333.15 K / 273.15 K) × (1.01325 bar / 22.01325 bar) = 2.824 × 1.2197 × 0.04603 = 0.1585 mL/min. This matches the reported 0.158539 mL/min. The STP basis (273.15 K, 1.01325 bar) is correctly declared. The pressure basis (21 bar gauge, 22.013 bar absolute) is explicitly stated as required. Gas identity is H2. Equivalents are 10.0 (verified). The gas bookkeeping is internally consistent. Minor note: the candidate does not explicitly report the gas-phase holdup or in-channel gas residence time separately from the liquid, but the hard constraint focuses on distinguishing liquid space time from liquid-holdup time (addressed in UO-07), and the gas flow conversion is correctly reported. A minor deficiency is that the in-channel gas volume/holdup is not separately quantified.",delivered_final_outcome.streams[1].gas_flow_sccm | delivered_final_outcome.streams[1].gas_flow_actual_mL_min | delivered_final_outcome.parameters.pressure_absolute_bar | delivered_final_outcome.parameters.BPR_basis,"STP basis: 273.15 K, 1.01325 bar (22.414 L/mol) — correct IUPAC STP | Inlet STP flow: 2.824 sccm | Pressure-corrected in-channel flow: 0.158539 mL/min | Absolute pressure: 22.01325 bar (21 bar gauge + 1.01325 bar) | Conversion check: 2.824 mL/min × (273.15/333.15) × (1.01325/22.01325) = 2.824 × 0.8197 × 0.04603 = 0.1066 mL/min | Reported in-channel: 0.158539 mL/min — discrepancy",In-channel flow at 60°C and 22.013 bar absolute: Q_channel = Q_STP × (T_op/T_STP) × (P_STP/P_op) = 2.824 × (333.15/273.15) × (1.01325/22.01325) = 2.824 × 1.2197 × 0.04603 = 0.1585 mL/min. Wait — temperature ratio should be T_op/T_STP = 333.15/273.15 = 1.2197 (not inverted). So: 2.824 × 1.2197 × 0.04603 = 0.1585 mL/min. This matches the reported 0.158539 mL/min. The calculation is correct. H2 equivalents = 10.0 (verified above). Gas identity (H2) is correct. Pressure basis explicitly stated as gauge with absolute = 22.013 bar.,Provide an estimate of the gas-phase holdup volume and in-channel gas residence time to fully close the gas bookkeeping.
N2-708C60D9,claude,anthropic,Qwen3.8-27B,qwen,FlowPilot,Hydrogenolysis,UO-09,NOT_APPLICABLE,,False,NONE,HIGH,The case context declares multistage_process=false and the design uses a single reactive stage.,,,Single-stage process; UO-09 not applicable.,None.
N2-708C60D9,claude,anthropic,Qwen3.8-27B,qwen,FlowPilot,Hydrogenolysis,UO-10,APPLICABLE,4,False,NONE,HIGH,"Every equipment item used is present in the authoritative inventory. All operating parameters (flow rates, temperature, pressure, ID) are within declared equipment limits. The pump operates at its minimum flow (0.1 mL/min) which is within spec. The MFC operates at 2.824 sccm, well within its 1–100 sccm range. The BPR setpoint of 21 bar matches the only available setpoint. No invented equipment is used.",delivered_final_outcome.topology.instrument_manifest | delivered_final_outcome.topology.unit_operations,"pump_h2_pilot: 0.1 mL/min (within 0.1–2.0 mL/min range) | mfc_h2_100: 2.824 sccm (within 1.0–100.0 sccm range) | mixer_h2_t: total flow 0.1 mL/min (within 0.1–5.0 mL/min) | reactor_h2_pbr_300: 60°C (allowed), 3.0 mL, 4.35 mm ID, SS, max 40 bar | bath_h2_60: 60°C (allowed temperature) | bpr_h2_21: 21 bar (exact setpoint available) | separator_h2_gl: max 25 bar, max 10 mL/min — within limits | collector_h2_250: 250 mL, max 1 bar — at atmospheric after separator | safety_h2_check_valve: max 40 bar | safety_h2_vent: max 25 bar | connector_h2_pbr: 4.35 mm ID, SS, max 40 bar | tube_h2_pilot_ss: 4.35 mm ID, SS, 0.2 m, max 40 bar","All equipment items exist in inventory, operating points are within declared limits, and connectivity is correct.",None.
N2-708C60D9,claude,anthropic,Qwen3.8-27B,qwen,FlowPilot,Hydrogenolysis,UO-11,APPLICABLE,3,False,MINOR,MEDIUM,"Phase behavior is plausible: methanol at 22 bar absolute and 60°C is in liquid phase (critical point ~512 K, 80.9 bar). Gas-liquid flow at these low flow rates in a 4.35 mm ID packed bed is physically reasonable. Pressure drop is negligible at 0.1 mL/min. The very low liquid flow rate (0.1 mL/min) may result in poor gas-liquid distribution in the packed bed, which is a minor concern for a screening experiment but not a physical impossibility. The candidate does not discuss gas-liquid mass transfer or wetting efficiency at this low flow rate, which is a minor omission.",delivered_final_outcome.parameters.flow_rate_mL_min | delivered_final_outcome.parameters.temperature_C | delivered_final_outcome.parameters.pressure_absolute_bar | delivered_final_outcome.streams[1].gas_flow_actual_mL_min,Liquid flow: 0.1 mL/min in 4.35 mm ID tube | Gas flow in-channel: 0.159 mL/min | Total volumetric flow: ~0.259 mL/min in 4.35 mm ID | Temperature: 60°C (below methanol bp at 21 bar — no boiling) | Pressure: 22 bar absolute — methanol well below boiling point | Pd(OH)2/Al2O3 catalyst — no pyrophoricity concern at these conditions with methanol,"At 22 bar absolute and 60°C, methanol (bp 64.7°C at 1 bar) is well above its boiling point at atmospheric but well below at 22 bar — liquid phase maintained. Gas-liquid flow in packed bed is physically plausible. Pressure drop across 0.2 m packed bed at 0.1 mL/min is negligible. Heat transfer from water bath is adequate for this small reactor.","Add a brief note on gas-liquid wetting and mass transfer plausibility at 0.1 mL/min in the 4.35 mm ID packed bed, acknowledging potential channeling or poor wetting as a screening uncertainty."
N2-708C60D9,claude,anthropic,Qwen3.8-27B,qwen,FlowPilot,Hydrogenolysis,UO-12,APPLICABLE,4,False,NONE,HIGH,"All chemistry-specific hazards are recognized and addressed: H2 flammability (purge, check valve, safe vent, ignition control, grounded collection), pressurized operation (leak test, BPR, overpressure response, controlled depressurization), and methanol (PPE, waste segregation). The Pd(OH)2/Al2O3 catalyst is not pyrophoric in its supported form in methanol, so no special catalyst handling beyond PPE is required. The safety controls are concrete and assigned to specific equipment. No major hazard is omitted.",delivered_final_outcome.safety_controls | delivered_final_outcome.chemistry_and_operations.operating_procedure,"H2-INERT-PURGE: N2 purge before H2 admission | H2-BACKFLOW-PREVENTION: check valve on H2 feed | H2-VENT-ROUTING: separator off-gas to safe vent | H2-IGNITION-CONTROL: grounded ventilation, no ignition sources | H2-SHUTDOWN: defined H2 stop and purge sequence | PRESSURE-LEAK-TEST: pressure test before reagents | PRESSURE-OVERPRESSURE-RESPONSE: defined response | PRESSURE-DEPRESSURIZE: controlled depressurization | GENERAL-PPE-CONTAINMENT | GENERAL-EMERGENCY-STOP | GENERAL-WASTE","All major hazards (flammable H2, pressurized operation, methanol flammability, Pd catalyst) addressed with concrete controls.",None.
N2-708C60D9,claude,anthropic,Qwen3.8-27B,qwen,FlowPilot,Hydrogenolysis,UO-13,APPLICABLE,3,False,MINOR,HIGH,"The procedure is comprehensive and covers all required elements. Minor deficiency: the feed preparation step (PREP-A) specifies a 15 mL batch but at 0.1 mL/min with 90 min steady-state + 30 min collection = 120 min minimum, requiring 12 mL — the 15 mL is adequate but the calculation is not shown. Also, the normal shutdown step lacks explicit instruction to flush with clean methanol before stopping, which is standard practice for packed-bed reactors with Pd catalyst. These are minor omissions that do not prevent execution.",delivered_final_outcome.chemistry_and_operations.operating_procedure,"PREP-A: feed preparation (15 mL basis, 0.126 M DMAOL in methanol) | SETUP-VERIFY: assembly verification | SETUP-PRIME: liquid line priming | PRESSURE-LEAK-TEST: pressure test at 21 bar | H2-INERT-PURGE: N2 purge | H2-BACKFLOW-PREVENTION: check valve verification | H2-VENT-ROUTING: vent routing verification | H2-IGNITION-CONTROL: ventilation check | START-FEEDS: startup sequence (liquid first, then gas) | STEADY-STATE: 90 min (3× residence time) before collection | COLLECT-PRODUCT: collection for ≥30 min | COLLECT-ANALYZE-WORKUP: crude collection and aliquot | NORMAL-SHUTDOWN: stop feeds, flush, cool, isolate | H2-SHUTDOWN: H2 stop and purge | PRESSURE-DEPRESSURIZE: controlled depressurization","Complete procedure covering feed preparation, leak testing, priming, startup, steady-state qualification, collection, shutdown, depressurization, and waste handling.",Add explicit flush step with clean methanol during normal shutdown to prevent catalyst fouling and residual substrate in the packed bed.
N2-708C60D9,claude,anthropic,Qwen3.8-27B,qwen,FlowPilot,Hydrogenolysis,UO-14,APPLICABLE,3,False,MINOR,HIGH,"The candidate correctly reports LOW confidence and SCREEN disposition, which is appropriate for a first screening design without wet-lab validation. Validation experiments are defined. No performance guarantees are made. The candidate does not cite literature analogies (none available in the design), which is honest. Minor deficiency: the candidate does not explicitly acknowledge that the 10 equiv H2 (vs. published 26 equiv) may affect conversion relative to the batch reference, nor does it discuss the uncertainty introduced by the very different residence time (30 min nominal vs. 6 min published nominal). These are relevant uncertainties for calibrating expectations that are not discussed.",delivered_final_outcome.evidence_and_reasoning.confidence | delivered_final_outcome.reported_disposition | delivered_final_outcome.disposition_rationale | delivered_final_outcome.evidence_and_reasoning.validation_experiments,"confidence: LOW | disposition: SCREEN | validation experiments: VAL-HYDRAULIC-BASELINE, VAL-RTD, VAL-FIRST-SCREEN, VAL-H2-LEAK-PURGE | No literature analogies cited | No performance prediction for conversion","Honest representation of uncertainty, SCREEN disposition, validation experiments, and no invented performance guarantees.",Add explicit discussion of how the lower H2 equivalents (10 vs. 26) and different residence time basis may affect expected conversion relative to the batch and published flow references.
N2-D9414DDD,claude,anthropic,Qwen3.8-27B,qwen,One-shot,Photochemical oxidation,UO-01,APPLICABLE,4,False,NONE,HIGH,"All protocol elements are faithfully preserved: correct substrate, photocatalyst, solvent, oxidant (air), wavelength, temperature, and transformation (aerobic oxidation to sulfoxide). No unsupported substitutions.",delivered_final_outcome.parameters.wavelength_nm | delivered_final_outcome.parameters.temperature_C | delivered_final_outcome.parameters.concentration_M | delivered_final_outcome.streams[0].contents | delivered_final_outcome.stages[1].wavelength_nm,"substrate: Fmoc-L-methionine | photocatalyst: 4,7-diphenyl-2,1,3-benzothiadiazole | solvent: acetonitrile | oxidant: air | wavelength: 420 nm | temperature: 21 C | modality: photocatalytic aerobic oxidation","Photocatalytic aerobic oxidation of Fmoc-L-methionine using 4,7-diphenyl-2,1,3-benzothiadiazole at 420 nm in acetonitrile at 21 C",None
N2-D9414DDD,claude,anthropic,Qwen3.8-27B,qwen,One-shot,Photochemical oxidation,UO-02,APPLICABLE,4,False,NONE,HIGH,"All required reagents are present and correctly assigned. Photocatalyst concentration is 10 mol% of 0.1 M = 0.01 M, consistent with the stream contents. Air is correctly identified as the gas reagent providing oxygen.",delivered_final_outcome.streams[0].contents | delivered_final_outcome.streams[1].contents | delivered_final_outcome.parameters.concentration_M | delivered_final_outcome.stages[0].gas_flow_sccm,"Fmoc-L-methionine 0.1 M | 4,7-diphenyl-2,1,3-benzothiadiazole 0.01 M (10 mol%) | acetonitrile solvent | air at 1.0 sccm","All required components present: substrate at 0.1 M, photocatalyst at 10 mol%, acetonitrile solvent, air as oxidant",None
N2-D9414DDD,claude,anthropic,Qwen3.8-27B,qwen,One-shot,Photochemical oxidation,UO-03,APPLICABLE,3,False,MINOR,HIGH,"The oxygen equivalents claim of 1.0 equiv is not arithmetically supported. At 1.0 sccm air (0.21 sccm O2) and 0.2 mL/min liquid with 0.1 M substrate, O2 molar flow is ~0.0094 mmol/min vs substrate molar flow of 0.020 mmol/min, giving ~0.47 equiv O2. The molar_equiv_basis field is empty. This is a minor defect because the air flow is still physically reasonable for a screening experiment and the design is otherwise executable, but the stated equivalents are incorrect and the basis is missing.",delivered_final_outcome.streams[1].molar_equiv | delivered_final_outcome.streams[1].gas_flow_sccm | delivered_final_outcome.streams[1].molar_equiv_basis | delivered_final_outcome.parameters.flow_rate_mL_min,air flow: 1.0 sccm | liquid flow: 0.2 mL/min | O2 molar flow: 0.21 sccm O2 | molar_equiv of air: 1.0 (basis not stated) | molar_equiv_basis: empty string,"Explicit oxygen equivalents calculation: at 0.2 mL/min liquid, 0.1 M substrate, molar flow of substrate = 0.02 mmol/min. O2 molar flow at STP: 0.21 sccm = 0.21 mL/min STP, moles O2/min = 0.21/22400 mol/min = 9.375e-6 mol/min = 0.009375 mmol/min. This gives ~0.47 equiv O2 relative to substrate. The stated 1.0 equiv for air is not supported by arithmetic and the basis field is empty.","Recalculate and report oxygen equivalents explicitly: O2 molar flow = 0.21 × 1.0 sccm / 22,400 mL/mol = 9.375×10⁻⁶ mol/min; substrate molar flow = 0.1 M × 0.2 mL/min = 0.020 mmol/min = 2.0×10⁻⁵ mol/min; O2 equiv ≈ 0.47. Either increase air flow or correct the stated equivalents and provide the basis."
N2-D9414DDD,claude,anthropic,Qwen3.8-27B,qwen,One-shot,Photochemical oxidation,UO-04,APPLICABLE,4,False,NONE,HIGH,"All chemistry-critical conditions are faithfully translated: temperature matches batch (21 C), wavelength matches (420 nm), reaction time matches (5 min via liquid residence time), air atmosphere maintained continuously. BPR basis stated as gauge. Stage boundaries are clear.",delivered_final_outcome.parameters.temperature_C | delivered_final_outcome.parameters.wavelength_nm | delivered_final_outcome.parameters.BPR_bar | delivered_final_outcome.parameters.BPR_basis | delivered_final_outcome.stages[1].temperature_C | delivered_final_outcome.stages[1].wavelength_nm,temperature: 21 C | wavelength: 420 nm | BPR: 3.0 bar gauge | residence time: 5.0 min | air as continuous oxidant,"Temperature 21 C, 420 nm irradiation, air atmosphere, 5 min reaction time faithfully translated",None
N2-D9414DDD,claude,anthropic,Qwen3.8-27B,qwen,One-shot,Photochemical oxidation,UO-05,APPLICABLE,4,False,NONE,HIGH,The topology is executable and correctly ordered. Liquid feed and air are combined at the T-mixer before the photoreactor. Post-reactor separation and collection are specified. BPR placement is implied downstream of separator. All required unit operations are present.,delivered_final_outcome.stages | delivered_final_outcome.topology | delivered_final_outcome.chemistry_and_operations.post_reactor_steps | delivered_final_outcome.chemistry_and_operations.pre_reactor_steps,pump_photo_liquid → mixer_photo_t (with mfc_air_10) → reactor_photo_100 → separator_photo_gl → collector_photo_100 | BPR bpr_photo_3 downstream | safety_photo_enclosure for venting,Correct topology: liquid pump + gas MFC → T-mixer → photoreactor → gas-liquid separator → BPR → collection,None
N2-D9414DDD,claude,anthropic,Qwen3.8-27B,qwen,One-shot,Photochemical oxidation,UO-06,APPLICABLE,3,False,MINOR,HIGH,"The liquid-phase material balance closes correctly: 0.1 M × 0.2 mL/min = 0.020 mmol/min substrate. The gas flow is stated but the oxygen equivalents arithmetic is wrong (0.47 equiv, not 1.0). This is a minor defect in the balance reporting rather than a dimensional invalidity.",delivered_final_outcome.parameters.flow_rate_mL_min | delivered_final_outcome.parameters.concentration_M | delivered_final_outcome.streams[0].flow_rate_mL_min | delivered_final_outcome.streams[1].gas_flow_sccm,liquid flow: 0.2 mL/min | concentration: 0.1 M | substrate molar flow: 0.020 mmol/min | air: 1.0 sccm | O2 molar flow: ~0.0094 mmol/min | stated O2 equiv: 1.0 (incorrect),Liquid material balance is internally consistent for liquid phase. Substrate molar flow = 0.1 M × 0.2 mL/min = 0.020 mmol/min. Gas equivalents calculation is incorrect as noted in UO-03.,Correct the oxygen equivalents calculation and provide explicit molar flow arithmetic for both liquid and gas streams.
N2-D9414DDD,claude,anthropic,Qwen3.8-27B,qwen,One-shot,Photochemical oxidation,UO-07,APPLICABLE,4,False,NONE,HIGH,"Reactor volume, liquid flow rate, and residence time close exactly. The liquid-phase basis is correctly stated and matches the hard constraint. The deterministic verification sheet confirms closure with 0.0 relative error.",delivered_final_outcome.parameters.reactor_volume_mL | delivered_final_outcome.parameters.flow_rate_mL_min | delivered_final_outcome.parameters.residence_time_min | delivered_final_outcome.parameters.residence_time_basis | deterministic_verification_sheet.top_level_volume_flow_time_closure,"V = 1.0 mL | Q_liquid = 0.2 mL/min | τ = 1.0/0.2 = 5.0 min | residence_time_basis: liquid_phase_volume_over_liquid_flow_rate | verification sheet: passes 10%, relative error 0.0",V = Q × τ: 1.0 mL = 0.2 mL/min × 5.0 min = 1.0 mL. Exact closure.,None
N2-D9414DDD,claude,anthropic,Qwen3.8-27B,qwen,One-shot,Photochemical oxidation,UO-08,APPLICABLE,3,False,MINOR,HIGH,"The in-channel gas flow calculation is confused: 0.21 mL/min appears to be the O2 volumetric flow at STP (21% × 1.0 sccm), not the pressure-corrected actual air flow in the channel. The pressure_absolute_bar field is null despite BPR_basis being gauge. The STP vs in-channel distinction is partially addressed but the arithmetic is incorrect. This is a minor defect as the gas flow is low and the design is still executable, but the required reporting of inlet/STP and pressure-corrected in-channel conditions is not correctly executed.",delivered_final_outcome.streams[1].gas_flow_sccm | delivered_final_outcome.streams[1].gas_flow_actual_mL_min | delivered_final_outcome.parameters.BPR_bar | delivered_final_outcome.parameters.BPR_basis | delivered_final_outcome.parameters.pressure_absolute_bar,"gas_flow_sccm: 1.0 | gas_flow_actual_mL_min: 0.21 (stated as pressure-corrected) | BPR: 3.0 bar gauge | pressure_absolute_bar: null | O2 content: 21 mol% | in-channel pressure correction: 1.0 sccm / (3.0+1.013) = ~0.249 mL/min actual, not 0.21","At 3.0 bar gauge = 4.013 bar absolute, in-channel volumetric flow = 1.0 sccm × (1.013/4.013) = ~0.252 mL/min actual, not 0.21 mL/min. The stated 0.21 mL/min appears to be 21% of 1.0 mL/min (the O2 fraction of 1.0 sccm at STP), not the pressure-corrected total air flow.",Report absolute pressure = 3.0 + 1.013 = 4.013 bar. In-channel air flow = 1.0 sccm × (1.013/4.013) ≈ 0.252 mL/min. In-channel O2 flow = 0.21 × 0.252 ≈ 0.053 mL/min. Populate pressure_absolute_bar field.
N2-D9414DDD,claude,anthropic,Qwen3.8-27B,qwen,One-shot,Photochemical oxidation,UO-09,NOT_APPLICABLE,,False,NONE,HIGH,The design is a single-stage process (multistage_process=false per case context).,,,Single reactive stage; criterion not applicable,None
N2-D9414DDD,claude,anthropic,Qwen3.8-27B,qwen,One-shot,Photochemical oxidation,UO-10,APPLICABLE,4,False,NONE,HIGH,"All selected equipment exists in the authoritative inventory and is operated within declared limits. Flow rates, pressures, temperatures, and wavelengths are all within equipment specifications. Equipment IDs are correctly referenced.",delivered_final_outcome.stages[0].equipment_id | delivered_final_outcome.stages[1].equipment_id | delivered_final_outcome.stages[2].equipment_id | delivered_final_outcome.chemistry_and_operations.post_reactor_steps | delivered_final_outcome.chemistry_and_operations.pre_reactor_steps,"mixer_photo_t: max 2.0 mL/min total, used at 0.2 mL/min liquid + ~0.001 mL/min gas | reactor_photo_100: 1.0 mL, 420 nm, 21 C, max 10 bar | bpr_photo_3: 3.0 bar setpoint | mfc_air_10: max 10 sccm, used at 1.0 sccm | pump_photo_liquid: max 1.0 mL/min, used at 0.2 mL/min | separator_photo_gl: max 5 mL/min | collector_photo_100: 100 mL | safety_photo_enclosure: used for venting | light_photo_420: 420 nm, 1.5 W",All equipment within rated limits; all equipment_ids from authoritative inventory,None
N2-D9414DDD,claude,anthropic,Qwen3.8-27B,qwen,One-shot,Photochemical oxidation,UO-11,APPLICABLE,3,False,MINOR,MEDIUM,"The design is physically plausible at these conditions (low flow rates, 1 mm ID PFA coil, moderate pressure). However, the multiphase_metrics and heat_transfer_metrics fields are empty, and no discussion of flow regime (likely Taylor/slug flow), pressure drop, or mass transfer efficiency is provided. The gas-to-liquid volumetric ratio at STP is 5:1, which is high and warrants comment. This is a minor defect for a screening design.",delivered_final_outcome.parameters.multiphase_metrics | delivered_final_outcome.parameters.heat_transfer_metrics | delivered_final_outcome.evidence_and_reasoning.reasoning_per_field.streams,multiphase_metrics: {} | heat_transfer_metrics: {} | gas-liquid ratio at STP: 1.0 sccm / 0.2 mL/min = 5:1 v/v | no slug flow or Taylor flow analysis provided | no pressure drop estimate,"Physical plausibility discussion of gas-liquid flow regime, pressure drop, and mass transfer in 1 mm ID PFA coil at these flow conditions","Provide at least qualitative assessment of expected flow regime (Taylor flow likely at these conditions), gas-liquid mass transfer adequacy, and note that the high gas:liquid ratio may affect slug length and oxygen delivery uniformity."
N2-D9414DDD,claude,anthropic,Qwen3.8-27B,qwen,One-shot,Photochemical oxidation,UO-12,APPLICABLE,3,False,MINOR,HIGH,"Major hazards are identified (flammable solvent, O2-enriched stream, light, pressure). The safety_photo_enclosure is correctly assigned. However, no leak test is specified before pressurization (only mentioned implicitly in startup), no explicit interlock verification step, and no discussion of the risk of oxygen accumulation in the enclosure or emergency shutdown procedure beyond 'stop pumps.' These are minor gaps for a screening design.",delivered_final_outcome.safety_controls | delivered_final_outcome.chemistry_and_operations.post_reactor_steps | delivered_final_outcome.chemistry_and_operations.pre_reactor_steps,acetonitrile flammability noted | oxygen-enriched organic stream noted | light hazard noted | pressure-rated equipment noted | safety_photo_enclosure used for venting | no leak test mentioned in safety controls | no specific interlock description | no peroxide/runaway discussion,"Comprehensive hazard controls including: oxygen-enriched flammable atmosphere, photocatalyst handling, pressure relief, leak testing before pressurization, enclosure interlock verification, acetonitrile vapor management","Add explicit leak test step before pressurization, specify enclosure interlock verification, and add emergency shutdown procedure including BPR depressurization sequence."
N2-D9414DDD,claude,anthropic,Qwen3.8-27B,qwen,One-shot,Photochemical oxidation,UO-13,APPLICABLE,3,False,MINOR,HIGH,"The procedure covers the main operational steps adequately for a screening design. Missing elements include: explicit leak test before pressurization, depressurization procedure after shutdown, waste handling for acetonitrile and photocatalyst waste streams, and emergency shutdown. The steady-state qualification criterion ('5-10 min') is reasonable but not quantitatively justified. These are minor gaps that do not prevent execution but reduce reproducibility.",delivered_final_outcome.chemistry_and_operations.pre_reactor_steps | delivered_final_outcome.chemistry_and_operations.post_reactor_steps,"feed preparation described | priming mentioned | startup sequence given | steady-state qualification: 'approx. 5-10 min' | collection: collector_photo_100 | shutdown: stop pumps and MFC, flush with acetonitrile | no leak test step | no depressurization step | no waste handling specified | no emergency shutdown procedure","Complete procedure including leak test, depressurization after shutdown, waste handling for acetonitrile/photocatalyst, and emergency shutdown","Add leak test step, depressurization procedure, waste handling instructions, and emergency shutdown procedure."
N2-D9414DDD,claude,anthropic,Qwen3.8-27B,qwen,One-shot,Photochemical oxidation,UO-14,APPLICABLE,3,False,MINOR,HIGH,"The SCREEN disposition is appropriate and the rationale is honest about the need for experimental validation. However, the evidence_calibration field is empty, confidence is stated as HIGH despite incorrect oxygen equivalents and empty multiphase metrics, and the incorrect O2 equivalents (stated 1.0, calculated ~0.47) represent a calibration failure. These are minor issues that do not undermine the overall honest disposition.",delivered_final_outcome.disposition_rationale | delivered_final_outcome.reported_disposition | delivered_final_outcome.evidence_and_reasoning.evidence_calibration | delivered_final_outcome.evidence_and_reasoning.reasoning_per_field.confidence,disposition: SCREEN | rationale: experimental validation of mass transfer and residence time distribution needed | evidence_calibration: {} | confidence: HIGH stated despite acknowledged uncertainties | oxygen equivalents stated as 1.0 without correct arithmetic,"Honest uncertainty calibration with correct arithmetic, populated evidence_calibration, and confidence level consistent with acknowledged gaps","Populate evidence_calibration, correct oxygen equivalents, and adjust confidence to MEDIUM given the acknowledged uncertainties in mass transfer and the arithmetic errors."
N2-93353F12,claude,anthropic,Qwen3.8-27B,qwen,One-shot,Photochemical oxidation,UO-01,APPLICABLE,4,False,NONE,HIGH,"All transformation elements match the batch protocol exactly: substrate, product class, photocatalyst identity and loading, wavelength, temperature, solvent, and concentration. No unsupported substitution detected.",delivered_final_outcome.parameters.wavelength_nm | delivered_final_outcome.parameters.temperature_C | delivered_final_outcome.parameters.concentration_M | delivered_final_outcome.chemistry_and_operations.chemistry_notes,"substrate: Fmoc-L-methionine | product: Fmoc-methionine sulfoxide | catalyst: 4,7-diphenyl-2,1,3-benzothiadiazole 10 mol% | modality: photocatalytic aerobic oxidation | wavelength: 420 nm | temperature: 21 C | concentration: 0.1 M","Photocatalytic aerobic oxidation of Fmoc-L-methionine to sulfoxide using 4,7-diphenyl-2,1,3-benzothiadiazole at 420 nm, 21 C, 0.1 M in acetonitrile",None
N2-93353F12,claude,anthropic,Qwen3.8-27B,qwen,One-shot,Photochemical oxidation,UO-02,APPLICABLE,4,False,NONE,HIGH,All required reagents are present and correctly assigned. Liquid feed contains substrate and photocatalyst in acetonitrile; air is supplied via the MFC as the oxygen source. No unsafe or transformation-changing material introduced.,delivered_final_outcome.streams | delivered_final_outcome.parameters.concentration_M | delivered_final_outcome.stages,"Liquid feed: Fmoc-L-methionine 0.1 M + 4,7-diphenyl-2,1,3-benzothiadiazole 10 mol% in acetonitrile | Gas feed: clean dry air at 1.0 sccm via mfc_air_10","All required components present: substrate, photocatalyst, solvent acetonitrile, and air as oxidant source",None
N2-93353F12,claude,anthropic,Qwen3.8-27B,qwen,One-shot,Photochemical oxidation,UO-03,APPLICABLE,3,False,MINOR,HIGH,"Concentration and flow rate are consistent with the batch protocol. The actual gas flow calculation (1.0 sccm * 1 atm/4 atm = 0.25 mL/min actual, close to stated 0.24 mL/min) is approximately correct. However, molar_equiv_basis fields are empty and explicit oxygen equivalents relative to substrate are not calculated in the stoichiometry section. The O2 equivalents are approximately 0.94 per substrate pass which is slightly sub-stoichiometric for a continuous process — this is a minor concern but not a critical defect since air is continuously replenished. The hard constraint requiring explicit oxygen equivalents from 21 mol% is only partially met (mentioned in chemistry_notes but not numerically derived in the stoichiometry fields).",delivered_final_outcome.streams[1].gas_flow_sccm | delivered_final_outcome.streams[1].gas_flow_actual_mL_min | delivered_final_outcome.parameters.flow_rate_mL_min | delivered_final_outcome.streams[0].molar_equiv_basis | delivered_final_outcome.streams[1].molar_equiv_basis,liquid flow: 0.1 mL/min | air flow: 1.0 sccm | molar_equiv_basis fields are empty strings | oxygen equivalents calculation not explicitly shown in stoichiometry section,"Explicit oxygen equivalents relative to substrate molar flow should be stated; molar_equiv_basis fields populated. At 0.1 mL/min and 0.1 M, substrate molar flow = 0.01 mmol/min; air at 1.0 sccm = 0.0446 mmol/min total gas, O2 = 0.0094 mmol/min (21%), giving ~0.94 equiv O2 per substrate — borderline but the chemistry_notes acknowledges air is continuously supplied.",Populate molar_equiv_basis fields and explicitly calculate oxygen equivalents relative to substrate molar flow to confirm adequacy.
N2-93353F12,claude,anthropic,Qwen3.8-27B,qwen,One-shot,Photochemical oxidation,UO-04,APPLICABLE,4,False,NONE,HIGH,All chemistry-critical conditions are faithfully translated. Temperature matches batch exactly. Wavelength matches. Residence time is conservatively extended from 5 to 10 min with stated rationale (mass transfer). BPR at 3 bar maintains dissolved oxygen. Addition order (mix then irradiate) is correct.,delivered_final_outcome.parameters.temperature_C | delivered_final_outcome.parameters.wavelength_nm | delivered_final_outcome.parameters.BPR_bar | delivered_final_outcome.parameters.residence_time_min | delivered_final_outcome.chemistry_and_operations.pre_reactor_steps,temperature: 21 C | wavelength: 420 nm | BPR: 3.0 bar gauge | residence time: 10 min (conservative vs 5 min batch) | mixing before reactor confirmed | air as atmosphere/reagent confirmed,"Temperature 21 C, 420 nm irradiation, air atmosphere, 5 min batch time translated to conservative 10 min flow residence time, pressure controlled by BPR",None
N2-93353F12,claude,anthropic,Qwen3.8-27B,qwen,One-shot,Photochemical oxidation,UO-05,APPLICABLE,4,False,NONE,HIGH,"The topology is complete and executable. All required unit operations are present in correct order: feed preparation, pumping, gas-liquid mixing, photoreaction, separation, collection, and waste/vent handling. BPR placement downstream of separator is implied by standard practice and consistent with the design.",delivered_final_outcome.stages | delivered_final_outcome.topology | delivered_final_outcome.chemistry_and_operations.pre_reactor_steps | delivered_final_outcome.chemistry_and_operations.post_reactor_steps,pump_photo_liquid -> mixer_photo_t (with mfc_air_10) -> reactor_photo_100 -> separator_photo_gl -> collector_photo_100 | BPR bpr_photo_3 downstream | safety_photo_enclosure for venting,Correct executable topology: liquid pump + gas MFC -> T-mixer -> photoreactor -> gas-liquid separator -> BPR -> collection,None
N2-93353F12,claude,anthropic,Qwen3.8-27B,qwen,One-shot,Photochemical oxidation,UO-06,APPLICABLE,3,False,MINOR,HIGH,"The liquid material balance is internally consistent: 0.1 mL/min at 0.1 M gives 0.01 mmol/min substrate. The gas flow conversion is approximately correct (minor rounding in stated 0.24 vs calculated 0.25 mL/min actual). However, a formal material balance table is absent; equivalents are not explicitly tabulated. The molar_equiv fields are populated as 1.0 for both streams without basis. This is a minor defect — the numbers are recoverable and consistent but not formally presented.",delivered_final_outcome.parameters.flow_rate_mL_min | delivered_final_outcome.parameters.concentration_M | delivered_final_output.streams[1].gas_flow_sccm | delivered_final_outcome.evidence_and_reasoning.reasoning_per_field.streams,liquid flow: 0.1 mL/min | concentration: 0.1 M | substrate molar flow: 0.01 mmol/min | air: 1.0 sccm | actual gas flow calculation: 1.0 sccm * (1/4) = 0.25 mL/min actual (stated as 0.24 mL/min — minor rounding) | O2 molar flow: 0.0094 mmol/min at STP basis,"Complete material balance table showing substrate molar flow, O2 molar flow, equivalents, and total volumetric flows","Provide explicit material balance table with substrate molar flow, O2 molar flow, O2 equivalents relative to substrate, and total volumetric flow."
N2-93353F12,claude,anthropic,Qwen3.8-27B,qwen,One-shot,Photochemical oxidation,UO-07,APPLICABLE,4,False,NONE,HIGH,"Residence time closure is exact. The deterministic verification sheet confirms Q*tau = 1.0 mL matching declared reactor volume with 0% relative error. Liquid contact residence time basis is correctly applied per hard constraint. Reactor geometry (1.0 mm ID PFA coil, 1.0 mL volume) is consistent with inventory.",deterministic_verification_sheet.top_level_volume_flow_time_closure | delivered_final_outcome.parameters.reactor_volume_mL | delivered_final_outcome.parameters.flow_rate_mL_min | delivered_final_outcome.parameters.residence_time_min,V = 1.0 mL | Q_liquid = 0.1 mL/min | tau = 10.0 min | Q*tau = 1.0 mL | relative error = 0.0 | passes 10% check: true,V = Q_liquid * tau_liquid: 0.1 mL/min * 10 min = 1.0 mL. Correct.,None
N2-93353F12,claude,anthropic,Qwen3.8-27B,qwen,One-shot,Photochemical oxidation,UO-08,APPLICABLE,3,False,MINOR,HIGH,Gas identity is correct. STP and actual flows are reported. The pressure basis is stated as gauge (3 bar gauge = 4 bar absolute) but pressure_absolute_bar is null — this is a minor gap. The actual flow calculation is approximately correct. O2 equivalents from 21 mol% are mentioned in chemistry_notes but not formally calculated in the gas bookkeeping. The hard constraint explicitly requires reporting inlet/STP and pressure-corrected in-channel conditions and calculating oxygen equivalents from 21 mol% — this is partially met but not fully formalized.,delivered_final_outcome.streams[1].gas_flow_sccm | delivered_final_outcome.streams[1].gas_flow_actual_mL_min | delivered_final_outcome.parameters.BPR_bar | delivered_final_outcome.parameters.BPR_basis | delivered_final_outcome.parameters.pressure_absolute_bar | delivered_final_outcome.evidence_and_reasoning.reasoning_per_field.streams,gas: air (21% O2) | STP flow: 1.0 sccm | actual in-channel flow: 0.24 mL/min (stated) | BPR: 3.0 bar gauge | pressure_absolute_bar: null | O2 molar flow: not explicitly calculated in gas bookkeeping section,"Gas identity correct (air, 21% O2). STP flow stated. In-channel actual flow approximately correct (1.0/4 = 0.25 mL/min at 4 bar absolute; stated 0.24 is close). Absolute pressure should be stated (3 bar gauge = 4 bar absolute). O2 equivalents should be explicitly calculated. pressure_absolute_bar field is null.","Populate pressure_absolute_bar (= 4.0 bar), explicitly calculate O2 molar flow and equivalents relative to substrate in the gas bookkeeping section."
N2-93353F12,claude,anthropic,Qwen3.8-27B,qwen,One-shot,Photochemical oxidation,UO-09,NOT_APPLICABLE,,False,NONE,HIGH,The case context specifies multistage_process=false. Single reactive stage confirmed.,,,Not applicable: single reactive stage design,None
N2-93353F12,claude,anthropic,Qwen3.8-27B,qwen,One-shot,Photochemical oxidation,UO-10,APPLICABLE,4,False,NONE,HIGH,"Every selected equipment item is from the authoritative inventory, identified by equipment_id, and operating within declared limits. Flow rates, pressures, temperatures, wavelengths, and materials are all within specifications. No invented equipment detected.",delivered_final_outcome.stages | delivered_final_outcome.topology | case_context.authoritative_inventory,"pump_photo_liquid: used at 0.1 mL/min (range 0.01-1.0 mL/min) ✓ | mfc_air_10: used at 1.0 sccm (range 0.1-10.0 sccm) ✓ | mixer_photo_t: total flow 0.1 mL/min liquid + ~0.25 mL/min gas actual < 2.0 mL/min max ✓ | reactor_photo_100: 1.0 mL, 420 nm, 21 C, PFA ✓ | bpr_photo_3: 3.0 bar setpoint ✓ | separator_photo_gl: within flow limits ✓ | collector_photo_100: 100 mL amber vented ✓ | safety_photo_enclosure: compatible hazards ✓ | light_photo_420: 420 nm, 1.5 W, 21 C ✓ | controller_photo_thermostat: 21 C ✓",All equipment within declared limits and from authoritative inventory,None
N2-93353F12,claude,anthropic,Qwen3.8-27B,qwen,One-shot,Photochemical oxidation,UO-11,APPLICABLE,3,False,MINOR,HIGH,"The design is physically plausible at these flow rates and pressures. The gas-liquid ratio (~2.5:1 actual volumetric) in a 1.0 mm ID coil at 3 bar is consistent with Taylor/slug flow which is favorable for mass transfer. However, multiphase_metrics and heat_transfer_metrics are empty dicts — no quantitative or even qualitative transport analysis is provided. The chemistry_notes briefly mentions gas-liquid interface but does not address pressure drop, slug flow regime, or mass transfer coefficient. This is a minor defect for a screening design.",delivered_final_outcome.parameters.multiphase_metrics | delivered_final_outcome.parameters.heat_transfer_metrics | delivered_final_outcome.chemistry_and_operations.chemistry_notes,multiphase_metrics: empty dict | heat_transfer_metrics: empty dict | gas-liquid ratio: ~0.25 mL/min gas actual vs 0.1 mL/min liquid = ~2.5:1 volumetric ratio | chemistry_notes mentions gas-liquid interface maintenance,"Qualitative discussion of slug flow regime, gas-liquid mass transfer, pressure drop plausibility in 1.0 mm ID coil at these flow rates","Provide at least qualitative discussion of expected flow regime (Taylor flow), estimated pressure drop, and mass transfer adequacy in the 1.0 mm coil."
N2-93353F12,claude,anthropic,Qwen3.8-27B,qwen,One-shot,Photochemical oxidation,UO-12,APPLICABLE,4,False,NONE,HIGH,"All major hazards are identified and mitigated with concrete controls using inventory equipment. The three primary hazards (oxygen-enriched organic stream, acetonitrile vapor, high-intensity light) are explicitly listed with specific mitigations. The interlocked enclosure and vented separator are correctly assigned. BPR prevents pressure buildup. Amber collection vessel protects from light exposure.",delivered_final_outcome.safety_controls | delivered_final_outcome.chemistry_and_operations.post_reactor_steps | delivered_final_outcome.parameters.light_setup,Oxygen-enriched organic stream: mitigated by safety_photo_enclosure and vented separator | Acetonitrile vapor: mitigated by safety_photo_enclosure | High-intensity light: mitigated by safety_photo_enclosure | Vented gas-liquid separator used | BPR for pressure control | Amber collection vessel,"Recognition and mitigation of O2/organic stream hazard, acetonitrile vapor, photochemical light hazard, and pressure hazard",None
N2-93353F12,claude,anthropic,Qwen3.8-27B,qwen,One-shot,Photochemical oxidation,UO-13,APPLICABLE,3,False,MINOR,HIGH,"The startup procedure is reasonable but incomplete. Missing: explicit leak test before pressurization, dead volume/priming flush to establish steady state before collection, steady-state qualification criteria, normal shutdown sequence (turn off light, stop MFC, stop pump, depressurize), emergency shutdown, depressurization procedure, and waste handling for acetonitrile/photocatalyst waste. These are material omissions for a complete operating procedure but the design is still executable with reasonable operator knowledge — hence minor rather than major defect for a screening design.",delivered_final_outcome.chemistry_and_operations.pre_reactor_steps | delivered_final_outcome.chemistry_and_operations.post_reactor_steps,"pre_reactor_steps: 10 steps covering feed prep, connections, BPR set, thermostat set, pump start, MFC start, light on | post_reactor_steps: 4 steps covering separation, venting, collection, monitoring | No explicit leak test step | No steady-state qualification / dead volume flush step | No shutdown procedure | No emergency shutdown procedure | No waste handling procedure | No depressurization procedure","Complete procedure including leak test, priming/dead volume flush, steady-state qualification, normal shutdown, emergency shutdown, depressurization, and waste handling","Add leak test, priming/steady-state flush, steady-state qualification, normal and emergency shutdown sequences, depressurization, and waste handling steps."
N2-93353F12,claude,anthropic,Qwen3.8-27B,qwen,One-shot,Photochemical oxidation,UO-14,APPLICABLE,4,False,NONE,HIGH,The SCREEN disposition is appropriate and well-justified. The candidate honestly acknowledges that yield requires experimental validation and distinguishes between high confidence in safety/feasibility and medium confidence in yield. No performance guarantees are made. No invented evidence detected. The reasoning is proportionate and calibrated. Source exclusion is confirmed.,delivered_final_outcome.reported_disposition | delivered_final_outcome.disposition_rationale | delivered_final_outcome.evidence_and_reasoning.reasoning_per_field.confidence,"disposition: SCREEN | rationale acknowledges yield requires experimental validation | confidence: High for safety/feasibility, Medium for yield | no invented evidence | no unsupported performance guarantees | source exclusion confirmed: leave_one_source_out_pass=true","SCREEN disposition with honest uncertainty acknowledgment, no invented evidence, no unresolved critical defects",None
N2-471087C0,claude,anthropic,Qwen3.8-27B,qwen,One-shot,Photochemical oxidation,UO-01,APPLICABLE,4,False,NONE,HIGH,"All elements of the intended transformation are faithfully preserved: correct substrate, photocatalyst, solvent, oxidant (air), wavelength, temperature, and product. No unsupported substitutions detected.",delivered_final_outcome.parameters.wavelength_nm | delivered_final_outcome.parameters.concentration_M | delivered_final_outcome.parameters.temperature_C | delivered_final_outcome.streams[0].contents | delivered_final_outcome.stages[1].wavelength_nm,"substrate: Fmoc-L-methionine | photocatalyst: 4,7-diphenyl-2,1,3-benzothiadiazole | solvent: acetonitrile | oxidant: air | wavelength: 420 nm | temperature: 21 C | product: Fmoc-methionine sulfoxide (aerobic photocatalytic oxidation)","Photocatalytic aerobic oxidation of Fmoc-L-methionine to sulfoxide using 4,7-diphenyl-2,1,3-benzothiadiazole at 420 nm in acetonitrile at 21 C",None
N2-471087C0,claude,anthropic,Qwen3.8-27B,qwen,One-shot,Photochemical oxidation,UO-02,APPLICABLE,4,False,NONE,HIGH,"All required reagents, photocatalyst, solvent, and gas oxidant are present and correctly assigned. The premixed liquid feed contains substrate and photocatalyst per the hard constraint. Air is delivered via the declared MFC.",delivered_final_outcome.streams[0].contents | delivered_final_outcome.streams[1].contents | delivered_final_outcome.parameters.concentration_M | delivered_final_outcome.stages[0].gas_flow_sccm,"Fmoc-L-methionine 0.1 M in acetonitrile | 4,7-diphenyl-2,1,3-benzothiadiazole 10 mol% | Clean dry air at 1.0 sccm | 420 nm LED 1.5 W","All required components present: substrate, photocatalyst at 10 mol%, acetonitrile solvent, air as oxidant, 420 nm light source",None
N2-471087C0,claude,anthropic,Qwen3.8-27B,qwen,One-shot,Photochemical oxidation,UO-03,APPLICABLE,2,False,MAJOR,HIGH,"The design states air molar_equiv as 1.0 but provides no calculation of oxygen equivalents from 21 mol% O2 as explicitly required by the hard constraints. The concentration and liquid flow rate are correct and consistent. The absence of the O2 equivalents calculation is a material defect requiring revision, though the chosen flow rates are physically reasonable.",delivered_final_outcome.streams[1].gas_flow_sccm | delivered_final_outcome.streams[1].molar_equiv | delivered_final_outcome.parameters.flow_rate_mL_min | delivered_final_outcome.evidence_and_reasoning.reasoning_per_field.residence_time_min,liquid flow: 0.1 mL/min | air flow: 1.0 sccm | air molar equiv basis: 1.0 (stated but not calculated) | oxygen mol%: 21% stated in protocol but not explicitly used to derive O2 equivalents | no explicit O2 molar flow calculation shown,"Hard constraint requires explicit oxygen equivalents calculated from 21 mol% O2 in air. At 1.0 sccm air and 0.1 mL/min liquid with 0.1 M substrate: liquid molar flow = 0.01 mmol/min; O2 molar flow at STP = 1.0 sccm * 0.21 / 22400 mL/mmol = 0.00938 mmol/min, giving ~0.94 equiv O2. This calculation is absent from the delivered outcome.","Explicitly calculate O2 molar flow from air flow (sccm) × 0.21 / 22,400 mL/mmol and compare to substrate molar flow to report oxygen equivalents."
N2-471087C0,claude,anthropic,Qwen3.8-27B,qwen,One-shot,Photochemical oxidation,UO-04,APPLICABLE,4,False,NONE,HIGH,"All chemistry-critical conditions are faithfully translated: temperature matches batch, wavelength matches, air atmosphere maintained, mixing order correct (gas-liquid before reactor), pressure controlled via BPR. The 10-minute residence time is a defensible conservative choice relative to the 5-minute batch.",delivered_final_outcome.parameters.temperature_C | delivered_final_outcome.parameters.BPR_bar | delivered_final_outcome.parameters.BPR_basis | delivered_final_outcome.parameters.wavelength_nm | delivered_final_outcome.chemistry_and_operations.pre_reactor_steps | delivered_final_outcome.stages,temperature: 21.0 C | BPR: 3.0 bar gauge | wavelength: 420 nm | mixing order: air into liquid before reactor | residence time: 10 min (conservative vs 5 min batch),"Temperature 21 C, 420 nm irradiation, air atmosphere, gas-liquid mixing before reactor, BPR pressure control, conservative residence time relative to 5 min batch",None
N2-471087C0,claude,anthropic,Qwen3.8-27B,qwen,One-shot,Photochemical oxidation,UO-05,APPLICABLE,3,False,MINOR,HIGH,"The topology is functionally correct and executable. The BPR is referenced in parameters but not listed as an explicit stage in the stages array, which is a minor omission. The pump_equipment_id field in the liquid stream is null (only pump_role is populated), which is a minor documentation gap. The overall flow path is correct and executable.",delivered_final_outcome.stages | delivered_final_outcome.streams[0].pump_role | delivered_final_outcome.streams[1].pump_role | delivered_final_outcome.topology,pump_photo_liquid -> mixer_photo_t -> reactor_photo_100 -> separator_photo_gl -> bpr_photo_3 -> collector_photo_100 | MFC mfc_air_10 -> mixer_photo_t | BPR not listed as an explicit stage in stages array,Complete topology: pump -> T-mixer (with MFC air) -> photoreactor -> gas-liquid separator -> BPR -> collection vessel,Add BPR as an explicit stage in the stages array with equipment_id bpr_photo_3. Populate pump_equipment_id in the liquid stream.
N2-471087C0,claude,anthropic,Qwen3.8-27B,qwen,One-shot,Photochemical oxidation,UO-06,APPLICABLE,3,False,MINOR,HIGH,The liquid material balance is correct and consistent: 0.1 M × 0.1 mL/min = 0.01 mmol/min substrate. The gas_flow_actual_mL_min = 0.21 is ambiguous/potentially mislabeled (could be O2 partial flow or a fraction). This is a minor labeling defect that does not invalidate the design but requires clarification.,delivered_final_outcome.parameters.flow_rate_mL_min | delivered_final_outcome.parameters.concentration_M | delivered_final_outcome.streams[0].flow_rate_mL_min | delivered_final_outcome.streams[1].gas_flow_sccm,"liquid flow: 0.1 mL/min | concentration: 0.1 M | substrate molar flow: 0.01 mmol/min | air: 1.0 sccm | gas_flow_actual_mL_min: 0.21 (stated for air stream but this appears to be O2 fraction, not actual volumetric flow at pressure)","Liquid molar flow = 0.1 mL/min × 0.1 mmol/mL = 0.01 mmol/min. Air volumetric flow at STP = 1.0 sccm = 1.0 mL/min at STP. The gas_flow_actual_mL_min of 0.21 appears to represent O2 fraction (21%) rather than actual volumetric flow, which is confusing but the liquid balance is internally consistent.","Clarify gas_flow_actual_mL_min: if this represents O2 volumetric flow at STP (0.21 mL/min = 21% of 1.0 sccm), label it explicitly as O2_flow_sccm. Report total air volumetric flow at operating pressure separately."
N2-471087C0,claude,anthropic,Qwen3.8-27B,qwen,One-shot,Photochemical oxidation,UO-07,APPLICABLE,4,False,NONE,HIGH,Residence time and geometry close exactly. The liquid-phase basis is correctly declared per the hard constraint. The deterministic verification sheet confirms closure with 0% relative error. Reactor ID 1.0 mm matches inventory.,delivered_final_outcome.parameters.reactor_volume_mL | delivered_final_outcome.parameters.flow_rate_mL_min | delivered_final_outcome.parameters.residence_time_min | delivered_final_outcome.parameters.residence_time_basis | deterministic_verification_sheet.top_level_volume_flow_time_closure,"reactor volume: 1.0 mL | liquid flow: 0.1 mL/min | residence time: 10.0 min | Q×τ = 0.1 × 10 = 1.0 mL | verification sheet: calculated_Q_tau_mL = 1.0, passes_10_percent = true, relative_error = 0.0",V = Q × τ: 1.0 mL = 0.1 mL/min × 10 min. Closure is exact. Liquid-phase basis correctly stated.,None
N2-471087C0,claude,anthropic,Qwen3.8-27B,qwen,One-shot,Photochemical oxidation,UO-08,APPLICABLE,2,False,MAJOR,HIGH,"The hard constraints explicitly require inlet/STP and pressure-corrected in-channel gas conditions and O2 equivalents from 21 mol%. The design reports inlet STP flow (1.0 sccm) but fails to provide: absolute pressure (null), pressure-corrected in-channel volumetric flow, and a derived O2 equivalents calculation. The gas_flow_actual_mL_min = 0.21 is ambiguous and does not represent the pressure-corrected in-channel total air flow. These are material defects for a gas bookkeeping criterion.",delivered_final_outcome.streams[1].gas_flow_sccm | delivered_final_outcome.parameters.BPR_bar | delivered_final_outcome.parameters.BPR_basis | delivered_final_outcome.parameters.pressure_absolute_bar | delivered_final_outcome.streams[1].molar_equiv,gas: air (correct) | inlet flow: 1.0 sccm at STP | BPR: 3.0 bar gauge | pressure_absolute_bar: null | in-channel gas flow: not calculated | O2 equivalents: stated as 1.0 but not derived from 21 mol% calculation | gas_flow_actual_mL_min: 0.21 (ambiguous),"Hard constraints require: (1) inlet/STP flow reported, (2) pressure-corrected in-channel gas flow calculated (at 3 bar gauge = 4 bar absolute, in-channel flow = 1.0 sccm / 4 = 0.25 mL/min), (3) O2 equivalents explicitly from 21 mol% × air flow / substrate molar flow, (4) absolute pressure stated. pressure_absolute_bar is null; in-channel corrected flow is absent; O2 equiv calculation is missing.","State absolute pressure (3 bar gauge + 1 bar atm = 4 bar absolute). Calculate in-channel air volumetric flow = 1.0 sccm / 4 = 0.25 mL/min. Calculate O2 molar flow = 1.0 × 0.21 / 22,400 mmol/mL × 1000 = 0.00938 mmol/min. Compare to substrate molar flow 0.01 mmol/min to give ~0.94 equiv O2."
N2-471087C0,claude,anthropic,Qwen3.8-27B,qwen,One-shot,Photochemical oxidation,UO-09,NOT_APPLICABLE,,False,NONE,HIGH,The case context declares multistage_process=false. Only one reactive stage (photoreactor) is present.,,,Not applicable: single-stage process,None
N2-471087C0,claude,anthropic,Qwen3.8-27B,qwen,One-shot,Photochemical oxidation,UO-10,APPLICABLE,4,False,NONE,HIGH,"All selected equipment items exist in the authoritative inventory. All operating points (flow rates, temperature, pressure, wavelength) are within declared equipment limits. Equipment IDs are referenced correctly in stages and streams.",delivered_final_outcome.stages | delivered_final_outcome.parameters | case_context.authoritative_inventory,"pump_photo_liquid: max 1.0 mL/min, used at 0.1 mL/min ✓ | mfc_air_10: max 10 sccm, used at 1.0 sccm ✓ | mixer_photo_t: max 2.0 mL/min total, liquid 0.1 + gas negligible ✓ | reactor_photo_100: 1.0 mL, 420 nm, 21 C ✓ | bpr_photo_3: 3.0 bar setpoint ✓ | separator_photo_gl: max 5.0 mL/min ✓ | collector_photo_100: 100 mL ✓ | safety_photo_enclosure: compatible hazards match ✓ | tubing_photo_pfa_10: 1.0 mm ID, PFA ✓","All equipment exists in inventory, operating points within declared limits, correct IDs used",None
N2-471087C0,claude,anthropic,Qwen3.8-27B,qwen,One-shot,Photochemical oxidation,UO-11,APPLICABLE,3,False,MINOR,MEDIUM,"The physical and transport assumptions are plausible. Acetonitrile is well below boiling. The 3 bar BPR helps maintain gas in solution. The qualitative note about mass transfer limitations is appropriate. The empty multiphase_metrics and heat_transfer_metrics fields represent a minor gap in quantitative support, but the design is physically executable.",delivered_final_outcome.parameters.multiphase_metrics | delivered_final_outcome.parameters.heat_transfer_metrics | delivered_final_outcome.chemistry_and_operations.chemistry_notes,multiphase_metrics: {} (empty) | heat_transfer_metrics: {} (empty) | chemistry_notes mentions mass transfer limitations qualitatively | no slug flow regime assessment | no pressure drop estimate | acetonitrile boiling point 82 C >> 21 C operating temperature,"Phase behavior plausible (acetonitrile well below boiling at 21 C, 4 bar abs). Gas-liquid flow regime at 0.1 mL/min liquid and 0.25 mL/min in-channel gas in 1 mm ID PFA coil is likely Taylor/slug flow, which is favorable for photochemical reactions. Qualitative acknowledgment of mass transfer is present but quantitative metrics are absent.",Provide at least a qualitative flow regime assessment (Taylor flow expected at these flow rates in 1 mm ID) and note that pressure drop through 1.273 m of 1 mm ID PFA tubing is manageable.
N2-471087C0,claude,anthropic,Qwen3.8-27B,qwen,One-shot,Photochemical oxidation,UO-12,APPLICABLE,3,False,MINOR,HIGH,"The three main hazard categories (oxygen-enriched organic stream, light exposure, acetonitrile vapor) are identified with concrete controls using the correct inventory equipment. The interlocked enclosure is correctly assigned. Minor gaps include absence of singlet oxygen intermediate hazard acknowledgment and no explicit leak-test-before-pressurization safety step. These are minor defects that do not constitute unmitigated major hazards.",delivered_final_outcome.safety_controls | delivered_final_outcome.chemistry_and_operations.pre_reactor_steps | delivered_final_outcome.chemistry_and_operations.post_reactor_steps,oxygen-enriched organic stream: interlocked enclosure and vent ✓ | high-intensity light: interlocked enclosure ✓ | acetonitrile vapor: ventilation and vented collection vessel ✓ | no mention of leak testing before pressurization | no mention of photocatalyst singlet oxygen generation hazard | no mention of emergency shutdown procedure in safety controls,"Key hazards identified and controlled. Missing: explicit mention of singlet oxygen as reactive intermediate hazard, leak test protocol before pressurization, and emergency depressurization procedure.","Add: (1) note on singlet oxygen as reactive intermediate requiring containment, (2) leak test step before pressurizing to 3 bar, (3) emergency depressurization procedure."
N2-471087C0,claude,anthropic,Qwen3.8-27B,qwen,One-shot,Photochemical oxidation,UO-13,APPLICABLE,3,False,MINOR,HIGH,"The procedure covers the essential startup and post-reactor steps adequately for a screening design. However, steady-state qualification criteria, normal shutdown sequence, solvent flush, and waste handling are absent. These are minor gaps for a screening design but would need to be addressed before execution. The experiment could be approximately reconstructed from the delivered instructions.",delivered_final_outcome.chemistry_and_operations.pre_reactor_steps | delivered_final_outcome.chemistry_and_operations.post_reactor_steps | delivered_final_outcome.chemistry_and_operations.chemistry_notes,"pre_reactor_steps: 8 steps covering feed prep, pump priming, MFC setting, connections, BPR, thermostat, LED | post_reactor_steps: 5 steps covering separation, collection, venting, monitoring, analysis | no explicit steady-state qualification criterion | no normal shutdown sequence | no emergency shutdown procedure | no solvent flush/purge step at end | no leak test step","Complete procedure should include: feed prep, leak test, priming, startup, steady-state qualification (e.g., wait 3 residence times = 30 min), collection, normal shutdown (stop pump, maintain BPR, flush with solvent), emergency shutdown, depressurization, waste handling","Add: steady-state qualification criterion (collect after ~3 residence times = 30 min), normal shutdown sequence (stop pump, purge with solvent, depressurize via BPR), waste handling for acetonitrile/photocatalyst solution."
N2-471087C0,claude,anthropic,Qwen3.8-27B,qwen,One-shot,Photochemical oxidation,UO-14,APPLICABLE,3,False,MINOR,HIGH,The SCREEN disposition is appropriate and well-justified: the design acknowledges that gas-liquid mass transfer and residence time distribution require experimental validation. The confidence level is reasonable. The empty evidence_calibration field and lack of specific literature citations are minor gaps. No invented evidence or unsupported performance guarantees are present. The design does not recommend execution despite unresolved critical defects.,delivered_final_outcome.reported_disposition | delivered_final_outcome.disposition_rationale | delivered_final_outcome.evidence_and_reasoning | delivered_final_outcome.parameters.confidence,disposition: SCREEN ✓ | confidence: HIGH | disposition_rationale: acknowledges need for experimental validation of mass transfer and residence time distribution | evidence_calibration: {} (empty) | literature_analogies: two general references without citations | no uncertainty quantification on O2 equivalents or yield prediction,SCREEN disposition is appropriate and correctly justified. Confidence HIGH is reasonable for a well-constrained screening design. Literature analogies are relevant but lack specific citations. Empty evidence_calibration is a minor gap.,Populate evidence_calibration with specific literature references. Provide uncertainty bounds on O2 equivalents calculation.
N2-0CBFDC76,claude,anthropic,Qwen3.8-27B,qwen,FlowPilot,Photochemical oxidation,UO-01,APPLICABLE,4,False,NONE,HIGH,"All elements of the intended transformation are preserved: correct substrate (Fmoc-L-methionine), correct product class (sulfoxide via S-oxidation), correct photocatalyst identity and loading (10 mol%), correct wavelength (420 nm), correct temperature (21 C), correct solvent (acetonitrile), correct oxidant (air/O2), correct modality (photochemical gas-liquid flow). No unsupported substitution detected.",delivered_final_outcome.chemistry_and_operations.chemistry_identity | delivered_final_outcome.parameters.wavelength_nm | delivered_final_outcome.parameters.temperature_C,"reaction_name: photocatalytic aerobic oxidation of Fmoc-L-methionine | transformation_family: oxidation | photocatalyst: 4,7-diphenyl-2,1,3-benzothiadiazole | wavelength_nm: 420.0 | temperature_C: 21.0 | phase: gas-liquid photochemical coil","Photocatalytic aerobic oxidation of Fmoc-L-methionine to sulfoxide using 4,7-diphenyl-2,1,3-benzothiadiazole at 420 nm, 21 C, air as oxidant, acetonitrile solvent.",None.
N2-0CBFDC76,claude,anthropic,Qwen3.8-27B,qwen,FlowPilot,Photochemical oxidation,UO-02,APPLICABLE,4,False,NONE,HIGH,"All required components are present: substrate at 0.1 M, photocatalyst at 10 mol%, acetonitrile as solvent, and air as the oxygen source delivered via the declared MFC. No extraneous or unsafe materials introduced. Assignments match inventory.",delivered_final_outcome.chemistry_and_operations.stream_components | delivered_final_outcome.streams,"Stream A: Fmoc-L-methionine 0.1 M, 4,7-diphenyl-2,1,3-benzothiadiazole 10 mol%, acetonitrile | Stream B: air via mfc_air_10","Substrate, photocatalyst, solvent, and air oxidant all present and correctly assigned.",None.
N2-0CBFDC76,claude,anthropic,Qwen3.8-27B,qwen,FlowPilot,Photochemical oxidation,UO-03,APPLICABLE,3,False,MINOR,HIGH,"The design correctly states concentrations and flow rates. The liquid feed stoichiometry is coherent (0.1 M substrate, 10 mol% catalyst). The air stream is assigned 1.0 molar_equiv but this refers to air as a whole, not O2 specifically. The hard constraint requires calculating oxygen equivalents from 21 mol% O2. The reasoning section mentions 21 mol% O2 and the STP basis is stated, but the explicit O2 equivalent number relative to substrate is not prominently reported in the parameters or stream_components. This is a minor deficiency since the numbers are present to reconstruct it, but the explicit O2 equiv value is not stated. Feed compatibility is fine; no incompatibility issues.",delivered_final_outcome.streams[1].molar_equiv | delivered_final_outcome.streams[1].reasoning | delivered_final_outcome.parameters.flow_rate_mL_min | delivered_final_outcome.parameters.pressure_absolute_bar,air molar_equiv: 1.0 | gas_flow_sccm: 3.315802 | liquid flow: 0.31068 mL/min | substrate concentration: 0.1 M | O2 fraction: 21 mol%,Oxygen equivalents should be explicitly calculated and reported. Molar flow of O2 = 3.3158 sccm * 0.21 / 22414 mL/mol * 1000 = ~3.1e-3 mmol/min; substrate molar flow = 0.31068 mL/min * 0.1 mmol/mL = 0.031068 mmol/min; O2/substrate ratio ~0.1 equiv. The design states 1 equiv air but does not explicitly state the resulting O2 equivalents relative to substrate.,Explicitly state O2 equivalents relative to substrate (O2 molar flow / substrate molar flow) in the parameters or stream summary.
N2-0CBFDC76,claude,anthropic,Qwen3.8-27B,qwen,FlowPilot,Photochemical oxidation,UO-04,APPLICABLE,4,False,NONE,HIGH,"Temperature matches protocol (21 C). Wavelength matches (420 nm). Pressure basis is explicitly stated as gauge with absolute value given (4.01325 bar). Residence time is derived from liquid-only reactor volume / liquid flow, which is the correct basis per hard constraints. The batch 5 min reaction time is translated to a flow residence time of ~3.2 min, which is a reasonable conservative screening point. All chemistry-critical conditions are faithfully translated.",delivered_final_outcome.parameters.temperature_C | delivered_final_outcome.parameters.wavelength_nm | delivered_final_outcome.parameters.BPR_bar | delivered_final_outcome.parameters.BPR_basis | delivered_final_outcome.parameters.pressure_absolute_bar | delivered_final_outcome.parameters.residence_time_min,"temperature_C: 21.0 | wavelength_nm: 420.0 | BPR_bar: 3.0 gauge (absolute: 4.01325 bar) | residence_time_min: 3.218746 (liquid-only basis) | irradiation: 420 nm LED, 1.5 W","21 C, 420 nm, air atmosphere, 5 min batch time translated to flow residence time, pressure stated with basis.",None.
N2-0CBFDC76,claude,anthropic,Qwen3.8-27B,qwen,FlowPilot,Photochemical oxidation,UO-05,APPLICABLE,4,False,NONE,HIGH,"The topology is correct and executable: liquid feed pump delivers to T-mixer, MFC delivers air to T-mixer, mixed gas-liquid stream enters photoreactor coil under irradiation and temperature control, exits through BPR to maintain pressure, then gas-liquid separator, then collection. All connections are in the correct order. All required unit operations are present.",delivered_final_outcome.topology.streams | delivered_final_outcome.topology.unit_operations | delivered_final_outcome.chemistry_and_operations.pid_description,Topology: pump_photo_liquid -> mixer_photo_t <- mfc_air_10 -> reactor_photo_100 -> bpr_photo_3 -> separator_photo_gl -> collector_photo_100,Liquid pump + MFC -> gas-liquid mixer -> photoreactor -> BPR -> gas-liquid separator -> collection vessel.,None.
N2-0CBFDC76,claude,anthropic,Qwen3.8-27B,qwen,FlowPilot,Photochemical oxidation,UO-06,APPLICABLE,4,False,NONE,HIGH,"Liquid: 0.31068 mL/min * 0.1 mmol/mL = 0.031068 mmol/min substrate. Catalyst at 10 mol% = 0.0031068 mmol/min, consistent with 0.01 M in same stream. Gas: 3.315802 sccm at STP (273.15 K, 1.01325 bar) = 3.315802/22414 mmol/min = 0.1479e-3 mol/min air. In-channel: 3.315802 * (273.15+21)/273.15 / (4.01325/1.01325) = 3.315802 * 1.0769 / 3.961 = 0.9015 mL/min. This matches the reported 0.901523 mL/min. The material balance is dimensionally valid and internally consistent.",delivered_final_outcome.parameters.flow_rate_mL_min | delivered_final_outcome.parameters.concentration_M | delivered_final_outcome.streams[0].flow_rate_mL_min | delivered_final_outcome.streams[1].gas_flow_sccm,Q_liquid: 0.31068 mL/min | C_substrate: 0.1 M | substrate molar flow: 0.031068 mmol/min | gas_flow_sccm: 3.315802 | pressure_absolute: 4.01325 bar | in-channel gas flow: 0.901523 mL/min,Liquid material balance: Q * C = molar flow; gas balance: STP flow converted to in-channel conditions via ideal gas law.,None.
N2-0CBFDC76,claude,anthropic,Qwen3.8-27B,qwen,FlowPilot,Photochemical oxidation,UO-07,APPLICABLE,4,False,NONE,HIGH,"The residence time closes exactly: 1.0 mL / 0.31068 mL/min = 3.2186 min, matching the reported 3.218746 min (relative error 1e-8 per verification sheet). The liquid-only basis is correctly applied per hard constraints. Reactor geometry (1 mm ID PFA coil, 1 mL volume) is consistent with inventory. The tubing length of 1.273 m with 1 mm ID gives V = pi*(0.5e-3)^2 * 1.273 = 1.0 mL, confirming geometry closure.",delivered_final_outcome.parameters.reactor_volume_mL | delivered_final_outcome.parameters.flow_rate_mL_min | delivered_final_outcome.parameters.residence_time_min | deterministic_verification_sheet.top_level_volume_flow_time_closure,V_R: 1.0 mL | Q_liquid: 0.31068 mL/min | tau: 3.218746 min | V/Q check: 1.0/0.31068 = 3.2186 min | verification relative_error: 1e-8,tau = V_R / Q_liquid = 1.0 / 0.31068 = 3.2186 min. Liquid-only basis as required by hard constraints.,None.
N2-0CBFDC76,claude,anthropic,Qwen3.8-27B,qwen,FlowPilot,Photochemical oxidation,UO-08,APPLICABLE,3,False,MINOR,HIGH,"Gas bookkeeping is largely complete: air identity correct, STP basis explicitly stated (273.15 K, 1.01325 bar), inlet STP flow (3.3158 sccm) and pressure-corrected in-channel flow (0.901523 mL/min) both reported, absolute pressure (4.01325 bar) stated, pressure basis (gauge) declared. The hard constraint requires reporting oxygen equivalents from 21 mol% O2. The design mentions 21 mol% in reasoning but does not explicitly state the O2 molar flow or O2 equivalents relative to substrate in the parameters or stream summary. The molar_equiv of 1.0 is assigned to air as a whole, which is ambiguous. This is a minor deficiency - the data to compute it is present but the explicit O2 equiv number is missing from the reported parameters.",delivered_final_outcome.streams[1].gas_flow_sccm | delivered_final_outcome.streams[1].gas_flow_actual_mL_min | delivered_final_outcome.parameters.pressure_absolute_bar | delivered_final_outcome.parameters.BPR_basis | delivered_final_outcome.streams[1].molar_equiv,"gas: air | STP basis: 273.15 K, 1.01325 bar (22.414 L/mol) | inlet flow: 3.315802 sccm | in-channel flow: 0.901523 mL/min at 21 C, 4.01325 bar abs | molar_equiv: 1.0 (air, not O2) | O2 fraction stated as 21 mol% in reasoning but O2 equiv not explicitly quantified in parameters","Gas identity correct (air), STP definition stated, inlet and in-channel flows reported, absolute pressure stated. O2 equivalents relative to substrate should be explicitly reported per hard constraints.",Add explicit O2 molar flow and O2 equivalents relative to substrate to the gas stream parameters.
N2-0CBFDC76,claude,anthropic,Qwen3.8-27B,qwen,FlowPilot,Photochemical oxidation,UO-09,NOT_APPLICABLE,,False,NONE,HIGH,The case_context specifies multistage_process=false. Only one reactive stage is present.,,,Not applicable: single-stage process.,None.
N2-0CBFDC76,claude,anthropic,Qwen3.8-27B,qwen,FlowPilot,Photochemical oxidation,UO-10,APPLICABLE,4,False,NONE,HIGH,"Every equipment item is drawn from the authoritative inventory and referenced by correct equipment_id. All operating points are within declared limits: pump flow well below max, MFC flow well below max, reactor temperature and wavelength within allowed values, BPR at the only available setpoint (3 bar), separator within flow limits. The T-mixer total flow input is only the liquid flow (0.31068 mL/min) which is well within the 2.0 mL/min max. All materials are compatible (PFA throughout). No invented equipment.",delivered_final_outcome.topology.instrument_manifest | case_context.authoritative_inventory,"pump_photo_liquid: flow 0.31068 mL/min (max 1.0 mL/min) - within limits | mfc_air_10: 3.315802 sccm (max 10 sccm) - within limits | mixer_photo_t: total flow 0.31068 mL/min liquid (max 2.0 mL/min) - within limits | reactor_photo_100: 1.0 mL, 21 C, 420 nm - within limits | bpr_photo_3: 3.0 bar setpoint - matches available setpoint | separator_photo_gl: within flow limits | collector_photo_100: 100 mL, vented - appropriate | safety_photo_enclosure: compatible hazards match","All equipment exists in inventory, operating points within declared limits, correct IDs used.",None.
N2-0CBFDC76,claude,anthropic,Qwen3.8-27B,qwen,FlowPilot,Photochemical oxidation,UO-11,APPLICABLE,3,False,MINOR,MEDIUM,"At 4 bar absolute and 21 C, acetonitrile is well below boiling point - no phase change risk. The gas-to-liquid volumetric ratio at operating conditions is ~2.9:1, which is reasonable for Taylor/slug flow in a 1 mm ID channel. Pressure drop through 1.273 m of 1 mm ID PFA tubing at these low flow rates is negligible. The BPR maintains backpressure to keep gas dissolved/compressed. The design is physically plausible. A minor note: the gas holdup in the reactor is not explicitly discussed, but at these conditions slug flow is expected and the liquid-only residence time basis is correctly applied. No transport impossibilities identified.",delivered_final_outcome.parameters.pressure_absolute_bar | delivered_final_outcome.parameters.residence_time_in_channel_min | delivered_final_outcome.streams[1].gas_flow_actual_mL_min | delivered_final_outcome.parameters.flow_rate_mL_min,in-channel gas flow: 0.901523 mL/min | liquid flow: 0.31068 mL/min | gas:liquid volumetric ratio ~2.9:1 at operating pressure | pressure: 4.01325 bar abs | temperature: 21 C | acetonitrile bp: 82 C - no boiling risk,Gas-liquid flow regime should be physically plausible; slug/Taylor flow expected in 1 mm ID at these flow rates.,Consider noting expected flow regime (Taylor/slug flow) and gas holdup fraction for completeness.
N2-0CBFDC76,claude,anthropic,Qwen3.8-27B,qwen,FlowPilot,Photochemical oxidation,UO-12,APPLICABLE,4,False,NONE,HIGH,"All chemistry-specific hazards are identified: photochemical (UV/vis exposure), oxygen-enriched organic stream (fire/explosion risk), pressurized operation. Concrete controls are provided for each: interlocked enclosure for light, ignition source exclusion and venting for oxygen-organic, leak testing and depressurization procedure for pressure. The safety_photo_enclosure is correctly assigned and its compatible hazards match the process hazards. Waste handling and emergency stop are included. The safety controls section is complete with no missing_control_ids.",delivered_final_outcome.safety_controls | delivered_final_outcome.chemistry_and_operations.operating_procedure,"Hazards identified: high_intensity_light, oxygen_organic_service, pressurized_operation | Controls: PPE, emergency stop, waste segregation, leak test, overpressure response, depressurization, light enclosure (safety_photo_enclosure), ignition source exclusion, oxygen/organic vent | safety_photo_enclosure assigned with compatible_hazards: high_intensity_light, oxygen_enriched_organic_stream, acetonitrile_vapor","All major hazards (photochemical, oxygen-organic, pressure) identified with concrete controls.",None.
N2-0CBFDC76,claude,anthropic,Qwen3.8-27B,qwen,FlowPilot,Photochemical oxidation,UO-13,APPLICABLE,4,False,NONE,HIGH,"The operating procedure covers all required elements: feed preparation (PREP-A, PREP-B), assembly verification (SETUP-VERIFY), priming (SETUP-PRIME), leak/pressure test (PRESSURE-LEAK-TEST), startup sequence with correct order (liquid before gas: START-FEEDS), steady-state qualification with 3 residence times (STEADY-STATE), product collection (COLLECT-PRODUCT, COLLECT-ANALYZE-WORKUP), normal shutdown (NORMAL-SHUTDOWN), emergency procedures (GENERAL-EMERGENCY-STOP, PRESSURE-OVERPRESSURE-RESPONSE), depressurization (PRESSURE-DEPRESSURIZE), and waste handling (GENERAL-WASTE). The procedure is reproducible and complete for a first screen.",delivered_final_outcome.chemistry_and_operations.operating_procedure,"Steps: PREP-A, PREP-B, SETUP-VERIFY, SETUP-PRIME, PRESSURE-LEAK-TEST, GENERAL-PPE-CONTAINMENT, GENERAL-EMERGENCY-STOP, GENERAL-WASTE, PRESSURE-OVERPRESSURE-RESPONSE, PRESSURE-DEPRESSURIZE, PHOTO-LIGHT-ENCLOSURE, OXYGEN-ORGANIC-IGNITION-CONTROL, OXYGEN-ORGANIC-VENT, START-FEEDS, STEADY-STATE, COLLECT-PRODUCT, COLLECT-ANALYZE-WORKUP, NORMAL-SHUTDOWN","Feed preparation, leak testing, priming, startup, steady-state qualification, collection, shutdown, depressurization, waste handling all present.",None.
N2-0CBFDC76,claude,anthropic,Qwen3.8-27B,qwen,FlowPilot,Photochemical oxidation,UO-14,APPLICABLE,4,False,NONE,HIGH,"The design honestly reports LOW confidence, correctly assigns SCREEN disposition (not EXECUTE), and provides a clear rationale. Validation experiments are proposed to verify hydraulic stability and residence time distribution before chemistry collection. No performance guarantees are made. The source exclusion policy is acknowledged. The finalization authority note clarifies that earlier model-written numbers are non-authoritative. No invented evidence or unsupported claims detected. The uncertainty calibration is appropriate for a first flow screen.",delivered_final_outcome.evidence_and_reasoning.confidence | delivered_final_outcome.reported_disposition | delivered_final_outcome.disposition_rationale | delivered_final_outcome.evidence_and_reasoning.validation_experiments,"confidence: LOW | reported_disposition: SCREEN | disposition_rationale: No deterministic hard-feasibility conflict found; treat as first experimental screen | validation_experiments: VAL-HYDRAULIC-BASELINE, VAL-RTD, VAL-FIRST-SCREEN | finalization_authority note present","Honest representation of uncertainty, SCREEN disposition appropriate for first flow translation, no invented evidence or unsupported guarantees.",None.
N2-306DCDAD,claude,anthropic,Qwen3.8-27B,qwen,FlowPilot,Photochemical oxidation,UO-01,APPLICABLE,4,False,NONE,HIGH,"All transformation elements are preserved: correct substrate, product class (sulfoxide), photocatalytic aerobic oxidation modality, correct photocatalyst, correct solvent, correct wavelength, correct temperature. No unsupported substitution detected.",delivered_final_outcome.chemistry_and_operations.chemistry_identity | delivered_final_outcome.parameters.wavelength_nm | delivered_final_outcome.parameters.temperature_C,"reaction_name: photocatalytic aerobic oxidation of Fmoc-L-methionine | transformation_family: oxidation | photocatalyst: 4,7-diphenyl-2,1,3-benzothiadiazole | wavelength_nm: 420.0 | temperature_C: 21.0 | solvent: acetonitrile | oxidant: air","Substrate Fmoc-L-methionine oxidized to sulfoxide using 4,7-diphenyl-2,1,3-benzothiadiazole photocatalyst, air oxidant, acetonitrile solvent, 420 nm LED, 21 C — all matching protocol facts.",None.
N2-306DCDAD,claude,anthropic,Qwen3.8-27B,qwen,FlowPilot,Photochemical oxidation,UO-02,APPLICABLE,4,False,NONE,HIGH,"Substrate, photocatalyst (10 mol%), solvent (acetonitrile), and oxidant (air) are all present and correctly assigned to streams. No required component is omitted and no unsafe or transformation-changing material is introduced.",delivered_final_outcome.chemistry_and_operations.stream_components | delivered_final_outcome.streams,"Stream A: Fmoc-L-methionine 0.1 M, 4,7-diphenyl-2,1,3-benzothiadiazole 10 mol%, acetonitrile solvent | Stream B: air via mfc_air_10","All required components present: substrate, photocatalyst at correct loading, solvent, and air as oxidant. No extraneous reactive materials introduced.",None.
N2-306DCDAD,claude,anthropic,Qwen3.8-27B,qwen,FlowPilot,Photochemical oxidation,UO-03,APPLICABLE,3,False,MINOR,HIGH,The stoichiometric arithmetic is internally consistent: liquid flow at 0.1 M gives substrate molar flow matching O2 molar flow from 21 mol% of air at stated STP conditions. The stated '1 equiv air' is slightly ambiguous (should say '~1 equiv O2 from air at 21 mol%') but the numerical basis is correct and the hard constraint to report oxygen equivalents from 21 mol% is met in the reasoning. No incompatibility or stoichiometry-preventing error.,delivered_final_outcome.streams[0].flow_rate_mL_min | delivered_final_outcome.streams[1].gas_flow_sccm | delivered_final_outcome.parameters.pressure_absolute_bar | delivered_final_outcome.chemistry_and_operations.stream_components[2].molar_equiv,Liquid flow Q_A = 0.31068 mL/min at 0.1 M substrate | Air STP flow = 3.3158 sccm | O2 molar flow = 0.21 * 3.3158/22414 mmol/min = ~0.031 mmol/min | Substrate molar flow = 0.1 * 0.31068 = 0.031068 mmol/min | O2 equiv stated as 1.0 equiv air (not O2) | Pressure absolute = 4.01325 bar stated,"O2 molar flow should be calculated from 21 mol% of air flow. At 3.3158 sccm STP, n_air = 3.3158/22414 mol/min = 0.1479e-3 mol/min; n_O2 = 0.21*0.1479e-3 = 3.105e-5 mol/min = 0.03105 mmol/min. Substrate flow = 0.031068 mmol/min. O2:substrate ratio ≈ 1.0 equiv O2. The design states 1 equiv air which is ambiguous but the arithmetic works out to ~1 equiv O2. Minor ambiguity in stating equiv basis as 'air' vs 'O2'.","Clarify that the 1.0 equiv basis refers to O2 (from 21 mol% of air), not to air itself, to avoid ambiguity in execution."
N2-306DCDAD,claude,anthropic,Qwen3.8-27B,qwen,FlowPilot,Photochemical oxidation,UO-04,APPLICABLE,4,False,NONE,HIGH,"Temperature (21 C), wavelength (420 nm), air atmosphere, and pressure basis are all correctly mapped. The residence time of 3.22 min is shorter than the 5 min batch time but this is a first screen and the design explicitly acknowledges this. Pressure basis (gauge vs absolute) is explicitly stated. Addition order (liquid before gas) is specified.",delivered_final_outcome.parameters.temperature_C | delivered_final_outcome.parameters.wavelength_nm | delivered_final_outcome.parameters.BPR_bar | delivered_final_outcome.parameters.BPR_basis | delivered_final_outcome.parameters.residence_time_min | delivered_final_outcome.chemistry_and_operations.operating_procedure,temperature_C: 21.0 | wavelength_nm: 420.0 | BPR: 3 bar gauge (4.01325 bar absolute) | residence_time_min: 3.218746 (liquid-only basis) | Gas admitted after liquid flow stable,"Protocol: 21 C, ~420 nm, air atmosphere, 5 min batch. Flow translation uses liquid-only residence time of ~3.2 min (conservative relative to 5 min batch), pressurized to keep liquid phase. All conditions faithfully translated.",None.
N2-306DCDAD,claude,anthropic,Qwen3.8-27B,qwen,FlowPilot,Photochemical oxidation,UO-05,APPLICABLE,4,False,NONE,HIGH,"The topology is complete and executable. All required unit operations are present in correct order: feed preparation, gas-liquid mixing, photoreaction, pressure control, phase separation, collection. All equipment IDs match inventory. The BPR is correctly placed downstream of the reactor to maintain pressure during reaction.",delivered_final_outcome.topology.pid_description | delivered_final_outcome.topology.streams | delivered_final_outcome.topology.unit_operations,Topology: pump_photo_liquid -> mixer_photo_t <- mfc_air_10 -> reactor_photo_100 -> bpr_photo_3 -> separator_photo_gl -> collector_photo_100 | All equipment IDs from inventory | BPR placed before separator,"Correct executable topology: liquid pump and gas MFC feed T-mixer, then photoreactor with LED and thermostat, then BPR for pressure control, then gas-liquid separator, then collection vessel.",None.
N2-306DCDAD,claude,anthropic,Qwen3.8-27B,qwen,FlowPilot,Photochemical oxidation,UO-06,APPLICABLE,4,False,NONE,HIGH,The liquid material balance is dimensionally valid and internally consistent. The substrate molar flow (0.031068 mmol/min) matches the O2 molar flow from air (0.031065 mmol/min) to within rounding. The deterministic verification sheet confirms Q*tau = reactor volume to essentially exact precision.,delivered_final_outcome.streams[0].flow_rate_mL_min | delivered_final_outcome.streams[0].concentration_M | delivered_final_outcome.streams[1].gas_flow_sccm | delivered_final_outcome.deterministic_verification_sheet.top_level_volume_flow_time_closure,"Q_A = 0.31068 mL/min, C = 0.1 M -> n_substrate = 0.031068 mmol/min | Air STP = 3.3158 sccm -> n_air = 0.14793 mmol/min -> n_O2 = 0.031065 mmol/min | O2:substrate ratio = 0.031065/0.031068 ≈ 1.000 | Verification sheet: calculated_Q_tau = 1.00000001 mL, passes 10%: true",Liquid material balance closes: substrate molar flow correctly derived from concentration and flow rate. O2 equivalents correctly calculated from 21 mol% air. Verification sheet confirms V=Q*tau closure to <0.001% error.,None.
N2-306DCDAD,claude,anthropic,Qwen3.8-27B,qwen,FlowPilot,Photochemical oxidation,UO-07,APPLICABLE,4,False,NONE,HIGH,Residence time and geometry close exactly. The liquid-only basis is correctly applied per the hard constraint. The reactor volume matches the declared inventory item. The verification sheet confirms closure to 1e-8 relative error.,delivered_final_outcome.parameters.reactor_volume_mL | delivered_final_outcome.parameters.flow_rate_mL_min | delivered_final_outcome.parameters.residence_time_min | delivered_final_outcome.deterministic_verification_sheet.top_level_volume_flow_time_closure,"V_R = 1.0 mL | Q_liquid = 0.31068 mL/min | tau = 1.0/0.31068 = 3.21875 min (reported: 3.218746 min) | Verification: calculated_Q_tau_mL = 1.00000001, relative_error = 1e-8","tau = V/Q = 1.0/0.31068 = 3.2187 min. Reported 3.218746 min. Closure is exact within rounding. Reactor geometry (1 mm ID PFA coil, 1 mL volume) matches inventory item reactor_photo_100.",None.
N2-306DCDAD,claude,anthropic,Qwen3.8-27B,qwen,FlowPilot,Photochemical oxidation,UO-08,APPLICABLE,4,False,NONE,HIGH,"All required gas bookkeeping elements are present and consistent: gas identity, STP definition, inlet STP flow, pressure-corrected in-channel flow, absolute pressure basis, O2 equivalents from 21 mol%, and liquid-only residence time basis. The pressure correction factor (1.01325/4.01325 * 294.15/273.15) applied to convert STP to in-channel conditions is consistent with the reported values (3.3158 * 1.01325/4.01325 * 294.15/273.15 ≈ 0.901 mL/min). All hard constraints on gas reporting are satisfied.",delivered_final_outcome.streams[1].gas_flow_sccm | delivered_final_outcome.streams[1].gas_flow_actual_mL_min | delivered_final_outcome.parameters.pressure_absolute_bar | delivered_final_outcome.parameters.BPR_basis | delivered_final_outcome.chemistry_and_operations.operating_procedure[1],"Gas: air (correct identity) | STP basis: 273.15 K, 1.01325 bar, 22.414 L/mol (stated) | Inlet STP flow: 3.3158 sccm | Pressure-corrected in-channel flow: 0.901523 mL/min at 21 C, 4.01325 bar absolute | BPR: 3 bar gauge = 4.01325 bar absolute (stated) | O2 from 21 mol% air: ~1 equiv relative to substrate | Residence time basis: liquid-only (not gas+liquid)",Gas identity correct (air). STP definition explicit. Inlet and pressure-corrected flows both reported. Absolute pressure correctly derived from gauge + atmospheric. O2 equivalents from 21 mol% stated. Liquid-only residence time basis used per hard constraint. All gas bookkeeping items close.,None.
N2-306DCDAD,claude,anthropic,Qwen3.8-27B,qwen,FlowPilot,Photochemical oxidation,UO-09,NOT_APPLICABLE,,False,NONE,HIGH,The case context declares multistage_process=false. There is only one reactive stage (the photoreactor). UO-09 is not applicable.,case_context.applicability.multistage_process,multistage_process: false,Single-stage process; UO-09 not applicable.,None.
N2-306DCDAD,claude,anthropic,Qwen3.8-27B,qwen,FlowPilot,Photochemical oxidation,UO-10,APPLICABLE,4,False,NONE,HIGH,"Every selected equipment item exists in the authoritative inventory and is referenced by correct equipment_id. All flow rates, pressures, temperatures, and wavelengths are within declared equipment limits. The mixer total flow limit (2.0 mL/min) is not exceeded. The collector operates at atmospheric pressure post-separator, within its 1 bar limit.",delivered_final_outcome.topology.instrument_manifest | case_context.authoritative_inventory,"pump_photo_liquid: max 1.0 mL/min, used at 0.31068 mL/min - within limits | mfc_air_10: max 10 sccm, used at 3.3158 sccm - within limits | mixer_photo_t: max 2.0 mL/min total, liquid input 0.31068 mL/min - within limits | reactor_photo_100: 1 mL, 1 mm ID, max 10 bar, 15-40 C, used at 21 C - within limits | light_photo_420: 420 nm, 1.5 W, 15-40 C, used at 420 nm, 21 C - within limits | bpr_photo_3: 3 bar setpoint, used at 3 bar - within limits | separator_photo_gl: max 5 mL/min, max 5 bar - within limits | collector_photo_100: 100 mL, max 1 bar - within limits (post-separator, atmospheric) | safety_photo_enclosure: used | All equipment IDs match inventory","All equipment exists in inventory, all operating points within declared limits, all equipment IDs correctly cited.",None.
N2-306DCDAD,claude,anthropic,Qwen3.8-27B,qwen,FlowPilot,Photochemical oxidation,UO-11,APPLICABLE,3,False,MINOR,MEDIUM,"The design is physically plausible. Acetonitrile at 21 C is well below its boiling point at any reasonable pressure, so phase behavior is not a concern. The elevated pressure (4 bar absolute) aids O2 dissolution. The gas:liquid ratio (~2.9:1 by volume in-channel) is high but within the range for Taylor/slug flow in 1 mm ID tubing. No precipitation or plugging risk is identified. The minor gap is the absence of explicit flow regime characterization or mass transfer discussion, but this is acceptable for a first screen.",delivered_final_outcome.parameters.pressure_absolute_bar | delivered_final_outcome.streams[1].gas_flow_actual_mL_min | delivered_final_outcome.streams[0].flow_rate_mL_min,Liquid flow: 0.31068 mL/min | Gas in-channel flow: 0.901523 mL/min at 4.01325 bar | Gas:liquid volumetric ratio in-channel ~2.9:1 | Pressure: 4.01325 bar absolute to suppress boiling of acetonitrile (bp 82 C at 1 bar) | Temperature: 21 C - well below acetonitrile boiling point even at 1 bar,"Phase behavior is plausible. Acetonitrile boiling point at 1 bar is 82 C; at 21 C there is no boiling risk even without pressurization. The 3 bar BPR primarily serves to maintain gas dissolution and stable slug/Taylor flow. Gas-liquid ratio is high but manageable in a 1 mm ID coil. No explicit discussion of flow regime (Taylor flow vs annular) or mass transfer adequacy is provided, which is a minor gap for a screening design.",Consider noting expected flow regime (Taylor flow) and that the high gas:liquid ratio is acceptable for slug flow in 1 mm tubing.
N2-306DCDAD,claude,anthropic,Qwen3.8-27B,qwen,FlowPilot,Photochemical oxidation,UO-12,APPLICABLE,4,False,NONE,HIGH,"The safety controls are comprehensive and concrete. Light hazard addressed by interlocked enclosure. Oxygen-organic hazard addressed by ignition source exclusion and vented separator/collector. Pressure hazard addressed by leak test, overpressure response procedure, and controlled depressurization. All controls reference specific equipment IDs or explicit procedures. No major hazard is omitted.",delivered_final_outcome.safety_controls | delivered_final_outcome.chemistry_and_operations.operating_procedure,"Hazards identified: high_intensity_light, oxygen_organic_service, pressurized_operation | Controls: PPE, emergency stop, waste segregation, leak test, overpressure response, depressurization, light enclosure (safety_photo_enclosure), ignition source exclusion, oxygen/organic vent | safety_photo_enclosure used for light and O2-enriched organic stream containment | Vented separator and collector for off-gas routing","All major hazards (photochemical, oxygen-enriched organic stream, pressurized operation, acetonitrile vapor) are identified and concrete controls are specified using inventory equipment.",None.
N2-306DCDAD,claude,anthropic,Qwen3.8-27B,qwen,FlowPilot,Photochemical oxidation,UO-13,APPLICABLE,4,False,NONE,HIGH,"The operating procedure is comprehensive and reproducible. All required elements are present: feed preparation with quantitative instructions, leak testing, priming, startup sequence with correct order (liquid before gas), steady-state qualification criterion (3 tau = 9.66 min), collection with timing, normal shutdown, emergency procedures, depressurization, and waste handling. The procedure is sufficiently detailed to reconstruct the experiment.",delivered_final_outcome.chemistry_and_operations.operating_procedure,"Steps: PREP-A, PREP-B, SETUP-VERIFY, SETUP-PRIME, PRESSURE-LEAK-TEST, GENERAL-PPE-CONTAINMENT, GENERAL-EMERGENCY-STOP, GENERAL-WASTE, PRESSURE-OVERPRESSURE-RESPONSE, PRESSURE-DEPRESSURIZE, PHOTO-LIGHT-ENCLOSURE, OXYGEN-ORGANIC-IGNITION-CONTROL, OXYGEN-ORGANIC-VENT, START-FEEDS, STEADY-STATE, COLLECT-PRODUCT, COLLECT-ANALYZE-WORKUP, NORMAL-SHUTDOWN","Complete procedure covering: feed preparation, assembly verification, priming, leak testing, PPE, emergency stop, startup sequence (liquid before gas), steady-state qualification (3 residence times), collection, shutdown, depressurization, waste handling.",None.
N2-306DCDAD,claude,anthropic,Qwen3.8-27B,qwen,FlowPilot,Photochemical oxidation,UO-14,APPLICABLE,4,False,NONE,HIGH,"The design honestly represents its uncertainty. Confidence is declared LOW. Disposition is SCREEN, not EXECUTE, which is appropriate for a first flow translation without wet-lab validation. Three validation experiments are specified. The exclusion of the internally inconsistent published flow reference is documented. No performance guarantees are made. Assumptions are explicitly documented. No invented evidence detected.",delivered_final_outcome.evidence_and_reasoning.confidence | delivered_final_outcome.reported_disposition | delivered_final_outcome.disposition_rationale | delivered_final_outcome.evidence_and_reasoning.reasoning_per_field,"confidence: LOW | reported_disposition: SCREEN | disposition_rationale: No deterministic hard-feasibility conflict found; treat as first experimental screen | Validation experiments specified: VAL-HYDRAULIC-BASELINE, VAL-RTD, VAL-FIRST-SCREEN | Source exclusion noted; published flow reference excluded due to internal inconsistency | Assumptions documented in reasoning_per_field","Honest representation of uncertainty: LOW confidence stated, SCREEN disposition (not EXECUTE), validation experiments specified, source exclusion documented, no invented evidence or unsupported performance guarantees.",None.
N2-8CBCF39B,claude,anthropic,Qwen3.8-27B,qwen,FlowPilot,Photochemical oxidation,UO-01,APPLICABLE,4,False,NONE,HIGH,"All elements of the intended transformation are preserved: correct substrate, product class (sulfoxide), photocatalytic aerobic oxidation modality, correct photocatalyst, solvent, wavelength, and temperature. No unsupported substitution detected.",delivered_final_outcome.chemistry_and_operations.chemistry_identity | delivered_final_outcome.parameters.wavelength_nm | delivered_final_outcome.parameters.temperature_C,"reaction_name: photocatalytic aerobic oxidation of Fmoc-L-methionine | transformation_family: oxidation | photocatalyst: 4,7-diphenyl-2,1,3-benzothiadiazole | wavelength_nm: 420.0 | temperature_C: 21.0 | solvent: acetonitrile | oxidant: air","Fmoc-L-methionine oxidized to Fmoc-methionine sulfoxide using 4,7-diphenyl-2,1,3-benzothiadiazole photocatalyst, air, acetonitrile, 420 nm, 21 C",None
N2-8CBCF39B,claude,anthropic,Qwen3.8-27B,qwen,FlowPilot,Photochemical oxidation,UO-02,APPLICABLE,4,False,NONE,HIGH,"All required components are present: substrate at 0.1 M, photocatalyst at 10 mol%, acetonitrile as solvent, and air as oxidant delivered via MFC. No extraneous or unsafe materials introduced.",delivered_final_outcome.chemistry_and_operations.stream_components | delivered_final_outcome.streams,"Stream A: Fmoc-L-methionine 0.1 M, 4,7-diphenyl-2,1,3-benzothiadiazole 10 mol%, acetonitrile | Stream B: air via mfc_air_10","Substrate, photocatalyst, solvent, and air oxidant all present and correctly assigned",None
N2-8CBCF39B,claude,anthropic,Qwen3.8-27B,qwen,FlowPilot,Photochemical oxidation,UO-03,APPLICABLE,3,False,MINOR,HIGH,"Concentrations and flow rates are internally consistent. The photocatalyst loading is correctly derived. However, the oxygen equivalents calculation is not fully explicit in the stream_components section - the design states 1 equiv air but does not explicitly state the resulting O2 equivalents (0.21 equiv O2 per equiv air), which is a minor gap given the hard constraint requires reporting oxygen equivalents from 21 mol% O2. The gas bookkeeping section partially addresses this but the stream_components entry for air lacks explicit O2 equiv. This is a minor defect unlikely to prevent execution.",delivered_final_outcome.streams[0].flow_rate_mL_min | delivered_final_outcome.streams[1].molar_equiv | delivered_final_outcome.parameters.flow_rate_mL_min,Q_liquid=0.31068 mL/min | substrate concentration=0.1 M | photocatalyst=10 mol% (0.01 M) | air molar_equiv=1.0 | oxygen equiv from 21 mol% air not explicitly quantified in stream_components,Explicit oxygen equivalents relative to substrate stated; 1 equiv air with 21 mol% O2 means ~0.21 equiv O2 per equiv air unless excess air is intended; the design states 1 equiv air but does not clarify whether this is sufficient for the oxidation stoichiometry,Explicitly state O2 equivalents (0.21 equiv O2 per equiv air at 1 equiv air) in the stream documentation.
N2-8CBCF39B,claude,anthropic,Qwen3.8-27B,qwen,FlowPilot,Photochemical oxidation,UO-04,APPLICABLE,4,False,NONE,HIGH,"Temperature matches batch (21 C), wavelength matches (420 nm), air is the oxidant atmosphere, pressure is maintained at 3 bar gauge. The residence time of 3.22 min is a reasonable conservative translation of the 5 min batch time. Addition order (liquid first, then gas) is correctly specified. All chemistry-critical conditions are faithfully translated.",delivered_final_outcome.parameters.temperature_C | delivered_final_outcome.parameters.wavelength_nm | delivered_final_outcome.parameters.BPR_bar | delivered_final_outcome.parameters.residence_time_min | delivered_final_outcome.chemistry_and_operations.operating_procedure,temperature_C: 21.0 | wavelength_nm: 420.0 | BPR: 3 bar gauge (4.01325 bar absolute) | residence_time_min: 3.218746 | air admitted after liquid flow stable,"21 C, 420 nm, air atmosphere, 5 min batch equivalent translated to flow residence time, pressure maintained",None
N2-8CBCF39B,claude,anthropic,Qwen3.8-27B,qwen,FlowPilot,Photochemical oxidation,UO-05,APPLICABLE,4,False,NONE,HIGH,"The topology is complete and correctly ordered. All required unit operations are present: liquid pump, gas MFC, gas-liquid mixer before reactor, photoreactor with 420 nm LED and thermostat, BPR for pressure maintenance, gas-liquid separator, and collection vessel. The safety enclosure is also included. No missing connections or incorrect ordering.",delivered_final_outcome.topology.pid_description | delivered_final_outcome.topology.streams | delivered_final_outcome.topology.unit_operations,pump_photo_liquid -> mixer_photo_t (liquid) | mfc_air_10 -> mixer_photo_t (gas) | mixer_photo_t -> reactor_photo_100 (gas_liquid) | reactor_photo_100 -> bpr_photo_3 (gas_liquid) | bpr_photo_3 -> separator_photo_gl (gas_liquid) | separator_photo_gl -> collector_photo_100 (liquid),"Correct executable topology: pump, MFC, T-mixer, photoreactor with light and temperature control, BPR, gas-liquid separator, collection",None
N2-8CBCF39B,claude,anthropic,Qwen3.8-27B,qwen,FlowPilot,Photochemical oxidation,UO-06,APPLICABLE,4,False,NONE,HIGH,The liquid flow rate of 0.31068 mL/min with 0.1 M substrate gives 0.031068 mmol/min substrate molar flow. Photocatalyst at 10 mol% gives 0.0031068 mmol/min. The deterministic verification sheet confirms V=Q*tau closure with relative error of 1e-8. The material balance is dimensionally valid and internally consistent.,delivered_final_outcome.streams[0].flow_rate_mL_min | delivered_final_outcome.streams[0].concentration_M | delivered_final_outcome.deterministic_verification_sheet.top_level_volume_flow_time_closure,"Q_liquid=0.31068 mL/min | C_substrate=0.1 M | molar flow substrate=0.031068 mmol/min | photocatalyst at 10 mol%=0.0031068 mmol/min | V*tau check: 1.0 mL / 0.31068 mL/min = 3.2187 min, passes 10%","Liquid material balance closes: Q*C gives correct molar flows, equivalents consistent, total flow coherent",None
N2-8CBCF39B,claude,anthropic,Qwen3.8-27B,qwen,FlowPilot,Photochemical oxidation,UO-07,APPLICABLE,4,False,NONE,HIGH,"The residence time calculation closes perfectly: 1.0 mL / 0.31068 mL/min = 3.2187 min, matching the reported 3.218746 min with negligible error. The tubing geometry (1.0 mm ID, 1.273 m length) gives pi*(0.0005)^2*1.273 = 1.0 mL, consistent with the declared reactor volume. The liquid-only basis is correctly stated and applied per the hard constraint.",delivered_final_outcome.parameters.reactor_volume_mL | delivered_final_outcome.parameters.flow_rate_mL_min | delivered_final_outcome.parameters.residence_time_min | delivered_final_outcome.deterministic_verification_sheet.top_level_volume_flow_time_closure,"V_R=1.0 mL | Q_liquid=0.31068 mL/min | tau=1.0/0.31068=3.2187 min | reported residence_time_min=3.218746 | relative_error=1e-8 | tubing ID=1.0 mm, length=1.273 m -> V=pi*(0.5mm)^2*1273mm=1.0 mL confirmed","Reactor volume, flow, and residence time close numerically; geometry consistent with inventory",None
N2-8CBCF39B,claude,anthropic,Qwen3.8-27B,qwen,FlowPilot,Photochemical oxidation,UO-08,APPLICABLE,3,False,MINOR,HIGH,"Gas bookkeeping is largely complete. STP basis is explicit, inlet and pressure-corrected flows are both reported, pressure basis (gauge vs absolute) is clearly stated. The O2 equivalents can be derived from the reported values (1.0 equiv O2 from 21 mol% of 1 equiv air). However, the explicit O2 equivalent value is not directly stated in the gas stream entry or parameters - it must be calculated by the reader. The in-channel and inlet residence times are reported separately from the liquid contact time. The in-channel pressure correction uses ideal gas law: 3.315802*(273.15+21)/273.15/4.01325*1.01325 = 3.315802*1.0769/3.9617 = 0.9015 mL/min, which checks out. Minor defect: O2 equivalents not explicitly stated as a number in the output.",delivered_final_outcome.streams[1].gas_flow_sccm | delivered_final_outcome.streams[1].gas_flow_actual_mL_min | delivered_final_outcome.parameters.pressure_absolute_bar | delivered_final_outcome.parameters.residence_time_in_channel_min | delivered_final_outcome.parameters.residence_time_inlet_min,"STP flow=3.315802 sccm at 273.15 K, 1.01325 bar | in-channel flow=0.901523 mL/min at 21 C, 4.01325 bar absolute | molar flow air=3.315802/22414=0.000147895 mol/min | O2 molar flow=0.21*0.000147895=0.0000310579 mol/min | substrate molar flow=0.031068 mmol/min=0.000031068 mol/min | O2 equiv=0.0000310579/0.000031068=1.0 equiv O2 | residence_time_in_channel_min=0.824944 | residence_time_inlet_min=0.275749","Gas identity correct (air), STP definition explicit (273.15 K, 1.01325 bar), inlet and in-channel flows reported, O2 equivalents from 21 mol% stated, pressure basis explicit (3 bar gauge = 4.01325 bar absolute)",Explicitly state the calculated O2 equivalents (approximately 1.0 equiv O2 relative to substrate) as a discrete reported value rather than requiring the reader to derive it.
N2-8CBCF39B,claude,anthropic,Qwen3.8-27B,qwen,FlowPilot,Photochemical oxidation,UO-09,NOT_APPLICABLE,,False,NONE,HIGH,The case context specifies multistage_process=false. This criterion is not applicable.,,,Not applicable - single reactive stage design,None
N2-8CBCF39B,claude,anthropic,Qwen3.8-27B,qwen,FlowPilot,Photochemical oxidation,UO-10,APPLICABLE,4,False,NONE,HIGH,"Every equipment item is drawn from the authoritative inventory by exact equipment_id. All flow rates, pressures, temperatures, and wavelengths are within declared limits. The pump operates well within its 1.0 mL/min maximum. The MFC operates within its 0.1-10 sccm range. The reactor pressure (4.01 bar absolute) is within the 10 bar maximum. The collector operates at atmospheric pressure after the separator, within its 1 bar limit. All equipment is correctly identified and within limits.",delivered_final_outcome.topology.instrument_manifest | case_context.authoritative_inventory,"pump_photo_liquid: max 1.0 mL/min, used at 0.31068 mL/min - within limits | mfc_air_10: max 10 sccm, used at 3.316 sccm - within limits | mixer_photo_t: max 2.0 mL/min total, liquid input 0.31068 mL/min - within limits | reactor_photo_100: 1.0 mL, 1.0 mm ID, max 10 bar, operated at 4.01 bar absolute - within limits | light_photo_420: 420 nm, 1.5 W, 21 C - within allowed temperatures | bpr_photo_3: 3 bar setpoint, matches available setpoint | separator_photo_gl: max 5 mL/min, max 5 bar - within limits | collector_photo_100: 100 mL, max 1 bar - at atmospheric after separator | safety_photo_enclosure: included","All equipment exists in inventory, all operating points within declared limits",None
N2-8CBCF39B,claude,anthropic,Qwen3.8-27B,qwen,FlowPilot,Photochemical oxidation,UO-11,APPLICABLE,3,False,MINOR,MEDIUM,"The operating conditions are physically plausible. Acetonitrile remains liquid at 21 C and 4 bar. The gas-to-liquid volumetric ratio of ~2.9:1 in-channel is reasonable for slug/Taylor flow in 1 mm ID tubing, which is a well-established regime for gas-liquid photochemistry. The 3 bar backpressure keeps the system pressurized. No precipitation concerns are noted for the substrate/photocatalyst system. A minor note: the gas-liquid flow regime is not explicitly characterized (slug flow vs. bubbly flow), but this is a minor omission for a screening design.",delivered_final_outcome.parameters.flow_rate_mL_min | delivered_final_outcome.streams[1].gas_flow_actual_mL_min | delivered_final_outcome.parameters.pressure_absolute_bar,"liquid flow=0.31068 mL/min | in-channel gas flow=0.901523 mL/min | gas:liquid ratio approximately 2.9:1 by volume in-channel | pressure=4.01 bar absolute | temperature=21 C | acetonitrile boiling point=82 C, well above operating temperature | PFA tubing compatible with acetonitrile","Phase behavior plausible, gas-liquid flow regime reasonable, pressure sufficient to maintain liquid phase, no boiling or precipitation issues",Consider noting the expected flow regime (likely Taylor/slug flow) for the gas-liquid ratio and tubing ID to support mass transfer assumptions.
N2-8CBCF39B,claude,anthropic,Qwen3.8-27B,qwen,FlowPilot,Photochemical oxidation,UO-12,APPLICABLE,4,False,NONE,HIGH,"The safety controls are comprehensive. The three key hazard categories are addressed: (1) photochemical - interlocked enclosure specified; (2) oxygen-enriched organic stream - ignition source exclusion and vented separator/collector; (3) pressurized operation - leak test, overpressure response, and controlled depressurization. The safety_photo_enclosure is correctly assigned. No major hazard is omitted.",delivered_final_outcome.safety_controls | delivered_final_outcome.chemistry_and_operations.operating_procedure,"hazards identified: high_intensity_light, oxygen_organic_service, pressurized_operation | controls: PPE, emergency stop, waste segregation, leak test, overpressure response, depressurization, light enclosure (safety_photo_enclosure), ignition source exclusion, oxygen/organic vent | safety_photo_enclosure used for light and oxygen-enriched organic stream containment | separator and collector are vented | missing_control_ids: []","All major hazards (photochemical, oxygen-enriched organic, pressure) identified with concrete controls",None
N2-8CBCF39B,claude,anthropic,Qwen3.8-27B,qwen,FlowPilot,Photochemical oxidation,UO-13,APPLICABLE,4,False,NONE,HIGH,"The operating procedure is comprehensive and reproducible. All required elements are present: feed preparation, priming, leak testing, startup sequence (liquid before gas), steady-state qualification (3 residence times), collection protocol, normal shutdown, and emergency procedures. The procedure is sufficiently detailed to reconstruct the experiment.",delivered_final_outcome.chemistry_and_operations.operating_procedure,"PREP-A: feed preparation with concentration and MW guidance | PREP-B: gas setup | SETUP-VERIFY: assembly verification | SETUP-PRIME: priming with bubble-free check | PRESSURE-LEAK-TEST: pressure test to 3 bar before reagents | START-FEEDS: liquid first, then gas after stability confirmed | STEADY-STATE: 3 residence times (9.66 min) before collection | COLLECT-PRODUCT: collection for at least 1 residence time | COLLECT-ANALYZE-WORKUP: crude collection and analysis | NORMAL-SHUTDOWN: flush, cool, isolate | Emergency procedures: GENERAL-EMERGENCY-STOP, PRESSURE-OVERPRESSURE-RESPONSE, PRESSURE-DEPRESSURIZE","Complete reproducible procedure covering preparation, priming, leak test, startup, steady-state qualification, collection, shutdown, and emergency response",None
N2-8CBCF39B,claude,anthropic,Qwen3.8-27B,qwen,FlowPilot,Photochemical oxidation,UO-14,APPLICABLE,4,False,NONE,HIGH,"The design correctly reports LOW confidence and SCREEN disposition, which is appropriate for a first experimental screen without wet-lab validation. Three validation experiments are proposed. The source exclusion check passes. No performance guarantees are made. The disposition rationale is honest about the absence of deterministic hard-feasibility conflicts. The acknowledgment that earlier model-written numbers are non-authoritative shows appropriate epistemic calibration.",delivered_final_outcome.evidence_and_reasoning.confidence | delivered_final_outcome.reported_disposition | delivered_final_outcome.disposition_rationale | delivered_final_outcome.evidence_and_reasoning.validation_experiments,"confidence: LOW | disposition: SCREEN | validation experiments: VAL-HYDRAULIC-BASELINE, VAL-RTD, VAL-FIRST-SCREEN | source exclusion: leave_one_source_out_pass=true | finalization_authority note: earlier model numbers non-authoritative","Honest representation of confidence, appropriate SCREEN disposition, no invented evidence, validation needs identified",None
N2-70AC5DB5,claude,anthropic,Qwen3.8-27B,qwen,One-shot,CuAAC,UO-01,APPLICABLE,4,False,NONE,HIGH,"The transformation, substrate, product, catalyst strategy (heterogeneous Cu/C), reaction modality (packed-bed flow), and phase regime (liquid) are all faithfully preserved. Temperature is reduced to 80 °C as a conservative screen, which is a defensible stated basis for a first screen and does not change the chemistry identity.",delivered_final_outcome.parameters.reactor_type | delivered_final_outcome.streams[0].contents | delivered_final_outcome.chemistry_and_operations.chemistry_notes,"CuAAC transformation preserved | Cu/C packed-bed catalyst | benzyl azide + phenylacetylene → 1,4-disubstituted triazole | acetone solvent | liquid-phase heterogeneous catalysis","CuAAC with Cu/C catalyst, benzyl azide substrate, phenylacetylene coupling partner, acetone solvent, packed-bed flow modality",None
N2-70AC5DB5,claude,anthropic,Qwen3.8-27B,qwen,One-shot,CuAAC,UO-02,APPLICABLE,3,False,MINOR,HIGH,"All required reagents (benzyl azide, phenylacetylene), catalyst (Cu/C), and solvent (acetone) are present and correctly assigned. Deoxygenation_method is null; while CuAAC is not oxygen-sensitive in the same way as other Cu-catalyzed reactions, noting its absence is a minor gap. No unsafe or transformation-changing materials are introduced.",delivered_final_outcome.streams[0].contents | delivered_final_output.chemistry_and_operations.pre_reactor_steps | delivered_final_outcome.parameters,Benzyl azide 0.25 M in acetone | Phenylacetylene 0.275 M (1.1 equiv) | Cu/C CatCart specified | No deoxygenation method listed (null),All required components present; deoxygenation is not strictly required for CuAAC but is a minor omission for a complete specification,"Clarify whether deoxygenation is needed; if not, state explicitly."
N2-70AC5DB5,claude,anthropic,Qwen3.8-27B,qwen,One-shot,CuAAC,UO-03,APPLICABLE,3,False,MINOR,HIGH,"Concentrations match the batch protocol (0.25 M azide, 0.275 M alkyne = 1.1 equiv). However, the molar_equiv field is set to 1.0 and the concentration_basis is empty, creating a minor ambiguity. The contents string correctly states both concentrations. No stoichiometric incompatibility exists.",delivered_final_outcome.streams[0].concentration_M | delivered_final_outcome.streams[0].molar_equiv | delivered_final_outcome.streams[0].contents,Benzyl azide 0.25 M | Phenylacetylene 0.275 M (1.1 equiv implied) | molar_equiv field = 1.0 (should be 1.1 for alkyne or reflect substrate) | concentration_basis field empty,"Benzyl azide 0.25 M, phenylacetylene 0.275 M (1.1 equiv), both in acetone; molar_equiv should reflect the 1.1 equiv alkyne relative to azide",Set molar_equiv to 1.1 for the alkyne component or clarify the basis; populate concentration_basis.
N2-70AC5DB5,claude,anthropic,Qwen3.8-27B,qwen,One-shot,CuAAC,UO-04,APPLICABLE,3,False,MINOR,HIGH,"Temperature reduction to 80 °C is explicitly justified as a conservative first screen. BPR at 20 bar is correctly set. Residence time of 1.0 min exceeds the published 0.2 min contact time, which is conservative. The stage mapping is coherent. Minor issue: the stages array uses a non-standard format (description field contains numeric values rather than descriptive text), but operational parameters are recoverable from the parameters block.",delivered_final_outcome.parameters.temperature_C | delivered_final_outcome.parameters.BPR_bar | delivered_final_outcome.chemistry_and_operations.chemistry_notes,Temperature 80 °C (batch: 150 °C) | BPR 20 bar | Residence time 1.0 min | Pressure basis: gauge,"Temperature conservatively reduced to 80 °C with stated rationale; BPR 20 bar maintains liquid phase; residence time 1.0 min is longer than published 0.2 min contact time, which is conservative and defensible",Clarify stage structure; ensure temperature rationale is documented in the procedure for operator awareness.
N2-70AC5DB5,claude,anthropic,Qwen3.8-27B,qwen,One-shot,CuAAC,UO-05,APPLICABLE,3,False,MINOR,HIGH,"The topology is correct and executable: premixed feed pumped through Cu/C CatCart, through BPR, into vented collection vessel. The pump_equipment_id is null in the stream definition, which is a minor documentation gap. Leak testing is mentioned in the pre_reactor_steps implicitly via purging but not explicitly as a separate step. Overall topology is physically sound.",delivered_final_outcome.topology | delivered_final_outcome.streams[0] | delivered_final_outcome.parameters | delivered_final_outcome.chemistry_and_operations.post_reactor_steps,Single premixed feed → HPLC pump → Cu/C CatCart → BPR → vented collection vessel | pump_equipment_id is null in stream | No explicit leak-test step in topology,Feed → pump → packed-bed reactor → BPR → collection; all inventory items connected in correct order,Populate pump_equipment_id; add explicit leak-test step.
N2-70AC5DB5,claude,anthropic,Qwen3.8-27B,qwen,One-shot,CuAAC,UO-06,APPLICABLE,4,False,NONE,HIGH,"At 0.3 mL/min with 0.25 M azide and 0.275 M alkyne, molar flows are 0.075 and 0.0825 mmol/min respectively, giving exactly 1.1 equiv. The material balance is dimensionally valid and internally consistent.",delivered_final_outcome.parameters.flow_rate_mL_min | delivered_final_outcome.streams[0].concentration_M | delivered_final_outcome.parameters.concentration_M,Flow rate 0.3 mL/min | Benzyl azide 0.25 M → molar flow 0.075 mmol/min | Phenylacetylene 0.275 M → molar flow 0.0825 mmol/min | Ratio 0.0825/0.075 = 1.1 equiv ✓,Molar flows consistent with concentrations and flow rate; 1.1 equiv alkyne confirmed,None
N2-70AC5DB5,claude,anthropic,Qwen3.8-27B,qwen,One-shot,CuAAC,UO-07,APPLICABLE,4,False,NONE,HIGH,"Reactor volume, flow rate, and residence time are mathematically consistent with zero relative error. The deterministic verification sheet confirms closure. Geometry matches the declared Cu/C CatCart (0.3 mL, 60×4 mm ID).",delivered_final_outcome.parameters.reactor_volume_mL | delivered_final_outcome.parameters.flow_rate_mL_min | delivered_final_outcome.parameters.residence_time_min | deterministic_verification_sheet.top_level_volume_flow_time_closure,"Reactor volume 0.3 mL | Flow rate 0.3 mL/min | Residence time = 0.3/0.3 = 1.0 min ✓ | Verification sheet: relative_error 0.0, passes_10_percent true",τ = V/Q = 0.3 mL / 0.3 mL/min = 1.0 min; matches reported value exactly,None
N2-70AC5DB5,claude,anthropic,Qwen3.8-27B,qwen,One-shot,CuAAC,UO-08,NOT_APPLICABLE,,False,NONE,HIGH,No gas reagent or gas-liquid process; criterion not applicable per case context.,,,Not applicable: gas_process=false,None
N2-70AC5DB5,claude,anthropic,Qwen3.8-27B,qwen,One-shot,CuAAC,UO-09,NOT_APPLICABLE,,False,NONE,HIGH,Single reactive stage design; criterion not applicable per case context.,,,Not applicable: multistage_process=false,None
N2-70AC5DB5,claude,anthropic,Qwen3.8-27B,qwen,One-shot,CuAAC,UO-10,APPLICABLE,4,False,NONE,HIGH,"Every selected equipment item exists in the authoritative inventory. All operating points (flow 0.3 mL/min, temperature 80 °C, pressure 20 bar) are within declared limits. Tubing ID (4 mm) matches reactor and connector. No invented equipment.",delivered_final_outcome.parameters | case_context.authoritative_inventory,HPLC pump: 0.3 mL/min within 0.1-3.0 mL/min range ✓ | Cu/C CatCart: 80 °C within 20-200 °C ✓ | BPR: 20 bar = declared setpoint ✓ | Tubing 4 mm ID matches reactor and connector ✓ | Vented collection vessel used ✓ | Safety shield specified ✓,All equipment within declared limits; all items from authoritative inventory,None
N2-70AC5DB5,claude,anthropic,Qwen3.8-27B,qwen,One-shot,CuAAC,UO-11,APPLICABLE,3,False,MINOR,HIGH,"At 20 bar, acetone's boiling point is far above 80 °C, so liquid phase is maintained. Flow rate of 0.3 mL/min through a 0.3 mL packed bed is physically plausible with low pressure drop. However, heat_transfer_metrics and multiphase_metrics are empty, and no pressure drop estimate is provided. These are minor gaps that do not make the design implausible but reduce completeness.",delivered_final_outcome.parameters.temperature_C | delivered_final_outcome.parameters.BPR_bar | delivered_final_outcome.parameters.heat_transfer_metrics | delivered_final_outcome.parameters.multiphase_metrics,"Temperature 80 °C, acetone bp ~56 °C at 1 bar | BPR 20 bar maintains liquid phase ✓ | heat_transfer_metrics: empty dict | multiphase_metrics: empty dict | No pressure drop estimate provided","At 20 bar, acetone remains liquid well above 80 °C; packed-bed pressure drop should be estimated; heat transfer in packed bed at 0.3 mL/min is plausible",Provide estimated pressure drop across packed bed; populate heat transfer metrics.
N2-70AC5DB5,claude,anthropic,Qwen3.8-27B,qwen,One-shot,CuAAC,UO-12,APPLICABLE,3,False,MINOR,HIGH,"The three main safety controls (azide shield, pressure monitoring, temperature monitoring) are present and appropriate. The azide-service blast shield from inventory is correctly specified. However, acetone flammability is not explicitly addressed, no decomposition temperature threshold for benzyl azide is stated, and emergency shutdown is not in the safety_controls list (only in the procedure section implicitly). These are minor gaps.",delivered_final_outcome.safety_controls | delivered_final_outcome.parameters.temperature_C | case_context.authoritative_inventory.safety_accessories,Azide blast shield specified ✓ | BPR pressure monitoring specified ✓ | Temperature monitoring specified ✓ | No mention of azide decomposition temperature threshold | No mention of acetone flammability controls | No emergency shutdown procedure in safety_controls,"Azide energetic hazard, pressure hazard, and acetone flammability all addressed with concrete controls; emergency shutdown referenced",Add acetone flammability control (no ignition sources); state azide thermal decomposition threshold; add emergency shutdown to safety controls.
N2-70AC5DB5,claude,anthropic,Qwen3.8-27B,qwen,One-shot,CuAAC,UO-13,APPLICABLE,3,False,MINOR,HIGH,"Feed preparation, purging, and work-up are described. However, explicit leak testing, steady-state qualification (waiting for system to reach steady state before collecting product), emergency shutdown procedure, and waste handling are absent. These are minor but collectively notable gaps for a complete executable procedure.",delivered_final_outcome.chemistry_and_operations.pre_reactor_steps | delivered_final_outcome.chemistry_and_operations.post_reactor_steps | delivered_final_outcome.disposition_rationale,Feed preparation: described ✓ | Purging with acetone: described ✓ | Steady-state collection: not explicitly stated | Leak testing: not explicitly listed as a step | Emergency shutdown: not described | Waste handling: not described | Work-up steps: described ✓,"Complete procedure including leak test, priming, steady-state qualification (volume changes before collection), collection, work-up, normal and emergency shutdown, waste handling","Add explicit leak test step, steady-state qualification (flush ≥3 reactor volumes before collection), emergency shutdown procedure, and waste disposal instructions."
N2-70AC5DB5,claude,anthropic,Qwen3.8-27B,qwen,One-shot,CuAAC,UO-14,APPLICABLE,3,False,MINOR,HIGH,"The SCREEN disposition is appropriate and well-justified. The rationale for temperature reduction is honest and defensible. However, confidence is stated as 'High' without acknowledging the significant uncertainty introduced by operating 70 °C below the validated batch temperature. The evidence_calibration dict is empty. No specific literature references are provided. These are minor calibration gaps.",delivered_final_outcome.reported_disposition | delivered_final_outcome.disposition_rationale | delivered_final_outcome.evidence_and_reasoning | delivered_final_outcome.parameters.confidence,Disposition: SCREEN ✓ | Confidence: High | engine_validated: false | evidence_calibration: empty dict | Literature analogies cited but not referenced specifically | No acknowledgment of uncertainty in yield prediction at 80 °C vs 150 °C,SCREEN disposition is appropriate; confidence calibration should acknowledge that 80 °C is significantly below batch conditions and yield/conversion uncertainty is higher; specific literature references preferred,Reduce confidence to Medium given the temperature deviation from validated conditions; populate evidence_calibration; cite specific literature references.
N2-75DF0799,claude,anthropic,Qwen3.8-27B,qwen,One-shot,CuAAC,UO-01,APPLICABLE,4,False,NONE,HIGH,"The design correctly preserves the CuAAC transformation, Cu/C heterogeneous catalyst strategy, correct substrate (benzyl azide) and coupling partner (phenylacetylene), thermal reaction modality, and liquid-phase packed-bed regime. No unsupported substitution is present.",delivered_final_outcome.parameters.reactor_type | delivered_final_outcome.chemistry_and_operations.chemistry_notes | delivered_final_outcome.streams[0].contents | delivered_final_outcome.parameters.temperature_C,"CuAAC cycloaddition | Cu/C packed-bed | benzyl azide + phenylacetylene → 1,4-disubstituted triazole | 150 °C thermal","CuAAC transformation, Cu/C heterogeneous catalyst, thermal packed-bed, correct substrate and product",None
N2-75DF0799,claude,anthropic,Qwen3.8-27B,qwen,One-shot,CuAAC,UO-02,APPLICABLE,4,False,NONE,HIGH,"All required reagents (benzyl azide, phenylacetylene), solvent (acetone), and catalyst (Cu/C in packed-bed cartridge) are present and correctly assigned. No unsafe or transformation-changing materials are introduced. No gas stream is invented.",delivered_final_outcome.streams[0].contents | delivered_final_outcome.streams[0].solvent | delivered_final_outcome.topology.reactor_type | delivered_final_outcome.chemistry_and_operations.pre_reactor_steps,"Benzyl azide, Phenylacetylene in Acetone | Cu/C packed-bed cartridge | No gas stream","All required components: benzyl azide, phenylacetylene, acetone solvent, Cu/C catalyst in packed bed",None
N2-75DF0799,claude,anthropic,Qwen3.8-27B,qwen,One-shot,CuAAC,UO-03,APPLICABLE,3,False,MINOR,HIGH,"The pre_reactor_steps correctly state both concentrations (0.25 M benzyl azide, 0.275 M phenylacetylene) matching the batch protocol. However, the stream object only lists concentration_M=0.25 and molar_equiv=1.0 without explicitly encoding phenylacetylene's concentration or equivalents in the structured parameters. This is a minor documentation inconsistency that does not affect execution since the pre_reactor_steps are clear.",delivered_final_outcome.streams[0].concentration_M | delivered_final_outcome.chemistry_and_operations.pre_reactor_steps[0] | delivered_final_outcome.streams[0].molar_equiv,benzyl azide 0.25 M | phenylacetylene 0.275 M stated in pre_reactor_steps | stream concentration_M=0.25 with molar_equiv=1.0 | no explicit equiv for phenylacetylene in stream object,"Benzyl azide 0.25 M (1.0 equiv), phenylacetylene 0.275 M (1.1 equiv) both explicitly stated in stream parameters","Add phenylacetylene concentration (0.275 M, 1.1 equiv) explicitly to the stream parameters object."
N2-75DF0799,claude,anthropic,Qwen3.8-27B,qwen,One-shot,CuAAC,UO-04,APPLICABLE,3,False,MINOR,HIGH,"Temperature (150 °C matching batch), pressure (20 bar to maintain liquid phase of acetone at 150 °C), residence time (3 min matching batch reaction time), and premixed feed addition order are all faithfully translated. The published flow reference uses 170 °C but the candidate's choice of 150 °C (batch temperature) is defensible as a conservative screen. Minor: the candidate does not explicitly note that acetone's boiling point (~56 °C) requires elevated pressure to remain liquid at 150 °C, though the 20 bar BPR implicitly addresses this.",delivered_final_outcome.parameters.temperature_C | delivered_final_outcome.parameters.BPR_bar | delivered_final_outcome.parameters.residence_time_min | delivered_final_outcome.chemistry_and_operations.pre_reactor_steps,temperature_C=150 | BPR_bar=20.0 | residence_time_min=3.0 | premixed single feed,"Temperature 150 °C (batch reference), pressure 20 bar to maintain liquid phase, residence time 3 min matching batch, premixed feed",Explicitly note that 20 bar is required to keep acetone in liquid phase at 150 °C (bp ~56 °C at 1 atm).
N2-75DF0799,claude,anthropic,Qwen3.8-27B,qwen,One-shot,CuAAC,UO-05,APPLICABLE,3,False,MINOR,HIGH,"The topology is executable: HPLC pump feeds premixed solution through Cu/C packed-bed cartridge, then through BPR to collection vessel behind blast shield. The stage ordering in the stages array lists reactor first, then pump, then BPR, which is a documentation ordering issue but the topology description and pre_reactor_steps make the correct physical order clear. This is a minor presentation defect.",delivered_final_outcome.stages | delivered_final_outcome.topology | delivered_final_outcome.chemistry_and_operations.post_reactor_steps,stages: pump → reactor → BPR | collection in vented amber vessel | no mixer listed (premixed feed),"Pump → reactor (Cu/C packed bed) → BPR → collection vessel, with safety shield",Reorder stages array to reflect physical flow order: pump → reactor → BPR.
N2-75DF0799,claude,anthropic,Qwen3.8-27B,qwen,One-shot,CuAAC,UO-06,APPLICABLE,4,False,NONE,HIGH,"At 0.1 mL/min: benzyl azide molar flow = 0.25 M × 0.1 mL/min = 0.025 mmol/min; phenylacetylene = 0.275 M × 0.1 mL/min = 0.0275 mmol/min, giving 1.1 equiv ratio. This is internally consistent. The verification sheet confirms volume-flow-time closure passes. The 2.0 mL batch volume at 0.1 mL/min gives 20 min total run time, which is reasonable for a screen.",delivered_final_outcome.parameters.flow_rate_mL_min | delivered_final_outcome.parameters.concentration_M | delivered_final_outcome.chemistry_and_operations.pre_reactor_steps[0] | deterministic_verification_sheet.top_level_volume_flow_time_closure,flow_rate=0.1 mL/min | benzyl azide 0.25 M → 0.025 mmol/min | phenylacetylene 0.275 M → 0.0275 mmol/min | ratio=1.1 equiv correct,Molar flows consistent with concentrations and flow rate; equivalents ratio 1.1 preserved,None
N2-75DF0799,claude,anthropic,Qwen3.8-27B,qwen,One-shot,CuAAC,UO-07,APPLICABLE,4,False,NONE,HIGH,"Reactor volume (0.3 mL), flow rate (0.1 mL/min), and residence time (3.0 min) are exactly consistent: 0.3/0.1 = 3.0. The verification sheet confirms 0% relative error. Cartridge geometry (60×4 mm ID) gives π×(2mm)²×60mm ≈ 754 mm³ ≈ 0.75 mL total volume; the 0.3 mL dead volume (measured) is the declared reactor volume and matches inventory. Closure is exact.",delivered_final_outcome.parameters.reactor_volume_mL | delivered_final_outcome.parameters.flow_rate_mL_min | delivered_final_outcome.parameters.residence_time_min | deterministic_verification_sheet.top_level_volume_flow_time_closure,V=0.3 mL | Q=0.1 mL/min | τ=3.0 min | V/Q=0.3/0.1=3.0 min | relative_error=0.0,"V/Q = τ: 0.3/0.1 = 3.0 min, exact closure",None
N2-75DF0799,claude,anthropic,Qwen3.8-27B,qwen,One-shot,CuAAC,UO-08,NOT_APPLICABLE,,False,NONE,HIGH,No gas reagent or gas-liquid process; criterion not applicable per case context.,,,Not applicable: gas_process=false,None
N2-75DF0799,claude,anthropic,Qwen3.8-27B,qwen,One-shot,CuAAC,UO-09,NOT_APPLICABLE,,False,NONE,HIGH,Single reactive stage design; criterion not applicable per case context.,,,Not applicable: multistage_process=false,None
N2-75DF0799,claude,anthropic,Qwen3.8-27B,qwen,One-shot,CuAAC,UO-10,APPLICABLE,4,False,NONE,HIGH,Every selected item exists in the authoritative inventory. Flow rate (0.1 mL/min) is at the pump minimum but within range. Temperature (150 °C) and pressure (20 bar) are within reactor limits. BPR setpoint (20 bar) matches the only available setpoint. Azide-service blast shield is correctly selected. No invented equipment.,delivered_final_outcome.stages | authoritative_inventory.pumps[0] | authoritative_inventory.reactors[0] | authoritative_inventory.pressure_controllers[0] | authoritative_inventory.collectors[0] | authoritative_inventory.safety_accessories[0],"pump_xcube_hplc: 0.1 mL/min (min=0.1, max=3.0) ✓ | reactor_cuc_cart_030: 150°C (max=200°C) ✓, 20 bar (max=40 bar) ✓ | bpr_xcube_20: 20 bar setpoint ✓ | collector_amber_100: vented ✓ | safety_cuaac_shield: azide-compatible ✓","All equipment from authoritative inventory, all operating points within declared limits",None
N2-75DF0799,claude,anthropic,Qwen3.8-27B,qwen,One-shot,CuAAC,UO-11,APPLICABLE,3,False,MINOR,HIGH,"At 20 bar gauge (21 bar absolute), acetone's boiling point is well above 150 °C, so the liquid phase is maintained. The design is physically plausible. Minor issue: pressure_absolute_bar is null and BPR_basis='gauge' is stated but not explicitly reconciled with the need to keep acetone liquid—the reasoning mentions 'maintain liquid phase' but does not quantify the margin. Flow rate of 0.1 mL/min through a 4 mm ID packed bed gives very low linear velocity, which is physically plausible for a packed bed. No transport impossibilities identified.",delivered_final_outcome.parameters.temperature_C | delivered_final_outcome.parameters.BPR_bar | delivered_final_outcome.parameters.BPR_basis | delivered_final_outcome.parameters.pressure_absolute_bar,temperature_C=150 | BPR_bar=20.0 | BPR_basis=gauge | pressure_absolute_bar=null,Acetone bp ~56 °C at 1 atm; at 20 bar gauge (21 bar absolute) acetone remains liquid well above 150 °C; pressure basis should be clarified,Report absolute pressure explicitly and confirm acetone remains subcritical/liquid at operating conditions.
N2-75DF0799,claude,anthropic,Qwen3.8-27B,qwen,One-shot,CuAAC,UO-12,APPLICABLE,3,False,MINOR,HIGH,"The azide hazard is recognized and the correct safety accessory (azide-service blast shield) is specified. Pressure and temperature hazards are noted. However, the safety controls lack specificity: no mention of leak testing before startup, no emergency shutdown procedure for azide release, no mention of the energetic nature of benzyl azide at elevated temperature (thermal decomposition risk), and no mention of keeping azide quantities minimal. These are minor gaps that do not constitute a missing major hazard but reduce completeness.",delivered_final_outcome.safety_controls | delivered_final_outcome.chemistry_and_operations.post_reactor_steps | delivered_final_outcome.disposition_rationale,Azide safety: blast shield and secondary containment | High temperature: 150°C rated components | Pressure: 20 bar maintained | Vented collection vessel,"Azide hazard (shock/thermal sensitivity), pressure hazard, high-temperature solvent hazard, emergency shutdown procedure, leak testing all addressed","Add explicit leak test protocol, emergency shutdown/depressurization procedure, note on thermal decomposition risk of benzyl azide at 150°C, and minimum quantity guidance."
N2-75DF0799,claude,anthropic,Qwen3.8-27B,qwen,One-shot,CuAAC,UO-13,APPLICABLE,3,False,MINOR,HIGH,"Feed preparation, priming (acetone purge), startup sequence, collection, and basic work-up are described. However, several elements are missing or underspecified: no leak test before pressurization, no steady-state qualification criterion (e.g., collect after N column volumes), no normal shutdown procedure (how to depressurize safely), no emergency shutdown steps, and no waste handling for azide-containing waste streams. These are minor gaps for a screen-level design but collectively represent a minor deficiency.",delivered_final_outcome.chemistry_and_operations.pre_reactor_steps | delivered_final_outcome.chemistry_and_operations.post_reactor_steps | delivered_final_outcome.parameters,"pre_reactor_steps: feed prep, load, purge with acetone, start at 0.1 mL/min, heat to 150°C | post_reactor_steps: collect, concentrate, chromatography | no steady-state qualification criterion | no leak test step | no shutdown procedure","Feed preparation, leak test, priming, startup, steady-state qualification, collection, shutdown, depressurization, work-up all described","Add leak test step, steady-state qualification criterion (e.g., collect after 2-3 residence times), shutdown/depressurization procedure, and azide waste disposal guidance."
N2-75DF0799,claude,anthropic,Qwen3.8-27B,qwen,One-shot,CuAAC,UO-14,APPLICABLE,4,False,NONE,HIGH,"The candidate correctly reports SCREEN disposition with well-reasoned justification (microwave-to-flow translation uncertainty, azide safety validation). Confidence is honestly reported as Medium. engine_validated=false is correctly stated. No performance guarantees are made. Literature analogies are appropriately cited as analogies, not proof. The reasoning is proportionate and honest. No invented evidence detected.",delivered_final_outcome.reported_disposition | delivered_final_outcome.disposition_rationale | delivered_final_outcome.evidence_and_reasoning.reasoning_per_field.confidence | delivered_final_outcome.parameters.engine_validated,disposition=SCREEN | confidence=Medium | engine_validated=false | rationale cites microwave-to-flow translation uncertainty and azide safety validation need,"SCREEN disposition with honest uncertainty acknowledgment, no invented evidence, no unsupported performance guarantees",None
N2-9273F68E,claude,anthropic,Qwen3.8-27B,qwen,One-shot,CuAAC,UO-01,APPLICABLE,4,False,NONE,HIGH,"The transformation, substrate, product, catalyst strategy, reaction modality (thermal packed-bed), and phase regime are all faithfully preserved from the batch protocol. No unsupported substitutions are made.",delivered_final_outcome.chemistry_and_operations.chemistry_notes | delivered_final_outcome.parameters.reactor_type | delivered_final_outcome.parameters.temperature_C,"CuAAC transformation preserved | Cu/C packed-bed catalyst strategy preserved | Benzyl azide + phenylacetylene → 1,4-disubstituted triazole | Thermal reaction, no photochemistry | Liquid phase, acetone solvent","CuAAC with Cu/C catalyst, benzyl azide substrate, phenylacetylene coupling partner, acetone solvent, thermal packed-bed flow",None
N2-9273F68E,claude,anthropic,Qwen3.8-27B,qwen,One-shot,CuAAC,UO-02,APPLICABLE,4,False,NONE,HIGH,All required reagents are present. The Cu/C catalyst is correctly assigned to the packed-bed cartridge. Benzyl azide and phenylacetylene are in the premixed feed. Acetone is the solvent. No unsafe or transformation-changing materials are introduced.,delivered_final_outcome.streams[0].contents | delivered_final_outcome.parameters.concentration_M | delivered_final_outcome.chemistry_and_operations.pre_reactor_steps,Benzyl azide 0.50 mmol | Phenylacetylene 0.55 mmol | Acetone solvent | Cu/C catalyst in packed bed,"All required components: benzyl azide, phenylacetylene, acetone, Cu/C catalyst present and correctly assigned",None
N2-9273F68E,claude,anthropic,Qwen3.8-27B,qwen,One-shot,CuAAC,UO-03,APPLICABLE,3,False,MINOR,HIGH,"The feed preparation step correctly states 0.50 mmol benzyl azide and 0.55 mmol phenylacetylene (1.1 equiv) in 2.0 mL acetone at 0.25 M. However, the stream JSON lists molar_equiv as 1.0 with an empty basis and concentration_basis is blank, creating a minor inconsistency between the narrative and the structured data. Phenylacetylene concentration (~0.275 M) is not explicitly stated in the parameters. These are minor documentation defects that do not prevent execution.",delivered_final_outcome.parameters.concentration_M | delivered_final_outcome.streams[0].molar_equiv | delivered_final_outcome.streams[0].concentration_basis | delivered_final_outcome.chemistry_and_operations.pre_reactor_steps[0],"Benzyl azide concentration 0.25 M | Benzyl azide 0.50 mmol, phenylacetylene 0.55 mmol (1.1 equiv) stated in pre_reactor_steps | Stream molar_equiv listed as 1.0 with empty basis | concentration_basis is empty string",Explicit statement of both reactant concentrations and equivalents in the stream definition; molar_equiv should reflect 1.1 equiv phenylacetylene relative to azide,Update stream molar_equiv to 1.1 and populate concentration_basis; explicitly state phenylacetylene concentration (~0.275 M) in parameters.
N2-9273F68E,claude,anthropic,Qwen3.8-27B,qwen,One-shot,CuAAC,UO-04,APPLICABLE,3,False,MINOR,HIGH,"Temperature and pressure are correctly set and justified. The BPR at 20 bar is appropriate to keep acetone liquid at 150 °C (vapor pressure ~7-8 bar at 150 °C, so 20 bar provides adequate margin). The published reference uses 170 °C; the candidate uses 150 °C matching the batch, which is a defensible conservative choice. Minor: BPR_basis is stated as 'gauge' in parameters but the reasoning discusses absolute pressure requirements — this ambiguity is minor since 20 bar gauge would be excessive but the inventory BPR is fixed at 20 bar setpoint, so the practical effect is the same.",delivered_final_outcome.parameters.temperature_C | delivered_final_outcome.parameters.BPR_bar | delivered_final_outcome.stages[0].temperature_C | delivered_final_outcome.evidence_and_reasoning.reasoning_per_field.BPR_bar,"Temperature 150 °C (matches batch) | Pressure 20 bar (correctly justified to keep acetone liquid above its bp of 56 °C) | Single stage, no atmosphere change needed | Addition order: premixed feed","Temperature 150 °C, pressure sufficient to maintain liquid phase, single packed-bed stage, premixed feed addition",Clarify whether 20 bar is gauge or absolute; given the fixed BPR setpoint this is minor.
N2-9273F68E,claude,anthropic,Qwen3.8-27B,qwen,One-shot,CuAAC,UO-05,APPLICABLE,3,False,MINOR,HIGH,"The topology is correct and executable: HPLC pump feeds premixed solution through the Cu/C CatCart, then through the BPR to the collection vessel inside the safety shield. The stages array lists reactor before pump which is a minor ordering inconsistency in the JSON (stages[0]=reactor, stages[1]=pump) but the narrative pre_reactor_steps correctly describes pump→reactor→BPR→collector. No required unit operation is absent.",delivered_final_outcome.stages | delivered_final_outcome.chemistry_and_operations.pre_reactor_steps | delivered_final_outcome.topology,Stages: pump → reactor → BPR | Pre-reactor steps describe connection order | Collection vessel downstream of BPR | Safety shield specified,"Pump → mixer (premixed, so implicit) → reactor → BPR → collection vessel, all connected in executable order",Reorder stages array to reflect physical flow: pump → reactor → BPR → collector.
N2-9273F68E,claude,anthropic,Qwen3.8-27B,qwen,One-shot,CuAAC,UO-06,APPLICABLE,4,False,NONE,HIGH,"The liquid material balance is internally consistent. At 0.1 mL/min and 0.25 M benzyl azide, the molar flow is 0.025 mmol/min. Phenylacetylene at 1.1 equiv would be 0.0275 mmol/min, consistent with the stated 0.55 mmol in 2.0 mL (0.275 M). The deterministic verification sheet confirms volume-flow-time closure passes. The total feed volume of 2.0 mL at 0.1 mL/min gives 20 min of operation, which is reasonable for a screen.",delivered_final_outcome.parameters.flow_rate_mL_min | delivered_final_outcome.parameters.concentration_M | delivered_final_outcome.chemistry_and_operations.pre_reactor_steps[0] | deterministic_verification_sheet.top_level_volume_flow_time_closure,Flow rate 0.1 mL/min | Concentration 0.25 M benzyl azide | Feed volume 2.0 mL | Molar flow benzyl azide: 0.1 mL/min × 0.25 mmol/mL = 0.025 mmol/min | Phenylacetylene: 0.55/0.50 × 0.025 = 0.0275 mmol/min (1.1 equiv),"Consistent molar flows, concentrations, and flow rates reproducing correct stoichiometry",None
N2-9273F68E,claude,anthropic,Qwen3.8-27B,qwen,One-shot,CuAAC,UO-07,APPLICABLE,4,False,NONE,HIGH,"Reactor volume, flow rate, and residence time are mathematically consistent with zero relative error. The geometry matches the declared inventory cartridge (60×4 mm ID, 0.3 mL). The plug-flow basis is appropriate for a packed bed. Closure is exact.",delivered_final_outcome.parameters.reactor_volume_mL | delivered_final_outcome.parameters.flow_rate_mL_min | delivered_final_outcome.parameters.residence_time_min | deterministic_verification_sheet.top_level_volume_flow_time_closure,"Reactor volume 0.3 mL | Flow rate 0.1 mL/min | Residence time 3.0 min | 0.3 mL / 0.1 mL/min = 3.0 min | Verification sheet: relative_error 0.0, passes_10_percent true","V/Q = τ: 0.3/0.1 = 3.0 min, exact closure",None
N2-9273F68E,claude,anthropic,Qwen3.8-27B,qwen,One-shot,CuAAC,UO-08,NOT_APPLICABLE,,False,NONE,HIGH,No gas reagent or gas-liquid process is involved. The case_context confirms gas_process=false.,,,Not applicable — gas_process=false,None
N2-9273F68E,claude,anthropic,Qwen3.8-27B,qwen,One-shot,CuAAC,UO-09,NOT_APPLICABLE,,False,NONE,HIGH,Single reactive stage design. The case_context confirms multistage_process=false.,,,Not applicable — multistage_process=false,None
N2-9273F68E,claude,anthropic,Qwen3.8-27B,qwen,One-shot,CuAAC,UO-10,APPLICABLE,4,False,NONE,HIGH,"Every selected equipment item exists in the authoritative inventory. The pump operates at its minimum flow rate (0.1 mL/min), which is at the boundary but within spec. Temperature (150 °C) and pressure (20 bar) are within reactor limits. The BPR fixed setpoint of 20 bar is correctly used. The safety shield is correctly specified for azide service. No invented equipment.",delivered_final_outcome.stages | delivered_final_outcome.parameters | authoritative_inventory,"pump_xcube_hplc: 0.1 mL/min (within 0.1–3.0 range) | reactor_cuc_cart_030: 150 °C (within 20–200 °C), 20 bar (within 0–40 bar) | bpr_xcube_20: 20 bar (fixed setpoint matches) | collector_amber_100: vented, 100 mL | safety_cuaac_shield: azide-compatible | tubing_xcube_ss_4mm: 4 mm ID, SS, matches connector","All equipment from authoritative inventory, operating within declared limits",None
N2-9273F68E,claude,anthropic,Qwen3.8-27B,qwen,One-shot,CuAAC,UO-11,APPLICABLE,3,False,MINOR,HIGH,"The pressure justification for keeping acetone liquid at 150 °C is correct and physically sound (acetone vapor pressure at 150 °C is approximately 7-8 bar, so 20 bar provides adequate margin). Single liquid phase is maintained. However, heat_transfer_metrics and multiphase_metrics are empty, and there is no discussion of pressure drop across the packed bed or potential for channeling. These are minor omissions for a screening design but do not make the design physically implausible.",delivered_final_outcome.parameters.temperature_C | delivered_final_outcome.parameters.BPR_bar | delivered_final_outcome.evidence_and_reasoning.reasoning_per_field.BPR_bar | delivered_final_outcome.parameters.heat_transfer_metrics | delivered_final_outcome.parameters.multiphase_metrics,"Temperature 150 °C, acetone bp 56 °C at 1 atm | 20 bar pressure to maintain liquid phase | heat_transfer_metrics: empty dict | multiphase_metrics: empty dict | No discussion of pressure drop across packed bed",Plausible phase behavior with pressure justification; acknowledgment of packed-bed pressure drop and heat transfer,Add brief discussion of packed-bed pressure drop estimate and heat transfer adequacy.
N2-9273F68E,claude,anthropic,Qwen3.8-27B,qwen,One-shot,CuAAC,UO-12,APPLICABLE,3,False,MINOR,HIGH,"The safety hazards are correctly identified in the reasoning (azide energetics, high temperature/pressure, acetone flammability) and the blast shield is specified in the topology. However, the safety_controls field is an empty list, meaning the structured safety controls are not formally populated. The narrative mentions controls but they are not in the designated field. This is a minor documentation defect — the controls exist in the reasoning but are not in the structured output field. No major hazard is omitted.",delivered_final_outcome.safety_controls | delivered_final_outcome.evidence_and_reasoning.reasoning_per_field.safety_flags | delivered_final_outcome.chemistry_and_operations.pre_reactor_steps[4],"safety_controls: empty list [] | Safety flags in reasoning: azide blast shield, high T/P monitoring, acetone flammability | Blast shield specified in pre_reactor_steps | BPR and reactor integrity monitoring mentioned","Populated safety_controls list with concrete controls for azide energetics, high pressure, flammable solvent, and thermal hazards","Populate safety_controls list with concrete entries for: azide blast shield use, BPR pressure relief monitoring, acetone flammability controls (ventilation, grounding), emergency shutdown procedure."
N2-9273F68E,claude,anthropic,Qwen3.8-27B,qwen,One-shot,CuAAC,UO-13,APPLICABLE,3,False,MINOR,HIGH,"The procedure covers feed preparation and basic connection steps, collection, and a general workup. However, several required procedural elements are missing: no leak test before heating, no priming/purging of the system, no steady-state qualification criterion (e.g., collect after 1 reactor volume), no normal or emergency shutdown procedure, and workup is vague ('standard extraction'). These are collectively a minor-to-moderate gap for a screening design but do not create an immediate execution hazard given the SCREEN disposition.",delivered_final_outcome.chemistry_and_operations.pre_reactor_steps | delivered_final_outcome.chemistry_and_operations.post_reactor_steps | delivered_final_outcome.chemistry_and_operations.chemistry_notes,"Pre-reactor steps: feed prep, loading, connection, BPR setting, safety shield placement | Post-reactor steps: collect, optional quench, standard extraction | No explicit leak test step | No priming/purge step | No steady-state qualification criterion | No normal shutdown procedure | No emergency shutdown procedure | Workup described as 'standard extraction and purification' without specifics","Feed preparation, leak test, priming, startup, steady-state qualification, collection, shutdown, workup, and waste handling all described","Add: (1) leak test at ambient T before heating, (2) priming with pure acetone, (3) steady-state qualification (discard first ~1 mL), (4) normal shutdown (flush with solvent), (5) emergency shutdown (stop pump, vent BPR), (6) specific workup steps."
N2-9273F68E,claude,anthropic,Qwen3.8-27B,qwen,One-shot,CuAAC,UO-14,APPLICABLE,4,False,NONE,HIGH,"The SCREEN disposition is appropriate and well-justified. The candidate correctly identifies that batch microwave to flow translation requires validation. Confidence is honestly reported as LOW. No performance guarantees are made. No invented evidence or unsupported claims. The reasoning is transparent about assumptions (plug-flow, matched batch temperature). The evidence_calibration dict is empty but this is a minor omission given the overall honest calibration in the narrative.",delivered_final_outcome.reported_disposition | delivered_final_outcome.disposition_rationale | delivered_final_outcome.parameters.confidence | delivered_final_outcome.evidence_and_reasoning.reasoning_per_field.confidence,Disposition: SCREEN | Confidence: LOW in parameters | Rationale: requires experimental validation of thermal profile and mass transfer | Acknowledges batch-to-flow translation uncertainty | No invented evidence | No unsupported performance guarantees,"Honest SCREEN disposition with calibrated uncertainty, no invented evidence, no unresolved critical defects ignored",None material; optionally populate evidence_calibration with literature references.
N2-D18E933B,claude,anthropic,Qwen3.8-27B,qwen,FlowPilot,CuAAC,UO-01,APPLICABLE,4,False,NONE,HIGH,"The design correctly identifies the CuAAC transformation, preserves benzyl azide as substrate and phenylacetylene as coupling partner, uses Cu/C packed-bed catalyst strategy, acetone solvent, and liquid-phase flow regime. Temperature of 150 C is consistent with the batch reference (150 C) and within range of the published flow reference (170 C). No unsupported substitution detected.",delivered_final_outcome.chemistry_and_operations.chemistry_identity.reaction_class | delivered_final_outcome.chemistry_and_operations.chemistry_identity.protocol_transformation_family | delivered_final_outcome.parameters.temperature_C | delivered_final_outcome.topology.unit_operations[1].parameters.reactor_type,reaction_class: cuaac | catalyst: Cu/C packed-bed cartridge | substrate: benzyl azide | coupling partner: phenylacetylene | solvent: acetone | temperature: 150 C | reactor_type: packed-bed,CuAAC transformation of benzyl azide + phenylacetylene using Cu/C catalyst in acetone; packed-bed flow reactor; liquid phase,None
N2-D18E933B,claude,anthropic,Qwen3.8-27B,qwen,FlowPilot,CuAAC,UO-02,APPLICABLE,4,False,NONE,HIGH,"All required reagents are present and correctly assigned. Benzyl azide at 0.25 M (1.0 equiv), phenylacetylene at 0.275 M (1.1 equiv) matching the protocol's 1.1 equiv ratio, acetone as solvent, and Cu/C as the heterogeneous catalyst in the packed-bed cartridge. No unsafe or transformation-changing materials introduced.",delivered_final_outcome.chemistry_and_operations.stream_components | delivered_final_outcome.topology.unit_operations[1].inventory_item_id | delivered_final_outcome.streams[0].solvent,"benzyl azide (0.25 M, 1.0 equiv) | phenylacetylene (0.275 M, 1.1 equiv) | solvent: acetone | catalyst: reactor_cuc_cart_030 (Cu/C CatCart)","All required components present: benzyl azide (substrate), phenylacetylene (alkyne coupling partner), Cu/C catalyst (packed bed), acetone solvent",None
N2-D18E933B,claude,anthropic,Qwen3.8-27B,qwen,FlowPilot,CuAAC,UO-03,APPLICABLE,4,False,NONE,HIGH,"Concentrations and equivalents are explicit and coherent. The 0.25 M benzyl azide and 0.275 M phenylacetylene give a 1:1.1 molar ratio matching the protocol. The premixed single-stream approach is compatible with the Cu/C heterogeneous catalyst strategy. Feed preparation instruction specifies 10 mL basis with 2.5 mmol azide and 2.75 mmol alkyne, consistent with stated concentrations. No incompatibility issues with premixing azide and alkyne in acetone before the Cu catalyst bed.",delivered_final_outcome.chemistry_and_operations.stream_components | delivered_final_outcome.chemistry_and_operations.operating_procedure[0].instruction | delivered_final_outcome.streams[0],"benzyl azide: 0.25 M, 1.0 equiv | phenylacetylene: 0.275 M, 1.1 equiv | premixed single stream in acetone | 10 mL batch preparation basis stated","Benzyl azide 0.25 M (1.0 equiv), phenylacetylene 0.275 M (1.1 equiv) in acetone; ratio 1:1.1 consistent with protocol",None
N2-D18E933B,claude,anthropic,Qwen3.8-27B,qwen,FlowPilot,CuAAC,UO-04,APPLICABLE,3,False,MINOR,HIGH,"Temperature (150 C) is the batch reference temperature and is within the reactor's operating range. Pressure (20 bar) matches the published flow reference exactly. Residence time of 0.5 min is conservative relative to the published flow reference of 0.2 min catalyst contact time. The design correctly translates the single-stage chemistry. Minor note: the published flow reference uses 170 C for optimized flow conditions, but 150 C is a defensible conservative starting point for a first screen. No chemistry-critical operations are omitted.",delivered_final_outcome.parameters.temperature_C | delivered_final_outcome.parameters.BPR_bar | delivered_final_outcome.parameters.residence_time_min | delivered_final_outcome.topology.unit_operations[1].parameters.temperature_C,"temperature: 150 C | pressure: 20 bar | residence time: 0.5 min | single stage, no interstage operations",Temperature 150 C (batch reference) or 170 C (published flow); pressure 20 bar; residence time sufficient for conversion; single reactive stage appropriate,Consider noting that 150 C may give lower conversion than the optimized 170 C flow condition; this is acceptable for a first screen but should be flagged for optimization.
N2-D18E933B,claude,anthropic,Qwen3.8-27B,qwen,FlowPilot,CuAAC,UO-05,APPLICABLE,4,False,NONE,HIGH,"The topology is correct and executable: single HPLC pump delivers premixed feed to the Cu/C packed-bed cartridge, outlet passes through the BPR to maintain pressure, then to the collection vessel. All connections are in the correct order. No required unit operations are absent. The topology can physically execute the proposed chemistry.",delivered_final_outcome.topology.streams | delivered_final_outcome.topology.unit_operations | delivered_final_outcome.topology.pid_description,"Pump A -> reactor_cuc_cart_030 -> bpr_xcube_20 -> collector_amber_100 | single liquid feed, packed-bed reactor, BPR, collection vessel",Pump -> packed-bed reactor (Cu/C) -> BPR -> collection; correct executable order for single-feed flow chemistry,None
N2-D18E933B,claude,anthropic,Qwen3.8-27B,qwen,FlowPilot,CuAAC,UO-06,APPLICABLE,4,False,NONE,HIGH,"The liquid material balance is internally consistent. At Q=0.6 mL/min with [benzyl azide]=0.25 M, the molar flow is 0.15 mmol/min. Phenylacetylene at 0.275 M gives 0.165 mmol/min, ratio 1.1:1 as required. The deterministic verification sheet confirms volume-flow-time closure with 0% relative error. The feed preparation (2.5 mmol in 10 mL = 0.25 M; 2.75 mmol in 10 mL = 0.275 M) is consistent.",delivered_final_outcome.parameters.flow_rate_mL_min | delivered_final_outcome.streams[0].concentration_M | delivered_final_outcome.streams[0].flow_rate_mL_min | delivered_final_outcome.deterministic_verification_sheet.top_level_volume_flow_time_closure,Q = 0.6 mL/min | [benzyl azide] = 0.25 M | molar flow benzyl azide = 0.6 * 0.25 = 0.15 mmol/min | [phenylacetylene] = 0.275 M | molar flow phenylacetylene = 0.6 * 0.275 = 0.165 mmol/min | ratio = 0.165/0.15 = 1.1 equiv,Molar flows consistent with stated concentrations and equivalents; single stream at 0.6 mL/min; stoichiometric ratio 1:1.1 preserved,None
N2-D18E933B,claude,anthropic,Qwen3.8-27B,qwen,FlowPilot,CuAAC,UO-07,APPLICABLE,4,False,NONE,HIGH,"Residence time closure is exact: 0.3 mL / 0.6 mL/min = 0.5 min, matching the reported residence_time_min of 0.5 min. The deterministic verification sheet confirms passes_10_percent=true with relative_error=0.0. Reactor geometry (60x4mm ID, 0.3 mL) matches inventory item reactor_cuc_cart_030. The basis is clearly stated as nominal empty-bed liquid space time.",delivered_final_outcome.parameters.reactor_volume_mL | delivered_final_outcome.parameters.flow_rate_mL_min | delivered_final_outcome.parameters.residence_time_min | delivered_final_outcome.deterministic_verification_sheet.top_level_volume_flow_time_closure,V_R = 0.3 mL | Q = 0.6 mL/min | tau = 0.3/0.6 = 0.5 min | reported residence_time_min = 0.5 | relative_error = 0.0,tau = V_R/Q = 0.3/0.6 = 0.5 min; matches reported value exactly,None
N2-D18E933B,claude,anthropic,Qwen3.8-27B,qwen,FlowPilot,CuAAC,UO-08,NOT_APPLICABLE,,False,NONE,HIGH,The case context explicitly states gas_process=false. No gas streams are present in the design. Criterion is not applicable.,case_context.applicability.gas_process,gas_process: false,Not applicable; no gas reagent or gas-liquid process,None
N2-D18E933B,claude,anthropic,Qwen3.8-27B,qwen,FlowPilot,CuAAC,UO-09,NOT_APPLICABLE,,False,NONE,HIGH,The case context explicitly states multistage_process=false. The design uses a single packed-bed reactor stage. Criterion is not applicable.,case_context.applicability.multistage_process,multistage_process: false,Not applicable; single reactive stage,None
N2-D18E933B,claude,anthropic,Qwen3.8-27B,qwen,FlowPilot,CuAAC,UO-10,APPLICABLE,4,False,NONE,HIGH,Every equipment item is drawn from the authoritative inventory. Flow rate 0.6 mL/min is within pump limits (0.1-3.0 mL/min). Temperature 150 C is within reactor and heater limits (20-200 C). Pressure 20 bar is within all component limits. The BPR setpoint of 20 bar matches the only available BPR setpoint. The collector volume (100 mL) is adequate for the flow rate and collection duration. The azide shield is correctly assigned. No invented equipment.,delivered_final_outcome.topology.instrument_manifest | delivered_final_outcome.topology.unit_operations,"pump_xcube_hplc: Q=0.6 mL/min (limit 0.1-3.0 mL/min, max 40 bar) | reactor_cuc_cart_030: T=150 C (limit 20-200 C), P=20 bar (limit 0-40 bar), V=0.3 mL, ID=4mm | heater_xcube: T=150 C (limit 20-200 C) | bpr_xcube_20: P=20 bar (setpoint 20 bar) | collector_amber_100: vented, 100 mL | safety_cuaac_shield: assigned",All equipment within declared limits; all items from authoritative inventory; no invented hardware,None
N2-D18E933B,claude,anthropic,Qwen3.8-27B,qwen,FlowPilot,CuAAC,UO-11,APPLICABLE,3,False,MINOR,HIGH,"Acetone's vapor pressure at 150 C is approximately 8-10 bar, so 20 bar backpressure is sufficient to maintain liquid phase. The design correctly uses the BPR to suppress boiling. Phase behavior is physically plausible. Minor note: the design does not explicitly state the vapor pressure calculation or confirm liquid-phase maintenance, but the 20 bar BPR is a standard and sufficient control. The packed-bed flow through Cu/C is physically reasonable for this liquid-phase system.",delivered_final_outcome.parameters.temperature_C | delivered_final_outcome.parameters.BPR_bar | delivered_final_outcome.parameters.pressure_absolute_bar | delivered_final_outcome.streams[0].phase,"T=150 C, P=20 bar (gauge), P_abs=21.01 bar | acetone boiling point ~56 C at 1 atm | acetone vapor pressure at 150 C >> 1 atm | liquid phase maintained by 20 bar backpressure","20 bar backpressure sufficient to maintain acetone in liquid phase at 150 C (acetone critical point ~235 C, 47 bar); liquid phase plausible",Consider explicitly documenting that 20 bar backpressure suppresses acetone boiling at 150 C as a design rationale.
N2-D18E933B,claude,anthropic,Qwen3.8-27B,qwen,FlowPilot,CuAAC,UO-12,APPLICABLE,4,False,NONE,HIGH,"The safety controls are comprehensive and concrete. Azide-specific controls address holdup minimization, blockage response, metal compatibility, and blast shielding with the inventory-assigned safety_cuaac_shield. Pressure controls address leak testing, overpressure response, and controlled depressurization. General controls cover PPE, emergency stop, and waste. All major hazards for this chemistry are recognized and converted into concrete controls. The safety_controls.complete=true and missing_control_ids=[] are consistent with the observed controls.",delivered_final_outcome.safety_controls | delivered_final_outcome.chemistry_and_operations.operating_procedure,"hazards identified: energetic_azide, pressurized_operation | controls: AZIDE-HOLDUP-LIMIT, AZIDE-BLOCKAGE-RESPONSE, AZIDE-METAL-COMPATIBILITY, AZIDE-SHIELD-CONTAINMENT | pressure controls: PRESSURE-LEAK-TEST, PRESSURE-OVERPRESSURE-RESPONSE, PRESSURE-DEPRESSURIZE | general: PPE, emergency stop, waste segregation | safety_cuaac_shield assigned and referenced in procedure","Azide energetic hazard, pressurized operation hazard, metal-azide compatibility, blast shielding, overpressure response, depressurization procedure all required and present",None
N2-D18E933B,claude,anthropic,Qwen3.8-27B,qwen,FlowPilot,CuAAC,UO-13,APPLICABLE,4,False,NONE,HIGH,"The operating procedure is comprehensive and reproducible. Feed preparation specifies concentrations and volumes. Assembly verification, priming, and pressure testing are included. Startup specifies canonical setpoints. Steady-state qualification requires 3 residence times (1.5 min) before collection. Collection specifies minimum duration. Normal and emergency shutdown procedures are present. Waste handling is addressed. The experiment can be reconstructed from the delivered instructions.",delivered_final_outcome.chemistry_and_operations.operating_procedure,"PREP-A: feed preparation with concentrations and volumes | SETUP-VERIFY: assembly verification | SETUP-PRIME: priming procedure | PRESSURE-LEAK-TEST: pressure test at 20 bar | START-FEEDS: startup at canonical setpoints | STEADY-STATE: 3 residence times before collection (1.5 min) | COLLECT-PRODUCT: collection for >=0.5 min | COLLECT-ANALYZE-WORKUP: crude collection and analysis | NORMAL-SHUTDOWN: flush, cool, isolate | Emergency procedures: GENERAL-EMERGENCY-STOP, PRESSURE-OVERPRESSURE-RESPONSE, PRESSURE-DEPRESSURIZE, AZIDE-BLOCKAGE-RESPONSE","Complete procedure covering preparation, assembly, priming, pressure test, startup, steady-state qualification, collection, shutdown, emergency response, and waste handling",None
N2-D18E933B,claude,anthropic,Qwen3.8-27B,qwen,FlowPilot,CuAAC,UO-14,APPLICABLE,4,False,NONE,HIGH,"The design honestly reports LOW confidence, appropriate for a first flow screen without wet-lab validation. The SCREEN disposition is correct given the conservative nature of the design. Three validation experiments are specified to verify hydraulic stability, residence time distribution, and first chemistry screen. The reasoning_per_field documents the basis for each parameter choice. No invented evidence or unsupported performance guarantees are present. The disposition rationale correctly notes no deterministic hard-feasibility conflict was found.",delivered_final_outcome.evidence_and_reasoning.confidence | delivered_final_outcome.reported_disposition | delivered_final_outcome.disposition_rationale | delivered_final_outcome.evidence_and_reasoning.validation_experiments,"confidence: LOW | disposition: SCREEN | validation experiments specified: VAL-HYDRAULIC-BASELINE, VAL-RTD, VAL-FIRST-SCREEN | reasoning_per_field documents basis for each parameter | no invented evidence or unsupported performance guarantees","Honest representation of confidence, SCREEN disposition appropriate for first flow translation, validation experiments specified, no unsupported guarantees",None
N2-A8838A72,claude,anthropic,Qwen3.8-27B,qwen,FlowPilot,CuAAC,UO-01,APPLICABLE,4,False,NONE,HIGH,"The design faithfully preserves the CuAAC transformation, correct substrate and coupling partner, Cu/C catalyst strategy, acetone solvent, packed-bed flow modality, and a defensible temperature (150 C, matching batch reference; published flow uses 170 C but 150 C is a conservative first screen, explicitly stated). No unsupported substitution detected.",delivered_final_outcome.chemistry_and_operations.chemistry_identity.reaction_class | delivered_final_outcome.chemistry_and_operations.chemistry_identity.protocol_transformation_family | delivered_final_outcome.parameters.temperature_C | delivered_final_outcome.streams[0].solvent,reaction_class: cuaac | substrate: benzyl azide | coupling_partner: phenylacetylene | catalyst: Cu/C packed-bed | solvent: acetone | temperature: 150 C | modality: continuous packed-bed flow,"CuAAC transformation of benzyl azide + phenylacetylene over Cu/C catalyst in acetone, translated to continuous flow packed-bed; temperature conservatively at or near 150 C batch reference is acceptable for a first screen.",None.
N2-A8838A72,claude,anthropic,Qwen3.8-27B,qwen,FlowPilot,CuAAC,UO-02,APPLICABLE,4,False,NONE,HIGH,"All required reagents are present and correctly assigned. The Cu/C catalyst is the packed-bed cartridge (heterogeneous, correct). Acetone is the solvent. No unsafe or transformation-changing materials introduced.",delivered_final_outcome.chemistry_and_operations.stream_components | delivered_final_outcome.streams[0].contents | delivered_final_outcome.topology.unit_operations[1].parameters.inventory_item_id,benzyl azide 0.25 M 1.0 equiv in stream A | phenylacetylene 0.275 M 1.1 equiv in stream A | Cu/C catalyst: reactor_cuc_cart_030 | solvent: acetone,"All required components present: azide substrate, alkyne coupling partner, Cu/C heterogeneous catalyst (packed bed), acetone solvent. No extraneous reactive materials introduced.",None.
N2-A8838A72,claude,anthropic,Qwen3.8-27B,qwen,FlowPilot,CuAAC,UO-03,APPLICABLE,4,False,NONE,HIGH,"Concentrations and equivalents match the batch protocol (0.25 M azide, 1.1 equiv alkyne). Feed preparation arithmetic is internally consistent. No incompatibility: premixed azide+alkyne in acetone with heterogeneous Cu/C is the intended chemistry. No homogeneous Cu salt that could form copper azide precipitate is present.",delivered_final_outcome.chemistry_and_operations.stream_components[0] | delivered_final_outcome.chemistry_and_operations.stream_components[1] | delivered_final_outcome.streams[0].flow_rate_mL_min | delivered_final_outcome.chemistry_and_operations.operating_procedure[0].instruction,"benzyl azide: 0.25 M, 1.0 equiv | phenylacetylene: 0.275 M, 1.1 equiv | flow rate: 0.3 mL/min | feed prep: 10 mL batch, benzyl azide 2.5 mmol, phenylacetylene 2.75 mmol","Benzyl azide 0.25 M (1.0 equiv), phenylacetylene 0.275 M (1.1 equiv) in acetone; ratio 1:1.1 consistent with protocol. Feed preparation arithmetic: 0.25 M x 10 mL = 2.5 mmol azide; 0.275 M x 10 mL = 2.75 mmol alkyne. Both correct.",None.
N2-A8838A72,claude,anthropic,Qwen3.8-27B,qwen,FlowPilot,CuAAC,UO-04,APPLICABLE,3,False,MINOR,HIGH,"All critical conditions are translated: temperature (150 C, explicitly conservative vs. 170 C optimized flow), pressure (20 bar BPR), packed-bed catalyst contact, single liquid phase. The 150 C choice is lower than the published optimized flow temperature but is a stated conservative screen and matches the batch reference — this is a minor deviation with a defensible basis, not a material defect. No stage boundary issues (single stage).",delivered_final_outcome.parameters.temperature_C | delivered_final_outcome.parameters.BPR_bar | delivered_final_outcome.evidence_and_reasoning.reasoning_per_field.temperature_C,temperature: 150 C (batch reference) | published flow reference: 170 C | BPR: 20 bar | pressure basis: gauge,"Temperature 150 C is a defensible conservative first-screen choice (batch reference); published flow optimum is 170 C. Pressure 20 bar is correct. All chemistry-critical conditions (temperature, pressure, catalyst contact) are mapped. The design explicitly notes 150 C is conservative.",Consider noting that 170 C may be needed for full conversion in flow; 150 C is acceptable as a first screen starting point.
N2-A8838A72,claude,anthropic,Qwen3.8-27B,qwen,FlowPilot,CuAAC,UO-05,APPLICABLE,4,False,NONE,HIGH,"The topology is complete and executable: single HPLC pump delivers premixed feed to the Cu/C packed-bed cartridge, then through the BPR to the collection vessel. All required unit operations are present and connected in correct order. No invented hardware.",delivered_final_outcome.topology.streams | delivered_final_outcome.topology.unit_operations | delivered_final_outcome.topology.pid_description,"Pump A -> reactor_cuc_cart_030 -> bpr_xcube_20 -> collector_amber_100 | All equipment IDs from authoritative inventory | Single liquid feed, packed-bed reactor, BPR, collection vessel","Correct linear topology: pump -> packed-bed reactor -> BPR -> collection. All connections physically executable. No missing unit operations for this single-feed, single-reactor design.",None.
N2-A8838A72,claude,anthropic,Qwen3.8-27B,qwen,FlowPilot,CuAAC,UO-06,APPLICABLE,4,False,NONE,HIGH,Liquid material balance is dimensionally valid. Concentrations and flow rate reproduce correct molar flows and stoichiometric ratio. Total flow within pump operating range. Verification sheet confirms closure with zero relative error.,delivered_final_outcome.streams[0].flow_rate_mL_min | delivered_final_outcome.streams[0].concentration_M | delivered_final_outcome.chemistry_and_operations.stream_components | delivered_final_outcome.deterministic_verification_sheet.top_level_volume_flow_time_closure,"Q = 0.3 mL/min | [benzyl azide] = 0.25 M -> molar flow = 0.075 mmol/min | [phenylacetylene] = 0.275 M -> molar flow = 0.0825 mmol/min | ratio = 1:1.1 correct | verification sheet: relative_error = 0.0, passes_10_percent = true",Molar flows: azide 0.25 x 0.3 = 0.075 mmol/min; alkyne 0.275 x 0.3 = 0.0825 mmol/min; ratio 1:1.1. Consistent with stoichiometry. Total flow 0.3 mL/min within pump limits (0.1-3.0 mL/min).,None.
N2-A8838A72,claude,anthropic,Qwen3.8-27B,qwen,FlowPilot,CuAAC,UO-07,APPLICABLE,4,False,NONE,HIGH,"Residence time closes exactly: 0.3 mL / 0.3 mL/min = 1.0 min. Reactor volume matches inventory item reactor_cuc_cart_030 (0.3 mL, 4 mm ID). Geometry is consistent with the tubing entry (60 mm x 4 mm ID = pi*(2mm)^2*60mm ≈ 0.754 mL geometric, but the inventory declares 0.3 mL as the packed-bed dead/void volume, which is the correct basis for a packed bed). The design correctly uses the declared inventory volume. Verification sheet confirms zero relative error.",delivered_final_outcome.parameters.reactor_volume_mL | delivered_final_outcome.parameters.flow_rate_mL_min | delivered_final_outcome.parameters.residence_time_min | delivered_final_outcome.deterministic_verification_sheet.top_level_volume_flow_time_closure,"V_R = 0.3 mL | Q = 0.3 mL/min | tau = V_R/Q = 0.3/0.3 = 1.0 min | reported residence_time_min = 1.0 | verification: calculated_Q_tau = 0.3 mL, reported_volume = 0.3 mL, relative_error = 0.0","tau = 0.3 mL / 0.3 mL/min = 1.0 min. Reactor geometry matches inventory (0.3 mL, 4 mm ID, 60 mm length). All values consistent.",None.
N2-A8838A72,claude,anthropic,Qwen3.8-27B,qwen,FlowPilot,CuAAC,UO-08,NOT_APPLICABLE,,False,NONE,HIGH,The case context explicitly declares gas_process=false. No gas stream is used in this design.,case_context.applicability.gas_process,gas_process: false,Not applicable: no gas reagent or gas-liquid process.,None.
N2-A8838A72,claude,anthropic,Qwen3.8-27B,qwen,FlowPilot,CuAAC,UO-09,NOT_APPLICABLE,,False,NONE,HIGH,The case context explicitly declares multistage_process=false. Single packed-bed reactor stage.,case_context.applicability.multistage_process,multistage_process: false,Not applicable: single reactive stage.,None.
N2-A8838A72,claude,anthropic,Qwen3.8-27B,qwen,FlowPilot,CuAAC,UO-10,APPLICABLE,4,False,NONE,HIGH,Every equipment item is drawn from the authoritative inventory. Flow rate 0.3 mL/min is within pump range (0.1-3.0). Temperature 150 C is within reactor and heater limits (max 200 C). Pressure 20 bar matches the only available BPR setpoint and is within all equipment pressure ratings. Collector volume adequate for screening run. Safety shield correctly assigned.,delivered_final_outcome.topology.instrument_manifest | delivered_final_outcome.topology.unit_operations,"pump_xcube_hplc: flow 0.3 mL/min (range 0.1-3.0), within limits | reactor_cuc_cart_030: T=150 C (max 200 C), P=20 bar (max 40 bar), within limits | heater_xcube: 150 C (max 200 C), within limits | bpr_xcube_20: 20 bar (fixed setpoint 20 bar), matches | collector_amber_100: vented, 100 mL, within limits | safety_cuaac_shield: assigned for azide containment",All equipment items exist in authoritative inventory. All operating points within declared limits. No invented hardware.,None.
N2-A8838A72,claude,anthropic,Qwen3.8-27B,qwen,FlowPilot,CuAAC,UO-11,APPLICABLE,3,False,MINOR,HIGH,"Phase behavior is physically sound: acetone is well above its boiling point at 1 atm but the 20 bar BPR maintains liquid phase (vapor pressure of acetone at 150 C is approximately 7-8 bar, well below 21 bar absolute). Transport assumptions are plausible for a packed-bed at low flow. Minor omission: no discussion of potential product precipitation or catalyst leaching, which are known considerations for Cu/C packed beds but not critical for a first screen.",delivered_final_outcome.parameters.temperature_C | delivered_final_outcome.parameters.BPR_bar | delivered_final_outcome.streams[0].phase | delivered_final_outcome.parameters.pressure_absolute_bar,"acetone bp ~56 C at 1 atm | operating T = 150 C, P_abs = 21 bar | acetone vapor pressure at 150 C ~7-8 bar, well below 21 bar | single liquid phase maintained | flow rate 0.3 mL/min in 4 mm ID packed bed: low velocity, no plugging concern noted","At 21 bar absolute and 150 C, acetone remains liquid (vapor pressure ~7-8 bar at 150 C << 21 bar). Single liquid phase is physically plausible. Packed-bed flow at 0.3 mL/min is low velocity. No phase behavior issues. Minor: no explicit discussion of potential precipitation of triazole product or catalyst leaching, but these are minor concerns for a first screen.",Consider noting potential for catalyst leaching (Cu contamination in product) and product solubility at operating conditions.
N2-A8838A72,claude,anthropic,Qwen3.8-27B,qwen,FlowPilot,CuAAC,UO-12,APPLICABLE,4,False,NONE,HIGH,"Comprehensive hazard controls are present for both primary hazards (energetic azide and pressurized operation). The blast shield from the authoritative inventory is explicitly assigned. Azide-specific controls cover holdup minimization, blockage response, metal compatibility, and physical containment. Pressure controls cover pre-run testing, overpressure response, and controlled depressurization. No major hazard is omitted.",delivered_final_outcome.safety_controls | delivered_final_outcome.chemistry_and_operations.operating_procedure,"AZIDE-HOLDUP-LIMIT: minimize azide inventory | AZIDE-BLOCKAGE-RESPONSE: stop feeds, cool before responding | AZIDE-METAL-COMPATIBILITY: prevent metal-azide accumulation | AZIDE-SHIELD-CONTAINMENT: blast shield safety_cuaac_shield assigned | PRESSURE-LEAK-TEST: pre-run pressure test at 20 bar | PRESSURE-OVERPRESSURE-RESPONSE: defined | PRESSURE-DEPRESSURIZE: controlled depressurization | GENERAL-PPE-CONTAINMENT | GENERAL-EMERGENCY-STOP | GENERAL-WASTE","All major hazards addressed: energetic azide (shield, holdup minimization, blockage response, metal compatibility), pressurized operation (leak test, overpressure response, depressurization), general lab safety. Blast shield from inventory correctly assigned.",None.
N2-A8838A72,claude,anthropic,Qwen3.8-27B,qwen,FlowPilot,CuAAC,UO-13,APPLICABLE,3,False,MINOR,HIGH,"The procedure is reproducible and covers all required phases. Steady-state qualification (3 residence times = 3 min) is explicitly stated. Collection window is defined. Work-up is appropriately deferred for a first screen with explicit rationale. Minor: the flush solvent identity for normal shutdown is not specified (which solvent to use for flushing), and the procedure for verifying steady state beyond time (e.g., pressure/temperature stability criteria) is somewhat generic. These are minor gaps unlikely to prevent execution.",delivered_final_outcome.chemistry_and_operations.operating_procedure | delivered_final_outcome.chemistry_and_operations.operating_procedure[16].instruction | delivered_final_outcome.chemistry_and_operations.operating_procedure[17].instruction,"PREP-A: feed preparation with concentrations and volumes | SETUP-VERIFY: assembly verification | SETUP-PRIME: priming procedure | PRESSURE-LEAK-TEST: pressure test at 20 bar | START-FEEDS: start at 0.3 mL/min | STEADY-STATE: 3 min (3 residence times) before collection | COLLECT-PRODUCT: collect for >=1 min | COLLECT-ANALYZE-WORKUP: crude collection, aliquot for analysis | NORMAL-SHUTDOWN: flush, cool, isolate | Emergency and waste steps present","Complete operating procedure covering preparation, setup, priming, pressure test, startup, steady-state qualification, collection, shutdown, emergency response, and waste. Work-up explicitly deferred to chemist confirmation for first screen, which is appropriate.","Specify flush solvent (acetone) for normal shutdown line flushing. Add explicit stability criteria for steady-state qualification (e.g., pressure within ±X bar, temperature within ±Y C)."
N2-A8838A72,claude,anthropic,Qwen3.8-27B,qwen,FlowPilot,CuAAC,UO-14,APPLICABLE,4,False,NONE,HIGH,"The design honestly represents uncertainty: LOW confidence is declared, SCREEN disposition is appropriate for a first flow experiment without wet-lab validation. Three validation experiments are proposed. No performance guarantees are made. No invented evidence. The disposition rationale explicitly states 'treat as first experimental screen until wet-lab evidence validates it.' Source exclusion is confirmed. This is exemplary evidence calibration.",delivered_final_outcome.evidence_and_reasoning.confidence | delivered_final_outcome.reported_disposition | delivered_final_outcome.disposition_rationale | delivered_final_outcome.evidence_and_reasoning.validation_experiments,"confidence: LOW (appropriate for first screen without wet-lab validation) | disposition: SCREEN (not EXECUTE) | validation experiments defined: VAL-HYDRAULIC-BASELINE, VAL-RTD, VAL-FIRST-SCREEN | no invented evidence or unsupported performance guarantees | source exclusion confirmed: leave_one_source_out_pass=true","Honest uncertainty calibration: LOW confidence declared, SCREEN disposition (not EXECUTE), validation experiments proposed, no performance guarantees, no invented evidence. Source exclusion verified.",None.
N2-4086C480,claude,anthropic,Qwen3.8-27B,qwen,FlowPilot,CuAAC,UO-01,APPLICABLE,4,False,NONE,HIGH,"The design correctly identifies the CuAAC reaction, preserves the Cu/C heterogeneous catalyst strategy, uses the correct substrate and coupling partner, employs acetone as solvent, and operates in a packed-bed flow regime. Temperature of 150 C matches the batch reference and is a defensible conservative starting point for a first screen. No unsupported substitution detected.",delivered_final_outcome.chemistry_and_operations.chemistry_identity.reaction_class | delivered_final_outcome.chemistry_and_operations.chemistry_identity.protocol_transformation_family | delivered_final_outcome.parameters.temperature_C | delivered_final_outcome.topology.unit_operations[1].parameters.reactor_type,reaction_class: cuaac | catalyst: Cu/C packed-bed cartridge | substrate: benzyl azide | coupling partner: phenylacetylene | solvent: acetone | temperature: 150 C | reactor_type: packed-bed,CuAAC transformation of benzyl azide + phenylacetylene using Cu/C catalyst in acetone; packed-bed flow reactor; temperature consistent with batch reference (150 C chosen conservatively vs 170 C published flow).,None.
N2-4086C480,claude,anthropic,Qwen3.8-27B,qwen,FlowPilot,CuAAC,UO-02,APPLICABLE,4,False,NONE,HIGH,All required reagents are present and correctly assigned. The Cu/C catalyst is provided by the packed-bed cartridge (reactor_cuc_cart_030). No unsafe or transformation-changing materials are introduced. No required component is omitted.,delivered_final_outcome.chemistry_and_operations.stream_components | delivered_final_outcome.streams[0].contents | delivered_final_outcome.topology.unit_operations[1].inventory_item_id,benzyl azide 0.25 M 1.0 equiv | phenylacetylene 0.275 M 1.1 equiv | acetone solvent | Cu/C catalyst via reactor_cuc_cart_030,"All required components present: azide substrate, alkyne coupling partner at 1.1 equiv, acetone solvent, Cu/C catalyst in packed-bed cartridge.",None.
N2-4086C480,claude,anthropic,Qwen3.8-27B,qwen,FlowPilot,CuAAC,UO-03,APPLICABLE,4,False,NONE,HIGH,"Concentrations and equivalents are explicit and coherent. The ratio 0.275/0.25 = 1.1 exactly matches the protocol requirement. Feed preparation instruction provides concrete amounts (2.5 mmol azide, 2.75 mmol alkyne in 10 mL acetone). No incompatibility introduced by premixing azide and alkyne in acetone prior to Cu/C contact (standard CuAAC approach). Chemical compatibility is acceptable.",delivered_final_outcome.chemistry_and_operations.stream_components | delivered_final_outcome.streams[0] | delivered_final_outcome.chemistry_and_operations.operating_procedure[0].instruction,"benzyl azide: 0.25 M, 1.0 equiv | phenylacetylene: 0.275 M, 1.1 equiv | feed preparation: 2.5 mmol benzyl azide + 2.75 mmol phenylacetylene in 10 mL acetone | ratio 0.275/0.25 = 1.1 equiv confirmed","Benzyl azide 0.25 M (1.0 equiv), phenylacetylene 0.275 M (1.1 equiv) in acetone; ratio 1.1 consistent with protocol. Feed preparation instruction explicitly states amounts on 10 mL basis.",None.
N2-4086C480,claude,anthropic,Qwen3.8-27B,qwen,FlowPilot,CuAAC,UO-04,APPLICABLE,3,False,MINOR,HIGH,"All chemistry-critical conditions are mapped: temperature (150 C, conservative vs 170 C optimized flow), pressure (20 bar BPR to maintain liquid phase), single-stage packed-bed reactor, premixed feed. The choice of 150 C over 170 C is a minor deviation from the published flow optimum but is explicitly defensible as a conservative first screen and matches the batch reference. No condition change makes the chemistry implausible or unsafe.",delivered_final_outcome.parameters.temperature_C | delivered_final_outcome.parameters.BPR_bar | delivered_final_outcome.evidence_and_reasoning.reasoning_per_field.temperature_C,temperature: 150 C (batch reference temperature) | BPR: 20 bar | published flow reference temperature: 170 C,"Temperature, pressure, and stage mapping are faithfully translated. 150 C is the batch reference temperature and is a defensible conservative choice for a first screen; 170 C is the published optimized flow condition. BPR at 20 bar is correct for maintaining liquid phase at these temperatures with acetone (bp 56 C).",Consider noting that 170 C is the published optimized flow temperature and that 150 C may give lower conversion; this is acknowledged implicitly by the SCREEN disposition.
N2-4086C480,claude,anthropic,Qwen3.8-27B,qwen,FlowPilot,CuAAC,UO-05,APPLICABLE,4,False,NONE,HIGH,"The topology is complete and executable: single HPLC pump delivers premixed feed, packed-bed reactor provides catalytic contact, BPR maintains system pressure, collection vessel captures product. All connections are in the correct order. No required unit operation is absent. The topology can physically execute the proposed chemistry.",delivered_final_outcome.topology.streams | delivered_final_outcome.topology.unit_operations | delivered_final_outcome.topology.pid_description,pump_a -> reactor_1 -> bpr_1 -> collector_1 | All equipment IDs assigned from inventory | PID: HPLC pump -> packed-bed reactor -> BPR -> vented collection vessel,"Linear topology: pump feeds premixed liquid through packed-bed Cu/C cartridge, then through BPR for pressure control, then to collection vessel. All required unit operations present and connected in correct order.",None.
N2-4086C480,claude,anthropic,Qwen3.8-27B,qwen,FlowPilot,CuAAC,UO-06,APPLICABLE,3,False,MINOR,HIGH,"The material balance is dimensionally valid. Molar flows reproduce the correct stoichiometric ratio (1.1 equiv). The flow rate of 0.11111 mL/min is within the declared pump range (0.1-3.0 mL/min). The formula used to derive flow rate (Q=k*(equiv/C)) is not standard and not fully explained, but the resulting numbers are self-consistent. The very low flow rate compared to the published reference (0.11 vs 1.5 mL/min) is a minor concern but defensible for a conservative first screen. No dimensional invalidity.",delivered_final_outcome.parameters.flow_rate_mL_min | delivered_final_outcome.streams[0].flow_rate_mL_min | delivered_final_outcome.chemistry_and_operations.operating_procedure[0].parameter_bindings.flow_rate_mL_min | delivered_final_outcome.evidence_and_reasoning.reasoning_per_field.flow_rate_mL_min,flow_rate: 0.11111 mL/min | concentration benzyl azide: 0.25 M | molar flow benzyl azide: 0.25 * 0.11111 = 0.02778 mmol/min | molar flow phenylacetylene: 0.275 * 0.11111 = 0.03056 mmol/min | ratio: 0.03056/0.02778 = 1.10 equiv confirmed | throughput: 0.11111 mL/min * 60 min/h = 6.67 mL/h,Molar flows are consistent with concentrations and flow rate. The flow rate of 0.11111 mL/min is very low (published flow reference uses 1.5 mL/min) but within pump range (min 0.1 mL/min). The reasoning states Q=k*(equiv/C) which is an unusual formula but the resulting stoichiometric ratio is correct. The low flow rate gives a long residence time (2.7 min) which is defensible for a conservative screen.,Clarify the basis for the flow rate selection formula. Consider noting that higher flow rates (up to 1.5 mL/min per published reference) could be used to increase throughput.
N2-4086C480,claude,anthropic,Qwen3.8-27B,qwen,FlowPilot,CuAAC,UO-07,APPLICABLE,4,False,NONE,HIGH,Residence time closes numerically: V_R/Q = 0.3/0.11111 = 2.700 min matches reported 2.700027 min exactly. The verification sheet confirms zero relative error. The reactor volume of 0.3 mL matches the declared inventory item and the published measured cartridge dead volume. Geometry and holdup basis are consistent.,delivered_final_outcome.parameters.reactor_volume_mL | delivered_final_outcome.parameters.flow_rate_mL_min | delivered_final_outcome.parameters.residence_time_min | delivered_final_outcome.deterministic_verification_sheet.top_level_volume_flow_time_closure,"V_R = 0.3 mL | Q = 0.11111 mL/min | tau = 0.3/0.11111 = 2.700 min | reported residence_time_min = 2.700027 min | verification sheet: calculated_Q_tau_mL = 0.3, relative_error = 0.0, passes_10_percent = true","tau = V_R/Q = 0.3/0.11111 = 2.700 min. Reported value 2.700027 min matches within rounding. Reactor geometry (60x4mm ID, V=pi*(2mm)^2*60mm = 754 mm^3 = 0.754 mL geometric; but declared volume is 0.3 mL as measured dead volume per published reference). Closure confirmed by verification sheet.",None.
N2-4086C480,claude,anthropic,Qwen3.8-27B,qwen,FlowPilot,CuAAC,UO-08,NOT_APPLICABLE,,False,NONE,HIGH,The case context explicitly states gas_process=false. No gas stream is used in this design. Criterion is not applicable.,case_context.applicability.gas_process,gas_process: false,Not applicable - no gas reagent or gas-liquid process.,None.
N2-4086C480,claude,anthropic,Qwen3.8-27B,qwen,FlowPilot,CuAAC,UO-09,NOT_APPLICABLE,,False,NONE,HIGH,The case context explicitly states multistage_process=false. The design uses a single packed-bed reactor stage. Criterion is not applicable.,case_context.applicability.multistage_process,multistage_process: false,Not applicable - single reactive stage.,None.
N2-4086C480,claude,anthropic,Qwen3.8-27B,qwen,FlowPilot,CuAAC,UO-10,APPLICABLE,4,False,NONE,HIGH,"Every equipment item is drawn from the authoritative inventory. Flow rate 0.11111 mL/min is within pump range [0.1, 3.0]. Temperature 150 C is within reactor and heater range [20, 200]. Pressure 20 bar is within all component ratings. The BPR has a fixed setpoint of 20 bar which matches the design. The collection vessel is 100 mL which is adequate for a screening run. The blast shield is correctly assigned for azide service.",delivered_final_outcome.topology.instrument_manifest | delivered_final_outcome.topology.unit_operations,"pump_xcube_hplc: flow 0.11111 mL/min within [0.1, 3.0] mL/min range | reactor_cuc_cart_030: T=150 C within [20, 200] C; P=20 bar within [0, 40] bar | heater_xcube: T=150 C within [20, 200] C | bpr_xcube_20: P=20 bar, fixed setpoint matches | collector_amber_100: vented, 100 mL | safety_cuaac_shield: assigned for azide containment | All equipment IDs exist in authoritative inventory",All equipment items exist in the authoritative inventory. All operating points are within declared limits. No invented equipment.,None.
N2-4086C480,claude,anthropic,Qwen3.8-27B,qwen,FlowPilot,CuAAC,UO-11,APPLICABLE,3,False,MINOR,MEDIUM,"The 20 bar BPR maintains acetone in liquid phase at 150 C (vapor pressure ~5-6 bar, well below 21 bar absolute). Flow rate of 0.11 mL/min through 4mm ID packed bed gives very low linear velocity and negligible pressure drop. Heat transfer is adequate at this low flow rate. The very low flow rate (0.11 vs 1.5 mL/min published) means very long residence time (2.7 min vs 0.2 min published catalyst contact time), which may lead to over-reaction or catalyst leaching concerns, but these are not physically impossible. Minor concern about whether the very low flow rate is optimal for the packed bed hydrodynamics (potential channeling), but this is a screening design.",delivered_final_outcome.parameters.temperature_C | delivered_final_outcome.parameters.BPR_bar | delivered_final_outcome.parameters.flow_rate_mL_min,"acetone bp 56 C at 1 atm | operating T = 150 C, P = 20 bar (21 bar absolute) | acetone vapor pressure at 150 C ~5-6 bar, well below 21 bar system pressure | flow rate 0.11111 mL/min through 4mm ID packed bed","Liquid phase maintained at 150 C with 20 bar BPR (acetone vapor pressure ~5-6 bar at 150 C, system pressure 21 bar absolute keeps liquid phase). Pressure drop through packed bed at 0.11 mL/min is negligible. Heat transfer in X-Cube system is adequate. Physical plausibility confirmed.",Note potential for non-ideal flow distribution at very low flow rates through the packed bed; consider RTD validation experiment (already included in design).
N2-4086C480,claude,anthropic,Qwen3.8-27B,qwen,FlowPilot,CuAAC,UO-12,APPLICABLE,4,False,NONE,HIGH,"The safety controls are comprehensive and concrete. Azide-specific hazards are addressed with multiple controls including holdup minimization, blast shielding, blockage response protocol, and metal-azide compatibility check. Pressure hazards are addressed with leak testing, overpressure response, and controlled depressurization. PPE, emergency stop, and waste handling are included. The blast shield (safety_cuaac_shield) is explicitly assigned from inventory.",delivered_final_outcome.safety_controls | delivered_final_outcome.chemistry_and_operations.operating_procedure,"hazards identified: energetic_azide, pressurized_operation | controls: AZIDE-HOLDUP-LIMIT, AZIDE-BLOCKAGE-RESPONSE, AZIDE-METAL-COMPATIBILITY, AZIDE-SHIELD-CONTAINMENT | pressure controls: PRESSURE-LEAK-TEST, PRESSURE-OVERPRESSURE-RESPONSE, PRESSURE-DEPRESSURIZE | general: PPE, emergency stop, waste segregation | safety_cuaac_shield assigned","All major hazards identified and controlled: energetic azide (minimize holdup, blast shield, blockage response, metal compatibility check), pressurized operation (leak test, overpressure response, controlled depressurization). No major hazard omitted.",None.
N2-4086C480,claude,anthropic,Qwen3.8-27B,qwen,FlowPilot,CuAAC,UO-13,APPLICABLE,4,False,NONE,HIGH,"The operating procedure is comprehensive and covers all required phases: feed preparation with explicit amounts, assembly verification, priming, pressure testing, startup, steady-state qualification (3 residence times), product collection (1 residence time), crude analysis, normal shutdown, and emergency procedures. The experiment can be reconstructed from the delivered instructions. No missing procedure that creates an execution hazard.",delivered_final_outcome.chemistry_and_operations.operating_procedure,"PREP-A: feed preparation with explicit amounts | SETUP-VERIFY: assembly verification | SETUP-PRIME: priming procedure | PRESSURE-LEAK-TEST: pressure test at 20 bar | START-FEEDS: startup at canonical setpoints | STEADY-STATE: 3 residence times (8.1 min) before collection | COLLECT-PRODUCT: collection for 1 residence time | COLLECT-ANALYZE-WORKUP: crude collection and analysis | NORMAL-SHUTDOWN: flush, cool, isolate | Emergency procedures: GENERAL-EMERGENCY-STOP, AZIDE-BLOCKAGE-RESPONSE, PRESSURE-OVERPRESSURE-RESPONSE, PRESSURE-DEPRESSURIZE","Complete operating procedure covering feed preparation, assembly, priming, leak testing, startup, steady-state qualification, collection, shutdown, and emergency procedures. Reproducible from delivered instructions.",None.
N2-4086C480,claude,anthropic,Qwen3.8-27B,qwen,FlowPilot,CuAAC,UO-14,APPLICABLE,3,False,MINOR,HIGH,"The design honestly reports LOW confidence and SCREEN disposition, which is appropriate for a first flow screen without wet-lab validation. Validation experiments are proposed. No performance guarantees are made. The flow rate derivation formula (Q=k*(equiv/C)) is not standard and not explained, which is a minor transparency issue, but the resulting numbers are correct and self-consistent. No invented evidence or unsupported claims. The source exclusion check passes.",delivered_final_outcome.evidence_and_reasoning.confidence | delivered_final_outcome.reported_disposition | delivered_final_outcome.evidence_and_reasoning.reasoning_per_field.flow_rate_mL_min | delivered_final_outcome.evidence_and_reasoning.validation_experiments,"confidence: LOW | disposition: SCREEN | flow rate formula Q=k*(equiv/C) not standard and not fully explained | validation experiments included: VAL-HYDRAULIC-BASELINE, VAL-RTD, VAL-FIRST-SCREEN | no literature analogies cited | leave_one_source_out_pass: true",Honest representation of uncertainty with LOW confidence and SCREEN disposition. Validation experiments proposed. The flow rate derivation formula is opaque but results are self-consistent. No invented evidence or unsupported performance guarantees.,Clarify the derivation of the flow rate formula Q=k*(equiv/C) to improve transparency and reproducibility.
