upstream_bundle,claude,gpt4o,gpt4omini,gemma
claude,2.383241949719458,2.352012684048933,2.819216425756013,2.1895137441354713
gpt4o,2.4821948399836247,2.352012684048933,2.318805560300982,2.132852995551053
gpt4omini_rescued,1.2546863141220794,1.6170543641520372,2.4739363641740573,2.0803594658393565
gemma_rescued,2.0748759407210904,2.8974765892813426,3.1346835789704857,1.5364223769284426
