upstream_bundle,claude,gpt4o,gpt4omini,gemma
claude,1.0707256888682977,1.1040939159077996,1.104522529632026,0.9233385433488339
gpt4o,1.1479279585547326,1.1040939159077996,0.9512257994455986,0.8773747351433151
gpt4omini_rescued,0.9306428627164735,1.0197013404659327,1.029002849927195,0.5030252191830769
gemma_rescued,1.1540925942773066,1.360751372456962,1.964223530948755,0.6898368152755823
