upstream_bundle,claude,gpt4o,gpt4omini,gemma
claude,2037.5145477013912,1700.106068346573,499.9892674965873,700.0471414873658
gpt4o,2037.5145477013912,1700.106068346573,850.0064656450627,700.0471414873658
gpt4omini_rescued,635.9890452811345,1700.106068346573,3700.110745216567,699.9764059571028
gemma_rescued,4058.655001013988,9623.73040314244,15099.990273472582,700.0471414873658
