upstream_bundle,claude,gpt4o,gpt4omini,gemma
claude,74.87500000000001,76.715,402.65500000000003,76.715
gpt4o,109.85000000000001,76.715,109.85000000000001,60.650000000000006
gpt4omini_rescued,-71.725,-64.655,49.22500000000002,39.62500000000001
gemma_rescued,-59.37499999999999,65.80499999999999,-47.25,-47.25
