upstream_bundle,claude,gpt4o,gpt4omini,gemma
claude,-58.029999999999994,-64.655,20.634999999999994,-64.655
gpt4o,-58.029999999999994,-64.655,-58.029999999999994,-64.655
gpt4omini_rescued,-67.485,-64.655,-25.384999999999998,-37.17
gemma_rescued,-18.345000000000002,90.92500000000001,571.515,-64.655
