upstream_bundle,claude,gpt4o,gpt4omini,gemma
claude,2145.3133109861596,2168.9380514705886,6353.855395761247,2168.9380514705886
gpt4o,2594.375973183391,2168.9380514705886,2594.375973183391,1962.6709558823532
gpt4omini_rescued,263.0377919550173,353.8132893598616,1815.9792928200695,1692.719777249135
gemma_rescued,421.6060229238754,2028.8587478373704,577.2853589965398,577.2853589965398
