upstream_bundle,claude,gpt4o,gpt4omini,gemma
claude,438.07692307692304,353.1410256410257,1446.602564102564,353.1410256410257
gpt4o,438.07692307692304,353.1410256410257,438.07692307692304,353.1410256410257
gpt4omini_rescued,316.8589743589743,353.1410256410257,856.6025641025641,705.5128205128204
gemma_rescued,946.8589743589743,2347.75641025641,8509.166666666666,353.1410256410257
