upstream_bundle,claude,gpt4o,gpt4omini,gemma
claude,74.875,76.715,402.65500000000003,76.715
gpt4o,109.85000000000001,76.715,109.85000000000001,60.650000000000006
gpt4omini_rescued,-71.725,-64.655,49.22500000000001,39.625
gemma_rescued,-59.375,65.805,-47.25,-47.25
