upstream_bundle,claude,gpt4o,gpt4omini,gemma
claude,327.5029095402782,260.0212136693146,19.99785349931745,60.009428297473164
gpt4o,327.5029095402782,260.0212136693146,90.00129312901255,60.009428297473164
gpt4omini_rescued,47.197809056226895,260.0212136693146,660.0221490433134,59.99528119142055
gemma_rescued,731.7310002027976,1844.7460806284878,2939.998054694516,60.009428297473164
