upstream_bundle,claude,gpt4o,gpt4omini,gemma
claude,2141.987179487179,2165.576923076923,6344.294871794872,2165.576923076923
gpt4o,2590.3846153846157,2165.576923076923,2590.3846153846157,1959.6153846153845
gpt4omini_rescued,262.5,353.14102564102564,1813.1410256410259,1690.0641025641023
gemma_rescued,420.83333333333326,2025.7051282051282,576.2820512820513,576.2820512820513
