ticket_id,status,triage_class,severity,deterministic_corroborating_criteria,possible_tolerance_overcall,intermediate_only_evidence,generator_model,case,candidate_id,domain,criterion_id,error_titles,evidence_paths,observed_values,required_corrections,source_result
FP-AUDIT-001,NEEDS_TECHNICAL_ADJUDICATION,TOLERANCE_REVIEW_REQUIRED,MAJOR,,True,False,Qwen3.6-27B,CuAAC,H-DF8A379,chemistry_protocol,HC-02,Premixed feed concentration statement is chemically incomplete and stoichiometry is inconsistently encoded | Reactor length inconsistent with inventory cartridge dimensions; explanation section reports phantom reactor geometry and BPR setpoint,"[""$.record_sections.proposal.pre_reactor_steps[0]"", ""$.record_sections.final_design.streams[0].contents"", ""$.record_sections.chemistry_plan.stream_logic[0].molar_equiv""] | [""record_sections.explanation"", ""record_sections.process_topology.unit_operations[1].parameters.length_m"", ""record_sections.final_design.parameters.reactor_volume_mL"", ""record_sections.final_design.parameters.flow_rate_mL_min"", ""record_sections.final_design.stages[0].residence_flow_mL_min""]","[""Pre-reactor step says 'Prepare solution of benzyl azide and phenylacetylene in acetone at 0.25 M concentration.'"", ""Final stream contents specify 'benzyl azide (0.25 M)' and 'phenylacetylene (0.275 M)'."", ""Chemistry plan stream_logic gives molar_equiv 1.0 despite protocol 1.1 equiv phenylacetylene.""] | [""explanation: reactor 0.75 mm ID, 7.952 mL volume, 2.9452 mL/min, BPR 12.2 bar"", ""process_topology reactor_1 length_m=0.02 (implies 2 cm, not 6 cm inventory cartridge)"", ""final_design flow_rate=0.11111 mL/min but stages[0].residence_flow_mL_min=0.1111 (rounding inconsistency)"", ""phenylacetylene concentration listed as 0.275 M in stream but chemistry_plan stream_logic molar_equiv=1.0 vs final stream molar_equiv=1.1""]","Revise feed preparation and chemistry-plan stoichiometry to consistently specify benzyl azide 0.25 M, phenylacetylene 0.275 M, and phenylacetylene 1.1 equiv in the single acetone feed. | Replace explanation section with parameters matching final_design (0.3 mL, 4 mm ID, 60 mm, 0.11111 mL/min, 20 bar BPR); correct process_topology reactor length to 0.06 m; align chemistry_plan stream_logic molar_equiv to 1.1.",/home/amirreza/Documents/codes/Flow Agent/ablation_results/newgen_benchmark/newgen_production_three_case_20260813_150731/cuaac_qwen27b_full_flowpilot/result.json
FP-AUDIT-002,NEEDS_TECHNICAL_ADJUDICATION,LLM_CONSENSUS_REQUIRES_TECHNICAL_REVIEW,CRITICAL,,False,False,Qwen3.6-27B,CuAAC,H-DF8A379,chemistry_protocol,HC-04,"Explanation contains invented literature, unsupported conversion claim, and unsupported physical assumptions | Explanation section cites invented literature DOI and phantom reactor parameters","[""$.record_sections.explanation""] | [""record_sections.explanation""]","[""Claims a literature analogy 'Flow Chemistry for Click Reactions, DOI: 10.1039/C9QI00000A'."", ""Claims 'predicted conversion (X=1.0) at 2.7 min residence time is based on kinetic models'."", ""Claims 'BPR of 12.2 bar' and 'vapor pressure ~11.8 bar at 150 C' in support of an unassigned setup.""] | [""DOI: 10.1039/C9QI00000A cited as 'Flow Chemistry for Click Reactions'"", ""reactor described as 0.75 mm ID, 7.952 mL, UA=12.723238 W/K, Da_th=0.016281 — none matching inventory or final_design""]","Delete the DOI/literature analogy, remove the X=1.0 conversion prediction and kinetic-model assertion, and replace the pressure rationale with the inventory-supported 20 bar BPR statement only. | Remove the fabricated DOI and replace the explanation's reactor description with parameters matching the actual final_design and inventory.",/home/amirreza/Documents/codes/Flow Agent/ablation_results/newgen_benchmark/newgen_production_three_case_20260813_150731/cuaac_qwen27b_full_flowpilot/result.json
FP-AUDIT-003,NEEDS_TECHNICAL_ADJUDICATION,TOLERANCE_REVIEW_REQUIRED,MAJOR,,True,False,Qwen3.6-27B,CuAAC,H-DF8A379,numerical_engineering,HN-01,Multiple unit and numerical representation contradictions remain falsely validated | Inconsistent flow-rate representation across sections (0.11111 vs 0.1111),"[""$.record_sections.design_calculations.steps[0].values.t_batch_h"", ""$.record_sections.design_calculations.steps[0].summary"", ""$.record_sections.design_calculations.steps[0].values.t_batch_s"", ""$.record_sections.design_calculations.steps[1].values.IF_class"", ""$.record_sections.design_calculations.steps[2].values.L_m"", ""$.record_sections.design_calculations.tubing_length_m"", ""$.record_sections.final_design.process_graph.topology.unit_operations[1].parameters.length_m"", ""$.record_sections.design_calculations.consistent""] | [""record_sections.proposal.flow_rate_mL_min"", ""record_sections.final_design.process_graph.topology.total_flow_rate_mL_min"", ""record_sections.process_topology.total_flow_rate_mL_min"", ""record_sections.final_design.process_graph.topology.stages[0].residence_flow_mL_min""]","[""t_batch_h = 0.05 while summary states t_batch = 0.1 h and t_batch_s = 180 s"", ""IF_class = 10.0 while IF_implied = 1.1 for 3 min batch vs 2.700027 min flow"", ""L_m = 0.023873241461396976 and tubing_length_m = 0.0239 while serialized reactor length_m = 0.02"", ""consistent = true despite these contradictions""] | [""0.11111 mL/min (proposal, final_design.streams, instrument_manifest)"", ""0.1111 mL/min (process_graph.topology.total_flow_rate_mL_min, stages[0].residence_flow_mL_min, reactor_1.Q_inlet_mL_min)""]","Correct $.record_sections.design_calculations.steps[0].summary to 0.05 h, correct or remove $.record_sections.design_calculations.steps[1].values.IF_class, harmonize all reactor length fields to one basis, and set consistency flags/checks to reflect any remaining issues until resolved. | Replace every occurrence of 0.1111 mL/min with 0.11111 mL/min in process_graph.topology.total_flow_rate_mL_min, stages[0].residence_flow_mL_min, and reactor_1.Q_inlet_mL_min.",/home/amirreza/Documents/codes/Flow Agent/ablation_results/newgen_benchmark/newgen_production_three_case_20260813_150731/cuaac_qwen27b_full_flowpilot/result.json
FP-AUDIT-004,NEEDS_TECHNICAL_ADJUDICATION,LLM_CONSENSUS_REQUIRES_TECHNICAL_REVIEW,MAJOR,,False,False,Qwen3.6-27B,CuAAC,H-DF8A379,numerical_engineering,HN-02,Premixed-feed molar flow and equivalents are internally inconsistent | Stoichiometric flow equation produces a flow rate inconsistent with the stated residence-time target,"[""$.record_sections.final_design.streams[0].contents"", ""$.record_sections.final_design.streams[0].concentration_M"", ""$.record_sections.final_design.streams[0].molar_equiv"", ""$.record_sections.final_design.streams[0].reasoning"", ""$.record_sections.proposal.streams[0].molar_equiv"", ""$.record_sections.design_calculations.n_molar_flow_mmol_min""] | [""record_sections.proposal.inventory_constraints.flow_recalculation"", ""record_sections.proposal.inventory_constraints.design_realization.decisions[1]"", ""record_sections.design_calculations.steps[2]"", ""record_sections.design_calculations.residence_time_min""]","[""Single premixed feed contains benzyl azide 0.25 M and phenylacetylene 0.275 M at one liquid flow 0.11111 mL/min"", ""stream molar_equiv = 1.1"", ""reasoning uses Q_i = k*(equiv_i/C_i) and selected total flow 0.11111 mL/min"", ""n_molar_flow_mmol_min = 0.0278 mmol/min for limiting reagent""] | [""Q = 0.11111 mL/min derived from equation Q_i = k*(equiv_i/C_i) with k=0.02525227, equiv=1.1, C=0.25 M"", ""tau = V_R/Q = 0.3/0.11111 = 2.700 min (claimed)"", ""pre_council_proposal flow = 1.5 mL/min with stated tau = 0.2 min, but reasoning_per_field text says 'use 0.1 mL/min for 3 min'""]","Replace the stream reasoning with explicit premix component molar flows, define molar_equiv per component or remove it from the mixed stream, and distinguish limiting-reagent molar flow from total reactive molar flow in all summaries and validations. | Replace the opaque equation with the explicit basis Q = V_R / tau_target and state the chosen tau_target (e.g., 2.7 min) with its justification; verify that phenylacetylene concentration 0.275 M = 1.1 × 0.25 M is explicitly confirmed in the feed description.",/home/amirreza/Documents/codes/Flow Agent/ablation_results/newgen_benchmark/newgen_production_three_case_20260813_150731/cuaac_qwen27b_full_flowpilot/result.json
FP-AUDIT-005,NEEDS_TECHNICAL_ADJUDICATION,LLM_CONSENSUS_REQUIRES_TECHNICAL_REVIEW,MAJOR,,False,False,Qwen3.6-27B,CuAAC,H-DF8A379,numerical_engineering,HN-06,"Transport calculations use unsupported open-tube formulas and contradictory geometry for a packed-bed cartridge | Pe, mixing time, and heat-transfer area calculated with inconsistent reactor length (0.02 m instead of physical 0.06 m or volume-derived 0.02387 m)","[""$.record_sections.design_calculations.steps[3].summary"", ""$.record_sections.design_calculations.steps[3].values.Pe"", ""$.record_sections.design_calculations.steps[4].values.Re"", ""$.record_sections.design_calculations.steps[5].equations[0]"", ""$.record_sections.design_calculations.steps[6].equations[0]"", ""$.record_sections.final_design.parameters.reactor_type"", ""$.record_sections.process_topology.unit_operations[1].parameters.length_m""] | [""record_sections.design_calculations.steps[3].equations"", ""record_sections.design_calculations.steps[6].equations"", ""record_sections.design_calculations.steps[7].equations"", ""record_sections.design_calculations.Pe"", ""record_sections.design_calculations.heat_transfer_area_m2""]","[""Re, ΔP, Pe, and mixing time are computed from 4.0 mm open-tube relations; ΔP uses Hagen-Poiseuille form and mixing uses d^2/(D*pi^2); reactor type is a Cu/C packed-bed cartridge""] | [""Pe = 192*tau*D/d^2 = 192*162*1e-9/0.004^2 = 1.94 (using tau, not L — formula is non-standard)"", ""t_mix = d^2/(D*pi^2) = 0.004^2/(1e-9*pi^2) = 1621 s"", ""A_wall = pi*d*L = pi*0.004*0.02 = 0.000300 m^2 (uses L=0.02 m)"", ""Da_mass = k*d^2/D = 0.01737*0.000016/1e-9 = 277.9 (uses d not L, non-standard)""]","Recompute transport metrics with stated packed-bed assumptions (e.g., bed porosity, particle size, effective void volume) or remove/mark them unsupported, and update validation so unsupported transport claims are not passed as current facts. | Recalculate Pe using the standard definition Pe = v*L/D with the physical cartridge length L=0.06 m; recalculate A_wall and Q_rem with L=0.06 m; document the axial dispersion model used for the packed bed explicitly.",/home/amirreza/Documents/codes/Flow Agent/ablation_results/newgen_benchmark/newgen_production_three_case_20260813_150731/cuaac_qwen27b_full_flowpilot/result.json
FP-AUDIT-006,NEEDS_TECHNICAL_ADJUDICATION,LLM_CONSENSUS_REQUIRES_TECHNICAL_REVIEW,MAJOR,,False,False,Qwen3.6-27B,CuAAC,H-DF8A379,process_inventory,HP-01,Required executable topology omits quench and waste handling despite case requirement | Abstract topology retains phantom mixer node not present in executable topology,"[""$.record_sections.process_topology.unit_operations"", ""$.record_sections.final_design.process_graph.topology.unit_operations"", ""$.record_sections.proposal.post_reactor_steps""] | [""record_sections.process_requirements_topology.unit_operations[1]"", ""record_sections.process_requirements_topology.streams[0]"", ""record_sections.process_topology.unit_operations"", ""record_sections.final_design.process_graph.topology.unit_operations""]","[""unit operations only include pump, reactor, heater, BPR, collector"", ""final process graph ends at collector with no quench or waste node"", ""post_reactor_steps: ['Pass effluent through BPR (20 bar) to maintain liquid phase.','Collect in vented amber vessel.','Evaporate solvent to isolate triazole product.']""] | [""process_requirements_topology includes op_id='mixer_1' (op_type='mixer') with stream s1: pump_a→mixer_1 and s2: mixer_1→reactor_1"", ""process_topology and final_design omit mixer_1; topology is pump_a→reactor_1→bpr_1→collector_1""]","Add explicit post-BPR quench and waste/phase-disposition operations using only available supported handling, or revise the design disposition to non-executable/NOT SUPPORTED if the inventory cannot represent the required work-up topology. | Remove mixer_1 and streams s1/s2 from process_requirements_topology, or annotate them as explicitly eliminated with rationale, to align the abstract and executable topologies.",/home/amirreza/Documents/codes/Flow Agent/ablation_results/newgen_benchmark/newgen_production_three_case_20260813_150731/cuaac_qwen27b_full_flowpilot/result.json
FP-AUDIT-007,NEEDS_TECHNICAL_ADJUDICATION,LLM_CONSENSUS_REQUIRES_TECHNICAL_REVIEW,MAJOR,,False,False,Qwen3.6-27B,CuAAC,H-DF8A379,process_inventory,HP-03,Reactor geometry parameter conflicts with declared cartridge dimensions | Reactor length_m inconsistent with inventory cartridge dimensions,"[""$.record_sections.process_topology.unit_operations[1].parameters.length_m"", ""$.record_sections.final_design.process_graph.topology.unit_operations[1].parameters.length_m"", ""$.record_sections.proposal.inventory_selection.volume_mL"", ""$.record_sections.proposal.inventory_selection.ID_mm""] | [""record_sections.process_requirements_topology.unit_operations[2].parameters.length_m"", ""record_sections.process_topology.unit_operations[1].parameters.length_m"", ""record_sections.final_design.process_graph.topology.unit_operations[1].parameters.length_m"", ""authoritative_inventory.tubing[0].length_m""]","[""process_topology reactor length_m = 0.02"", ""final_design process_graph reactor length_m = 0.02"", ""inventory reactor is 0.3 mL and 4.0 mm ID; authoritative tubing/cartridge body length is 0.06 m""] | [""length_m=0.02 in reactor_1 parameters across process_requirements_topology, process_topology, and final_design"", ""Inventory tubing_xcube_ss_4mm lists length_m=0.06; held-out source confirms 60 mm cartridge""]","Replace length_m 0.02 with a value consistent with the represented geometry and inventory basis, or omit length if not supported by the selected inventory record. | Correct length_m to 0.06 in all reactor_1 parameter blocks.",/home/amirreza/Documents/codes/Flow Agent/ablation_results/newgen_benchmark/newgen_production_three_case_20260813_150731/cuaac_qwen27b_full_flowpilot/result.json
FP-AUDIT-008,NEEDS_TECHNICAL_ADJUDICATION,TOLERANCE_REVIEW_REQUIRED,MAJOR,,True,False,Qwen3.6-27B,CuAAC,H-DF8A379,process_inventory,HP-04,Cross-record contradiction on executable-final status remains unresolved | Flow rate value 0.1111 vs 0.11111 inconsistently propagated across records,"[""$.record_sections.final_design.status"", ""$.record_sections.final_design.diagnostic.message"", ""$.record_sections.proposal.design_realization.final_validation.status""] | [""record_sections.proposal.flow_rate_mL_min"", ""record_sections.final_design.parameters.flow_rate_mL_min"", ""record_sections.process_topology.total_flow_rate_mL_min"", ""record_sections.process_topology.unit_operations[1].parameters.Q_inlet_mL_min"", ""record_sections.final_design.process_graph.topology.total_flow_rate_mL_min"", ""record_sections.final_design.process_graph.stages[0].residence_flow_mL_min""]","[""final_design.status = 'executable'"", ""final_design.diagnostic.message = 'No executable final design exists. Values in this diagnostic section are unapproved intermediate calculations.'"", ""proposal.design_realization.final_validation.status = 'ready'""] | [""0.11111 mL/min in proposal, final_design.parameters, pump settings, and feed_assignments"", ""0.1111 mL/min in process_topology.total_flow_rate_mL_min, reactor_1.Q_inlet_mL_min, final_design.process_graph.topology.total_flow_rate_mL_min, and stages[0].residence_flow_mL_min""]",Remove or explicitly mark the contradictory diagnostic message as obsolete/rejected so all final records consistently report the same execution status. | Standardize all flow-rate fields to 0.11111 mL/min (or a single rounded value applied uniformly).,/home/amirreza/Documents/codes/Flow Agent/ablation_results/newgen_benchmark/newgen_production_three_case_20260813_150731/cuaac_qwen27b_full_flowpilot/result.json
FP-AUDIT-009,NEEDS_TECHNICAL_ADJUDICATION,LLM_CONSENSUS_REQUIRES_TECHNICAL_REVIEW,MAJOR,,False,False,Qwen3.6-27B,CuAAC,H-DF8A379,safety_operations,HS-01,"Hazard set is incomplete for hot pressurized acetone and alkyne service | Incomplete hazard identification: thermal runaway, solvent flammability, and high-pressure acetone vapor omitted","[""$.record_sections.design_realization.safety_contract.hazards"", ""$.record_sections.proposal.design_realization.safety_contract.hazards"", ""$.record_sections.chemistry_plan.incompatible_pairs"", ""$.record_sections.final_design.parameters.temperature_C"", ""$.record_sections.final_design.parameters.BPR_bar"", ""$.record_sections.final_design.streams[0].solvent"", ""$.record_sections.final_design.streams[0].contents""] | [""record_sections.safety_report"", ""record_sections.design_realization.safety_contract.hazards"", ""record_sections.chemistry_plan""]","[""hazards=[\""organic azide\"",\""energetic metal-azide accumulation\""]"", ""incompatible_pairs=[]"", ""temperature_C=150.0"", ""BPR_bar=20.0"", ""solvent=\""acetone\"""", ""contents include \""phenylacetylene\""""] | [""hazards listed: [\""organic azide\"",\""energetic metal-azide accumulation\""]"", ""chemistry_plan.temperature_sensitive: false"", ""chemistry_plan.deoxygenation_required: false""]","Add explicit hazards for acetone flammability and hot pressurized solvent release, pressure/overpressure of the heated packed-bed system, and phenylacetylene flammability/compatibility, then propagate matching controls into the safety contract and operating steps. | Add acetone flammability/vapor hazard, exothermic reaction hazard, and high-pressure hot-liquid depressurization hazard to safety_contract.hazards and chemistry_plan.",/home/amirreza/Documents/codes/Flow Agent/ablation_results/newgen_benchmark/newgen_production_three_case_20260813_150731/cuaac_qwen27b_full_flowpilot/result.json
FP-AUDIT-010,NEEDS_TECHNICAL_ADJUDICATION,LLM_CONSENSUS_REQUIRES_TECHNICAL_REVIEW,MAJOR,,False,False,Qwen3.6-27B,CuAAC,H-DF8A379,safety_operations,HS-02,"Preventive controls do not convert key hazards into executable startup and containment measures | Preventive controls absent for flammable solvent, exotherm, and pressure excursion; hardware_checks field is empty","[""$.record_sections.design_realization.safety_contract.required_controls"", ""$.record_sections.proposal.pre_reactor_steps"", ""$.record_sections.proposal.post_reactor_steps"", ""$.record_sections.process_topology.unit_operations[3].parameters.pressure_bar"", ""$.record_sections.safety_report.total_checks""] | [""record_sections.design_realization.safety_contract.required_controls"", ""record_sections.design_realization.safety_contract.hardware_checks"", ""record_sections.safety_report""]","[""required_controls=[\""Minimize azide holdup and avoid unassessed copper/metal-azide accumulation in stagnant zones.\"",\""Verify pressure-rated cartridge connections and flush the catalyst bed before opening.\""]"", ""pre_reactor_steps=[\""Prepare solution of benzyl azide and phenylacetylene in acetone at 0.25 M concentration.\"",\""Filter solution (0.22 um) to prevent clogging of packed bed cartridge.\""]"", ""post_reactor_steps=[\""Pass effluent through BPR (20 bar) to maintain liquid phase.\"",\""Collect in vented amber vessel.\"",\""Evaporate solvent to isolate triazole product.\""]"", ""pressure_bar=20.0"", ""total_checks=1""] | [""required_controls: [\""Minimize azide holdup...\"",\""Verify pressure-rated cartridge connections and flush the catalyst bed before opening.\""]"", ""hardware_checks: {}"", ""safety_report.critical: 0"", ""safety_report.screen_required: false""]","Specify an executable control set including pre-run leak/pressure check at ambient temperature, collection in a ventilated hood with vented vessel after the BPR, no ignition sources, maintain backpressure during heated operation, and flush/cool/depressurize before cartridge handling. | Populate hardware_checks with verified BPR relief path, temperature interlock setpoint, and ventilation/ignition-exclusion confirmation; add flammable-solvent and exotherm controls to required_controls.",/home/amirreza/Documents/codes/Flow Agent/ablation_results/newgen_benchmark/newgen_production_three_case_20260813_150731/cuaac_qwen27b_full_flowpilot/result.json
FP-AUDIT-011,NEEDS_TECHNICAL_ADJUDICATION,LLM_CONSENSUS_REQUIRES_TECHNICAL_REVIEW,CRITICAL,,False,False,Qwen3.6-27B,CuAAC,H-DF8A379,safety_operations,HS-03,"Startup and shutdown sequence is missing required safe ordering | No startup, leak-test, priming, steady-state, normal shutdown, or emergency shutdown procedure provided","[""$.record_sections.proposal.pre_reactor_steps"", ""$.record_sections.proposal.post_reactor_steps"", ""$.record_sections.unit_operations"", ""$.record_sections.design_realization.safety_contract.required_controls""] | [""record_sections.proposal.pre_reactor_steps"", ""record_sections.proposal.post_reactor_steps"", ""record_sections.safety_report"", ""record_sections.process_topology""]","[""pre_reactor_steps only cover solution preparation and filtration"", ""post_reactor_steps only cover BPR passage, collection, and solvent evaporation"", ""unit_operations=[]"", ""required_controls do not define startup or shutdown order""] | [""pre_reactor_steps: [\""Prepare solution...\"",\""Filter solution (0.22 um)...\""]"", ""post_reactor_steps: [\""Pass effluent through BPR...\"",\""Collect in vented amber vessel.\"",\""Evaporate solvent to isolate triazole product.\""]"", ""No leak-test, priming, purge, steady-state criterion, normal shutdown, or emergency shutdown steps present anywhere in the record.""]","Add an ordered operating procedure: leak test and prime with solvent at ambient, engage BPR, establish flow, heat to setpoint under flow, wait defined residence-time turnovers before collecting, then stop reactive collection, cool under flow, flush with solvent, reduce pressure/depressurize, and only then disconnect/open the cartridge. | Add an ordered startup/shutdown SOP covering leak test, solvent prime, reactive-feed introduction, steady-state criterion, normal flush-and-depressurize shutdown, and emergency pump-stop/depressurization procedure.",/home/amirreza/Documents/codes/Flow Agent/ablation_results/newgen_benchmark/newgen_production_three_case_20260813_150731/cuaac_qwen27b_full_flowpilot/result.json
FP-AUDIT-012,NEEDS_TECHNICAL_ADJUDICATION,LLM_CONSENSUS_REQUIRES_TECHNICAL_REVIEW,MAJOR,,False,False,Qwen3.6-27B,CuAAC,H-DF8A379,safety_operations,HS-04,"Quench and waste handling are not explicitly defined for azide-containing effluent and residual cartridge contents | Outlet depressurization path, gas venting, reactive-residue destruction, and waste segregation not addressed","[""$.record_sections.chemistry_plan.quench_required"", ""$.record_sections.chemistry_plan.quench_reasoning"", ""$.record_sections.proposal.post_reactor_steps"", ""$.record_sections.final_design.instrument_manifest[4].name""] | [""record_sections.proposal.post_reactor_steps"", ""record_sections.chemistry_plan.quench_required"", ""record_sections.chemistry_plan.quench_reasoning"", ""record_sections.final_design.process_graph.topology.unit_operations""]","[""quench_required=false"", ""quench_reasoning=\""Product is stable; catalyst is heterogeneous and retained in cartridge.\"""", ""post_reactor_steps end with collection and solvent evaporation"", ""collector=\""Vented collection vessel\""""] | [""quench_required: false"", ""quench_reasoning: \""Product is stable; catalyst is heterogeneous and retained in cartridge.\"""", ""post_reactor_steps include only BPR passage and collection in vented amber vessel"", ""No depressurization procedure, no residual azide destruction step, no waste segregation instruction present""]","Define collection and waste steps that keep the vented collector in a hood, segregate azide/copper-containing waste, avoid evaporating uncertain azide-containing residues without prior assessment, and flush the cartridge/lines with solvent before disposal or opening. | Add a post-run solvent flush to destroy/displace residual azide from the catalyst bed, specify azide-waste segregation and disposal, and document the controlled depressurization sequence from 20 bar to atmospheric before opening any fitting.",/home/amirreza/Documents/codes/Flow Agent/ablation_results/newgen_benchmark/newgen_production_three_case_20260813_150731/cuaac_qwen27b_full_flowpilot/result.json
FP-AUDIT-013,NEEDS_TECHNICAL_ADJUDICATION,LLM_CONSENSUS_REQUIRES_TECHNICAL_REVIEW,MAJOR,,False,False,Qwen3.6-27B,CuAAC,H-DF8A379,evidence_uncertainty,HE-01,"Rejected and non-inventory source claims remain falsely validated and propagated | Pre-council proposal internally contradicts its own stated arithmetic, and council deliberation references a non-inventory reactor (18 m coil, 7.95 mL, 0.75 mm ID) that was never corrected before propagation","[""$.record_sections.pre_council_proposal.reasoning_per_field.residence_time_min"", ""$.record_sections.council_messages[6].value"", ""$.record_sections.deliberation_log.summary"", ""$.record_sections.proposal.inventory_constraints.final_validation.checks.calculation_matches_serialized_design""] | [""pre_council_proposal.reasoning_per_field.residence_time_min"", ""pre_council_proposal.streams[0].flow_rate_mL_min"", ""pre_council_proposal.residence_time_min"", ""deliberation_log.rounds[0][0].chain_of_thought"", ""deliberation_log.summary.all_changes_applied"", ""council_messages[6].chain_of_thought""]","[""\""Calculated: V/Q = 0.3 mL / 1.5 mL/min = 12 min... 0.3 mL / 1.5 mL/min = 0.2 min... Let's use 0.1 mL/min.\"""", ""\""meets the intensification mandate of 6.0x residence-time reduction, dropping τ from ~16 min to 2.7 min\"""", ""\""τ=2.7 min, d=0.75 mm, Q=2.94524 mL/min, V_R=7.9521 mL, L=18.0 m\"""", ""true""] | [""pre_council_proposal states flow_rate=1.5 mL/min and residence_time=0.2 min, but reasoning_per_field narrates 'let us use 0.1 mL/min' and 'this matches batch'—contradicting the serialized values"", ""council summary records all_changes_applied: reactor_volume_mL=7.952, tubing_ID_mm=0.75, flow_rate_mL_min=2.9452—none of which are in the authoritative inventory"", ""ChiefV4 derives Q_A=0.5 mL/min and Q_B=0.5 mL/min for a two-stream design, contradicting the single-premixed-feed hard constraint"", ""DrSafetyV4 blocks candidate on stainless steel incompatibility with acetone at 150°C, yet final design retains stainless steel without documented rebuttal of the blocking concern""]","Mark the council summary and ~16 min baseline as rejected/non-authoritative, set the validation consistency check to false or remove contradictory summaries, and align all retained provenance statements with the actual batch source and finalized 0.3 mL cartridge design. | Reconcile pre-council proposal serialized values with its own reasoning; document explicitly that council-proposed non-inventory hardware was rejected and why; record the basis for overriding DrSafetyV4's blocking concern about stainless steel.",/home/amirreza/Documents/codes/Flow Agent/ablation_results/newgen_benchmark/newgen_production_three_case_20260813_150731/cuaac_qwen27b_full_flowpilot/result.json
FP-AUDIT-014,NEEDS_TECHNICAL_ADJUDICATION,LLM_CONSENSUS_REQUIRES_TECHNICAL_REVIEW,MAJOR,,False,False,Qwen3.6-27B,CuAAC,H-DF8A379,evidence_uncertainty,HE-02,"Model assumptions and inferred performance are presented as facts without consistent labeling | Kinetic rate constant and conversion prediction presented as deterministic results without labeling them as model estimates; assumed ΔH, U, D_mol, and batch-time interpretation are unlabeled","[""$.record_sections.design_calculations.steps[7].assumptions"", ""$.record_sections.design_calculations.steps[2].values.k_flow"", ""$.record_sections.council_messages[6].concern"", ""$.record_sections.deliberation_log.rounds[0][3].chain_of_thought""] | [""design_calculations.steps[1].values.k_flow"", ""design_calculations.steps[1].assumptions"", ""design_calculations.rate_constant"", ""design_calculations.steps[7].assumptions"", ""design_calculations.steps[6].assumptions"", ""chemistry_plan.intensification_mandate.tau_reduction_target"", ""pre_council_proposal.confidence""]","[""[\""ΔH_r ≈ -60 kJ/mol (estimated for default)\"",\""U ≈ 300 W/m²·K (coil in temperature-controlled bath)\"",\""ΔT_lm ≈ 10.0 °C (conservative estimate)\""]"", ""0.01736655915391485"", ""\""Conversion X=1.0 at τ=2.7 min is predicted but not experimentally verified for this specific catalyst loading.\"""", ""\""the proposed residence time (2.7 min) yields near-quantitative conversion (X=1.0) based on the provided kinetic parameters\""""] | [""k_flow=0.01737 min⁻¹ reported as a value with no label indicating it is a back-calculated pseudo-first-order estimate"", ""step 2 assumption: 'τ set by ENGINE council — kinetics estimation bypassed' yet k_flow and IF_implied=1.1 are still serialized as design values"", ""ΔH_r≈-60 kJ/mol labeled 'estimated for default'; U≈300 W/m²·K labeled 'coil in temperature-controlled bath'—but these assumptions feed thermal safety conclusion presented as PASS"", ""D_mol=1e-9 m²/s labeled only in step 6 assumptions, not flagged in the mass-transfer WARNING propagation"", ""pre_council_proposal.confidence='HIGH' despite the proposal containing an internal arithmetic contradiction""]","Annotate k_flow, conversion/yield expectations, heat-transfer coefficients, and any performance claims as unvalidated estimates in all sections and remove factual phrasing implying demonstrated conversion. | Tag k_flow, ΔH_r, U, and D_mol as 'ESTIMATED' at every point of use in the design summary and proposal; correct pre_council_proposal.confidence to reflect the internal inconsistency.",/home/amirreza/Documents/codes/Flow Agent/ablation_results/newgen_benchmark/newgen_production_three_case_20260813_150731/cuaac_qwen27b_full_flowpilot/result.json
FP-AUDIT-015,NEEDS_TECHNICAL_ADJUDICATION,LLM_CONSENSUS_REQUIRES_TECHNICAL_REVIEW,MINOR,,False,False,Qwen3.6-27B,CuAAC,H-DF8A379,evidence_uncertainty,HE-03,Irrelevant analogies are included for support despite poor chemistry and modality match | Two of three cited analogies are irrelevant to CuAAC heterogeneous packed-bed chemistry and are used to anchor intensification factor claims,"[""$.record_sections._analogies[0].summary"", ""$.record_sections._analogies[1].summary"", ""$.record_sections._analogies[2].summary"", ""$.record_sections.design_calculations.if_analogy""] | [""_analogies[0].record_id"", ""_analogies[0].final_score"", ""_analogies[1].record_id"", ""_analogies[2].record_id"", ""design_calculations.if_analogy"", ""design_calculations.n_analogy_datapoints""]","[""\""three-step continuous flow sequence involving diazonium salt formation and azide chemistry performed in a copper-coil reactor\"""", ""\""Mizoroki–Heck coupling... X-Cube Flash reactor\"""", ""\""heterogeneous metallaphotoredox catalysis in a continuous-flow packed-bed reactor\"""", ""19.0""] | [""Analogy 1 (Lehmann 2022): diazonium/azide cyclization in PFA copper-coil reactor, DCM solvent, final_score=0.1113—different chemistry class, reactor type, and solvent"", ""Analogy 2 (chem.200802200): Mizoroki-Heck Pd cross-coupling in MeCN, X-Cube Flash 4 mL reactor, final_score=0.0574—different metal, mechanism, and substrate class"", ""Analogy 3 (Hsu 2022): heterogeneous metallaphotoredox Ni packed-bed, DMAC, 440 nm LED, final_score=0.0552—photocatalytic mechanism, different metal, different solvent"", ""if_analogy=19.0 derived from n_analogy_datapoints=2 using these low-relevance records""]","Set analogy-based quantitative fields such as if_analogy to null unless tied to relevant CuAAC evidence, and mark these references as non-supportive background only. | Replace or supplement analogies with CuAAC or Cu-catalyzed cycloaddition packed-bed references; do not derive if_analogy from cross-coupling or photocatalytic records; document why the held-out CuAAC X-Cube reference was excluded from the analogy set.",/home/amirreza/Documents/codes/Flow Agent/ablation_results/newgen_benchmark/newgen_production_three_case_20260813_150731/cuaac_qwen27b_full_flowpilot/result.json
FP-AUDIT-016,NEEDS_TECHNICAL_ADJUDICATION,LLM_CONSENSUS_REQUIRES_TECHNICAL_REVIEW,MAJOR,,False,False,Qwen3.6-27B,CuAAC,H-DF8A379,evidence_uncertainty,HE-04,"Uncertainty is not calibrated to failed checks and contradictory records | Confidence='LOW' disposition is inconsistent with unresolved blocking safety concern, unvalidated kinetics, and a council summary that records non-inventory hardware as 'applied changes'; uncertainty calibration does not propagate these failures to disposition floor","[""$.record_sections.design_calculations.steps[3].warnings"", ""$.record_sections.design_calculations.steps[6].warnings"", ""$.record_sections.design_calculations.steps[9].warnings"", ""$.record_sections.proposal.inventory_constraints.final_validation.status"", ""$.record_sections.recommended_disposition""] | [""confidence"", ""design_disposition.recommended_disposition"", ""deliberation_log.rounds[1][0].concerns"", ""council_messages[5].concerns"", ""design_calculations.steps[6].warnings"", ""design_calculations.steps[3].warnings"", ""design_calculations.Pe"", ""safety_report.validation_experiments"", ""deliberation_log.summary.all_changes_applied""]","[""[\""Pe = 2 < 100 — significant axial dispersion. Reactor behaves closer to CSTR than PFR. Reduce d (smaller d → higher Pe) or accept lower conversion efficiency.\""]"", ""[\""Da = 277.9 ≫ 1: severely mass-transfer limited. Need micromixer, smaller d, or pre-mixed streams.\""]"", ""[\""Productivity closure FAIL: P_flow = 1.57 mmol/h < P_batch = 9.40 mmol/h. Increase C_feed or check yield assumptions.\""]"", ""\""ready\"""", ""\""SCREEN\""""] | [""confidence='LOW' and disposition='SCREEN' despite DrSafetyV4 issuing a BLOCK on stainless steel/acetone compatibility with no documented override"", ""Pe=1.9 (severe axial dispersion, reactor behaves as CSTR) and Da_mass=277.9 (mass-transfer limited) are flagged as WARNINGs but do not elevate disposition beyond SCREEN"", ""council summary records all_changes_applied with non-inventory hardware (18 m coil, 7.95 mL, 0.75 mm) yet final design silently uses inventory values—the discrepancy is never resolved or flagged as a risk"", ""safety_report.validation_experiments reference '18.0 m coil' and 'stainless steel coil' that do not exist in the final inventory-compliant design, indicating the safety report was generated for a different (non-inventory) design"", ""productivity_closure_ok=false (P_flow=1.57 mmol/h vs P_batch=9.40 mmol/h) is noted but not reflected in uncertainty calibration""]","Change final validation from ready to a warning/conditional state, enumerate unresolved risks from axial dispersion, mass-transfer limitation, and productivity mismatch, and tie SCREEN disposition directly to those uncertainties. | Resolve or explicitly document the override of the DrSafetyV4 stainless steel BLOCK; regenerate the safety report for the actual inventory-compliant design; provide parameter ranges or sensitivity bounds for the unvalidated kinetics; and add conditional criteria (e.g., minimum observed conversion) that would change the disposition from SCREEN to NO-GO.",/home/amirreza/Documents/codes/Flow Agent/ablation_results/newgen_benchmark/newgen_production_three_case_20260813_150731/cuaac_qwen27b_full_flowpilot/result.json
FP-AUDIT-017,NEEDS_TECHNICAL_ADJUDICATION,LLM_CONSENSUS_REQUIRES_TECHNICAL_REVIEW,MAJOR,,False,False,Qwen3.6-27B,CuAAC,H-DF8A379,system_consistency,HA-01,"Unresolved conflicting authoritative statements remain in final record | Pre-council flow rate and residence time internally inconsistent, and pre-council reasoning_per_field contains contradictory self-correction that was never cleanly resolved before council","[""$.record_sections.final_design.diagnostic.message"", ""$.record_sections.final_design.status"", ""$.record_sections.design_realization.status"", ""$.record_sections.final_validation.status""] | [""record_sections.pre_council_proposal.flow_rate_mL_min"", ""record_sections.pre_council_proposal.residence_time_min"", ""record_sections.pre_council_proposal.reasoning_per_field.residence_time_min"", ""record_sections.pre_council_proposal.reasoning_per_field.flow_rate_mL_min"", ""record_sections.proposal.flow_rate_mL_min"", ""record_sections.proposal.residence_time_min"", ""record_sections.final_design.parameters.flow_rate_mL_min"", ""record_sections.final_design.parameters.residence_time_min""]","[""\""No executable final design exists. Values in this diagnostic section are unapproved intermediate calculations.\"""", ""\""executable\"""", ""\""complete\"""", ""\""ready\""""] | [""pre_council: flow_rate_mL_min=1.5, residence_time_min=0.2 (but reasoning states 'use 0.1 mL/min' and '0.3/0.1=3 min')"", ""proposal/final_design: flow_rate_mL_min=0.11111, residence_time_min=2.700027"", ""process_graph topology: total_flow_rate_mL_min=0.1111 (truncated from 0.11111)""]","Replace $.record_sections.final_design.diagnostic.message with a non-contradictory note such as ""Executable final design compiled successfully"" or clearly mark the diagnostic block as obsolete/non-authoritative. | Mark pre-council flow_rate and residence_time as superseded with explicit rejection reason; ensure process_graph.total_flow_rate_mL_min matches the authoritative 0.11111 mL/min.",/home/amirreza/Documents/codes/Flow Agent/ablation_results/newgen_benchmark/newgen_production_three_case_20260813_150731/cuaac_qwen27b_full_flowpilot/result.json
FP-AUDIT-018,NEEDS_TECHNICAL_ADJUDICATION,LLM_CONSENSUS_REQUIRES_TECHNICAL_REVIEW,MAJOR,,False,False,Qwen3.6-27B,CuAAC,H-DF8A379,system_consistency,HA-02,Key revision from pre-council 0.2 min/1.5 mL min to final 2.700027 min/0.11111 mL min is not truthfully traced | DrSafetyV4 WARNING about stainless steel incompatibility with acetone at 150°C and excessive BPR was not propagated or rebutted in downstream artifacts,"[""$.record_sections.pre_council_proposal.flow_rate_mL_min"", ""$.record_sections.pre_council_proposal.residence_time_min"", ""$.record_sections.pre_council_proposal.reasoning_per_field.residence_time_min"", ""$.record_sections.proposal.flow_rate_mL_min"", ""$.record_sections.proposal.residence_time_min"", ""$.record_sections.final_design.parameters.flow_rate_mL_min"", ""$.record_sections.final_design.parameters.residence_time_min""] | [""record_sections.council_messages[5].agent"", ""record_sections.council_messages[5].status"", ""record_sections.council_messages[5].concern"", ""record_sections.final_design.parameters.tubing_material"", ""record_sections.design_realization.safety_contract"", ""record_sections.final_validation.checks""]","[""1.5"", ""0.2"", ""\""Calculated: V/Q = 0.3 mL / 1.5 mL/min = 12 min... 0.3 mL / 1.5 mL/min = 0.2 min ... Let's use 0.1 mL/min.\"""", ""0.11111"", ""2.700027"", ""0.11111"", ""2.700027""] | [""DrSafetyV4 status=WARNING, concern='Material incompatibility: Stainless Steel not suitable for acetone at 150°C, Excessive BPR: 20.0 bar is too high'"", ""final_design tubing_material=stainless steel, BPR=20.0 bar"", ""design_realization.issues=[]"", ""final_validation all checks=true""]",Add an explicit revision note linking pre-council rejection of 1.5 mL/min/0.2 min (and the discarded 0.1 mL/min thought) to the final deterministic solution 0.11111 mL/min/2.700027 min with the governing stoichiometric and pump-bound basis. | Add a documented rebuttal in design_realization.issues or disposition_rationale explaining why stainless steel is acceptable for acetone at 150°C and why 20 bar is the correct and only available BPR setpoint.,/home/amirreza/Documents/codes/Flow Agent/ablation_results/newgen_benchmark/newgen_production_three_case_20260813_150731/cuaac_qwen27b_full_flowpilot/result.json
FP-AUDIT-019,NEEDS_TECHNICAL_ADJUDICATION,LLM_CONSENSUS_REQUIRES_TECHNICAL_REVIEW,MAJOR,,False,False,Qwen3.6-27B,CuAAC,H-DF8A379,system_consistency,HA-03,Validation and council pass states do not reflect recorded contradictions and invalid claims | final_validation status=ready with all checks=true despite unresolved DrSafetyV4 WARNING and pre-council numerical inconsistency,"[""$.record_sections.final_validation.checks.calculation_matches_serialized_design"", ""$.record_sections.final_validation.unresolved_reasons"", ""$.record_sections.final_design.consistency.passed"", ""$.record_sections.council_messages[6].value"", ""$.record_sections.council_messages[5].concern"", ""$.record_sections.final_design.diagnostic.message""] | [""record_sections.final_validation.status"", ""record_sections.final_validation.checks"", ""record_sections.final_validation.unresolved_reasons"", ""record_sections.council_messages[5].status"", ""record_sections.council_messages[5].concern"", ""record_sections.pre_council_proposal.flow_rate_mL_min"", ""record_sections.pre_council_proposal.residence_time_min""]","[""true"", ""[]"", ""true"", ""\""AUDIT PASSED — all 1 candidates passed arithmetic and threshold verification. No scope violations. Council may proceed.\"""", ""\""**Candidate 1 BLOCKED:** Material incompatibility: Stainless Steel not suitable for acetone at 150°C, Excessive BPR: 20.0 bar is too high for the calculated vapor pressure and system requirements\"""", ""\""No executable final design exists. Values in this diagnostic section are unapproved intermediate calculations.\""""] | [""final_validation.status='ready'"", ""final_validation.unresolved_reasons=[]"", ""all 13 checks=true"", ""DrSafetyV4 WARNING not addressed in any downstream record"", ""pre-council serialized values inconsistent with final design""]","Either resolve and annotate the conflicting council/diagnostic statements as rejected or obsolete, or change final validation/consistency outputs to reflect unresolved contradictions until reconciliation is complete. | Populate unresolved_reasons with the DrSafetyV4 WARNING disposition and set status to reflect the outstanding documentation gap, or provide explicit rebuttal records before asserting status=ready.",/home/amirreza/Documents/codes/Flow Agent/ablation_results/newgen_benchmark/newgen_production_three_case_20260813_150731/cuaac_qwen27b_full_flowpilot/result.json
FP-AUDIT-020,NEEDS_TECHNICAL_ADJUDICATION,LLM_CONSENSUS_REQUIRES_TECHNICAL_REVIEW,MINOR,,False,False,Qwen3.6-27B,CuAAC,H-DF8A379,system_consistency,HA-04,Decision record does not adequately document evaluation of competing numerical alternatives before selection | ChiefV4 selection rationale references a 6x intensification mandate and τ~16 min batch baseline that are unsupported and internally inconsistent with the record,"[""$.record_sections.council_rounds"", ""$.record_sections.pipeline_runtime.candidate_budget"", ""$.record_sections.pre_council_proposal.reasoning_per_field.residence_time_min"", ""$.record_sections.final_design.intensification""] | [""record_sections.council_messages[6].value"", ""record_sections.final_design.intensification.hypothesis_factor"", ""record_sections.final_design.intensification.realized_factor"", ""record_sections.final_design.intensification.target_role""]","[""2"", ""1"", ""\""Calculated: V/Q = 0.3 mL / 1.5 mL/min = 12 min... 0.3 mL / 1.5 mL/min = 0.2 min ... Let's use 0.1 mL/min.\"""", ""{\""policy\"":\""evidence_first\"",\""target_factor\"":null,\""hypothesis_factor\"":6.0,\""target_role\"":\""not applied under evidence-first policy\"",\""realized_factor\"":1.111,\""applied_as_hard_constraint\"":false,\""basis\"":\""Predicted screening target: 6.0x residence-time reduction; this is a hypothesis unless the run explicitly selects the intensify policy. Identified batch limitations: kinetic. Primary flow advantage: hazardous_intermediate. Mechanisms: hazardous-intermediate holdup reduction.\""}""] | [""ChiefV4: 'meets the intensification mandate of 6.0x residence-time reduction, dropping τ from ~16 min to 2.7 min'"", ""intensification.hypothesis_factor=6.0"", ""intensification.realized_factor=1.111"", ""intensification.target_role='not applied under evidence-first policy'"", ""batch residence time from protocol=3 min, not 16 min""]","Document the alternatives actually considered, their correct calculated residence times/flows, and the reasons they were rejected or selected under the inventory and safety constraints. | Correct ChiefV4 rationale to accurately state the batch reference time (3 min), the actual realized factor (~1.1x), and remove the unsupported 6x mandate claim from the selection basis.",/home/amirreza/Documents/codes/Flow Agent/ablation_results/newgen_benchmark/newgen_production_three_case_20260813_150731/cuaac_qwen27b_full_flowpilot/result.json
FP-AUDIT-021,NEEDS_TECHNICAL_ADJUDICATION,LLM_CONSENSUS_REQUIRES_TECHNICAL_REVIEW,MAJOR,,False,False,Qwen3.6-27B,CuAAC,H-DF8A379,system_consistency,HA-05,Conflicting record content impairs independent reconstruction without choosing which statement to trust | Independent reproduction is blocked by three conflicting flow-rate/residence-time pairs and an unresolved process_graph truncation without a single clearly authoritative lineage document,"[""$.record_sections.pre_council_proposal.reasoning_per_field.residence_time_min"", ""$.record_sections.final_design.diagnostic.message"", ""$.record_sections.final_design.parameters.flow_rate_mL_min"", ""$.record_sections.final_design.parameters.residence_time_min"", ""$.record_sections.design_realization.decisions[3]""] | [""record_sections.pre_council_proposal.flow_rate_mL_min"", ""record_sections.pre_council_proposal.residence_time_min"", ""record_sections.pre_council_proposal.reasoning_per_field.flow_rate_mL_min"", ""record_sections.proposal.flow_rate_mL_min"", ""record_sections.proposal.residence_time_min"", ""record_sections.final_design.parameters.flow_rate_mL_min"", ""record_sections.final_design.process_graph.topology.total_flow_rate_mL_min"", ""record_sections.design_realization.decisions[1].total_reactive_liquid_flow_mL_min""]","[""\""Calculated: V/Q = 0.3 mL / 1.5 mL/min = 12 min... 0.3 mL / 1.5 mL/min = 0.2 min ... Let's use 0.1 mL/min.\"""", ""\""No executable final design exists. Values in this diagnostic section are unapproved intermediate calculations.\"""", ""0.11111"", ""2.700027"", ""{\""volume_mL\"":0.3,\""liquid_flow_mL_min\"":0.11111,\""tau_liquid_min\"":2.700027,\""tau_inlet_min\"":2.700027,\""tau_in_channel_min\"":2.700027,\""authoritative_basis\"":\""liquid-only reactor volume / liquid flow\""}""] | [""pre_council serialized: 1.5 mL/min / 0.2 min"", ""pre_council reasoning: 0.1 mL/min / 3 min"", ""proposal/final_design: 0.11111 mL/min / 2.700027 min"", ""process_graph total_flow_rate: 0.1111 mL/min (4 sig fig truncation)""]","Retain only the authoritative final calculation path for execution and explicitly label earlier contradictory narratives as rejected history or delete them from execution-facing sections. | Add explicit supersession annotations to pre-council fields, ensure process_graph.total_flow_rate_mL_min=0.11111 mL/min, and provide a single revision-trace table linking each value change to its decision authority.",/home/amirreza/Documents/codes/Flow Agent/ablation_results/newgen_benchmark/newgen_production_three_case_20260813_150731/cuaac_qwen27b_full_flowpilot/result.json
FP-AUDIT-022,NEEDS_TECHNICAL_ADJUDICATION,LLM_CONSENSUS_REQUIRES_TECHNICAL_REVIEW,CRITICAL,,False,False,Qwen3.6-27B,Hydrogenolysis,H-6FDB11C,chemistry_protocol,HC-02,"Hydrogen flow, equivalents, and gas/liquid bookkeeping are internally contradictory and falsely validated | H2 equivalents internally inconsistent and in-channel flow calculation incorrect","[""$.record_sections.proposal.streams[1].gas_flow_sccm"", ""$.record_sections.proposal.streams[1].molar_equiv"", ""$.record_sections.proposal.multiphase_metrics.gas_sccm_uncapped"", ""$.record_sections.proposal.multiphase_metrics.explicit_gas_equiv_inlet"", ""$.record_sections.proposal.inventory_constraints.flow_recalculation.gas_flow_sccm"", ""$.record_sections.proposal.inventory_constraints.final_validation.checks.calculation_matches_serialized_design"", ""$.record_sections.final_design.streams[1].gas_flow_sccm""] | [""record_sections.proposal.streams[1].molar_equiv"", ""record_sections.proposal.multiphase_metrics.target_gas_equiv_inlet"", ""record_sections.proposal.multiphase_metrics.explicit_gas_equiv_inlet"", ""record_sections.proposal.multiphase_metrics.o2_equiv_supplied"", ""record_sections.final_design.streams[1].molar_equiv"", ""record_sections.proposal.streams[1].gas_flow_sccm"", ""record_sections.proposal.streams[1].gas_flow_actual_mL_min"", ""record_sections.proposal.multiphase_metrics.gas_pressure_abs_bar""]","[""proposal Gas Feed gas_flow_sccm: 4.458818 with molar_equiv: 10.0"", ""proposal.multiphase_metrics.gas_sccm_uncapped: 0.4459 and explicit_gas_equiv_inlet: 1.0"", ""proposal.inventory_constraints.flow_recalculation.gas_flow_sccm: 0.44589 and target_gas_equiv_inlet: 1.0"", ""final_validation.checks.calculation_matches_serialized_design: true"", ""final_design Gas Feed gas_flow_sccm: 4.458818""] | [""molar_equiv=10.0 in Gas Feed stream (proposal and final_design)"", ""target_gas_equiv_inlet=10.0 but explicit_gas_equiv_inlet=1.0 and o2_equiv_supplied=10.0 (multiphase_metrics)"", ""gas_flow_sccm=4.458818 sccm; in-channel=0.250317 mL/min at 21 bar abs and 60 °C"", ""gas_pressure_abs_bar=22.0132 used in multiphase_metrics vs 21.0 bar stated elsewhere"", ""chemistry_plan stream_logic lists H2 molar_equiv=1.0""]","Remove or relabel the 1.0-equiv values in $.record_sections.proposal.multiphase_metrics and $.record_sections.proposal.inventory_constraints.flow_recalculation, or change the serialized gas feed to 0.44589 sccm/1.0 equiv consistently; then update validation results accordingly. | Reconcile all H2 equivalents fields to a single consistent value (10 equiv); correct in-channel flow to ~0.176 mL/min using 21 bar absolute and 60 °C throughout; remove the o2_equiv_supplied mislabeling.",/home/amirreza/Documents/codes/Flow Agent/ablation_results/newgen_benchmark/newgen_production_three_case_20260813_150731/hydrogenolysis_qwen27b_full_flowpilot/result.json
FP-AUDIT-023,NEEDS_TECHNICAL_ADJUDICATION,LLM_CONSENSUS_REQUIRES_TECHNICAL_REVIEW,CRITICAL,,False,False,Qwen3.6-27B,Hydrogenolysis,H-6FDB11C,chemistry_protocol,HC-03,Pressure basis and residence-time reporting are inconsistent across current sections | Authoritative residence time basis contradicted internally; nominal liquid empty-bed time arithmetic incorrect,"[""$.record_sections.proposal.multiphase_metrics.gas_pressure_abs_bar"", ""$.record_sections.proposal.multiphase_metrics.pressure_basis"", ""$.record_sections.proposal.streams[1].reasoning"", ""$.record_sections.final_design.parameters.BPR_bar"", ""$.record_sections.final_design.parameters.residence_time_in_channel_min"", ""$.record_sections.explanation""] | [""record_sections.proposal.residence_time_min"", ""record_sections.proposal.multiphase_metrics.nominal_liquid_empty_bed_time_min"", ""record_sections.final_design.parameters.residence_time_min"", ""record_sections.proposal.inventory_constraints.design_realization.decisions[5].tau_liquid_min"", ""record_sections.proposal.streams[0].flow_rate_mL_min"", ""record_sections.final_design.parameters.reactor_volume_mL"", ""record_sections.explanation""]","[""proposal.multiphase_metrics.gas_pressure_abs_bar: 22.0132"", ""proposal.multiphase_metrics.pressure_basis: \""21 bar absolute used for gas compression\"""", ""proposal.streams[1].reasoning: \""0.250317 mL/min at 60 deg C and 21 bar absolute\"""", ""final_design.parameters.BPR_bar: 21.0 and residence_time_in_channel_min: 7.349213"", ""explanation states BPR 3.0 bar and residence time 16.4 min on liquid-only basis""] | [""residence_time_min=19.00057 declared as authoritative nominal liquid empty-bed/contact time"", ""tau_liquid = V_R / Q_liquid = 3.0 / 0.15789 = 19.00 min — arithmetic checks out"", ""explanation section states reactor volume 2.6258 mL, tubing ID 0.75 mm PFA, BPR 3.0 bar — all contradicting final_design"", ""explanation section states residence_time=16.4 min"", ""pre_council_proposal residence_time_min=7.5 with flow 0.06 mL/min but stream shows 0.5 mL/min""]","Set a single declared pressure basis throughout the record, recompute pressure-corrected gas flow with that basis, and revise $.record_sections.explanation to report 19.00057 min nominal liquid EBRT and 7.349213 min in-channel apparent time for the chosen final design. | The explanation section must be corrected to describe the actual final design parameters (3.0 mL SS reactor, 4.35 mm ID, 21 bar BPR, 0.15789 mL/min, 19.0 min liquid residence time); the phantom 2.6258 mL/PFA/3 bar design must be removed.",/home/amirreza/Documents/codes/Flow Agent/ablation_results/newgen_benchmark/newgen_production_three_case_20260813_150731/hydrogenolysis_qwen27b_full_flowpilot/result.json
FP-AUDIT-024,NEEDS_TECHNICAL_ADJUDICATION,LLM_CONSENSUS_REQUIRES_TECHNICAL_REVIEW,CRITICAL,,False,False,Qwen3.6-27B,Hydrogenolysis,H-6FDB11C,chemistry_protocol,HC-04,Explanation invents unsupported chemistry performance and non-inventory hardware claims | Explanation section contains unsupported equipment claims and an invented BPR setpoint,"[""$.record_sections.explanation"", ""$.record_sections.pre_council_proposal.chemistry_notes"", ""$.record_sections.chemistry_plan.key_intermediate"", ""$.record_sections.final_design.instrument_manifest""] | [""record_sections.explanation"", ""record_sections.explanation (BPR 3.0 bar)"", ""record_sections.explanation (PFA tubing 0.75 mm)"", ""record_sections.explanation (reactor volume 2.6258 mL)"", ""record_sections.explanation (UA=4.201283 W/K)"", ""authoritative_inventory.BPR_available"", ""authoritative_inventory.tubing""]","[""explanation claims \""achieve high conversion (~88%)\"", \""comparable conversion in 16.4 min\"", reactor volume 2.6258 mL, PFA 0.75 mm ID tubing, 3.0 bar BPR, segmented-flow visual monitoring, UA 4.201283 W/K, Damkohler 0.002483, Re ≈ 7, mixing ratio 0.143, RTD study with NaCl"", ""pre_council/proposal and final_design do not support these as final executed conditions"", ""inventory contains no PFA tubing, no 0.75 mm reactor, and only a 21.0 bar BPR""] | [""BPR setpoint 3.0 bar stated in explanation"", ""PFA tubing 0.75 mm ID stated in explanation"", ""reactor volume 2.6258 mL stated in explanation"", ""UA=4.201283 W/K stated in explanation""]","Delete unsupported conversion, mechanism-performance, RTD, Reynolds, mixing, UA, and alternate-hardware claims from $.record_sections.explanation, and replace them with only supported statements tied to the inventory-backed final design. | Remove all references to non-inventory equipment and recalculate or remove derived metrics; replace with values consistent with the actual final design.",/home/amirreza/Documents/codes/Flow Agent/ablation_results/newgen_benchmark/newgen_production_three_case_20260813_150731/hydrogenolysis_qwen27b_full_flowpilot/result.json
FP-AUDIT-025,NEEDS_TECHNICAL_ADJUDICATION,LLM_CONSENSUS_REQUIRES_TECHNICAL_REVIEW,MAJOR,,False,False,Qwen3.6-27B,Hydrogenolysis,H-6FDB11C,numerical_engineering,HN-01,Pressure basis and stream phase labeling are numerically inconsistent across the record | Internally inconsistent gas pressure basis: 22.0132 bar absolute used in gas calculations despite 21 bar absolute declared,"[""record_sections.proposal.multiphase_metrics.gas_pressure_abs_bar"", ""record_sections.design_calculations.gas_pressure_abs_bar"", ""record_sections.process_topology.streams[1].stream_type"", ""record_sections.final_design.process_graph.topology.streams[1].stream_type""] | [""record_sections.proposal.multiphase_metrics.gas_pressure_abs_bar"", ""record_sections.design_calculations.gas_pressure_abs_bar"", ""record_sections.design_calculations.steps[5].values.gas_pressure_abs_bar"", ""record_sections.design_calculations.steps[8].values.gas_pressure_abs_bar"", ""record_sections.proposal.streams[1].reasoning"", ""record_sections.final_design.parameters.BPR_bar""]","[""22.0132"", ""22.0132"", ""liquid"", ""liquid""] | [""gas_pressure_abs_bar=22.0132 bar (used in compression and holdup calculations)"", ""BPR declared=21.0 bar absolute"", ""pressure_basis string='21 bar absolute used for gas compression'""]","Set a single explicit basis everywhere: either 21.0 bar absolute with recomputed in-channel gas values, or 21 barg with that label retained everywhere; update all topology gas stream_type entries from liquid to gas. | Replace 22.0132 bar with 21.0 bar absolute in all gas compression calculations and recompute in-channel flow, gas holdup, and gas-liquid ratio consistently.",/home/amirreza/Documents/codes/Flow Agent/ablation_results/newgen_benchmark/newgen_production_three_case_20260813_150731/hydrogenolysis_qwen27b_full_flowpilot/result.json
FP-AUDIT-026,NEEDS_TECHNICAL_ADJUDICATION,LLM_CONSENSUS_REQUIRES_TECHNICAL_REVIEW,MAJOR,,False,False,Qwen3.6-27B,Hydrogenolysis,H-6FDB11C,numerical_engineering,HN-03,Gas equivalents and STP/in-channel bookkeeping contain unresolved contradictions | In-channel H2 flow and gas holdup are internally contradictory across record sections and use wrong pressure basis,"[""record_sections.proposal.multiphase_metrics.explicit_gas_equiv_inlet"", ""record_sections.design_calculations.explicit_gas_equiv_inlet"", ""record_sections.proposal.inventory_constraints.flow_recalculation.target_gas_equiv_inlet"", ""record_sections.proposal.inventory_constraints.flow_recalculation.gas_equiv_supplied"", ""record_sections.final_design.streams[1].molar_equiv""] | [""record_sections.proposal.streams[1].gas_flow_actual_mL_min"", ""record_sections.proposal.multiphase_metrics.gas_flow_actual_mL_min"", ""record_sections.proposal.multiphase_metrics.gas_holdup"", ""record_sections.design_calculations.gas_holdup"", ""record_sections.design_calculations.steps[3].values.gas_holdup"", ""record_sections.design_calculations.gas_flow_actual_mL_min"", ""record_sections.design_calculations.steps[6].values.gas_flow_actual_mL_min""]","[""1.0"", ""1.0"", ""1.0"", ""1.0"", ""10.0""] | [""gas_flow_actual_mL_min=0.250317 (proposal streams, design_calculations top-level, step 6)"", ""gas_holdup=0.1368 (proposal multiphase_metrics, design_calculations top-level)"", ""gas_holdup=0.6132 (design_calculations steps 3 and 6)"", ""gas_liquid_ratio=0.1585 (proposal) vs 1.5854 (step 6)"", ""In-channel flow at 21 bar abs, 60°C: 4.458818×(333.15/273.15)/21=0.2313 mL/min; at 22.0132 bar: 0.2208 mL/min; neither matches 0.250317 mL/min exactly""]","Replace all accepted-design gas-equivalent fields with 10.0 and rerun consistency/validation so only one gas-equivalent basis remains. | Recalculate in-channel H2 flow using 21 bar absolute and 333.15 K throughout, derive a single consistent gas holdup, and propagate it uniformly to all sections.",/home/amirreza/Documents/codes/Flow Agent/ablation_results/newgen_benchmark/newgen_production_three_case_20260813_150731/hydrogenolysis_qwen27b_full_flowpilot/result.json
FP-AUDIT-027,NEEDS_TECHNICAL_ADJUDICATION,LLM_CONSENSUS_REQUIRES_TECHNICAL_REVIEW,MAJOR,,False,False,Qwen3.6-27B,Hydrogenolysis,H-6FDB11C,numerical_engineering,HN-04,Residence-time basis and reactor-volume closure are contradicted by incorrect recalculations | Residence time values are contradictory and mutually inconsistent across record sections,"[""record_sections.design_calculations.residence_time_basis"", ""record_sections.design_calculations.residence_time_inlet_min"", ""record_sections.design_calculations.residence_time_in_channel_min"", ""record_sections.design_calculations.reactor_volume_m3"", ""record_sections.design_calculations.steps[3].values.V_R_mL"", ""record_sections.final_design.parameters.residence_time_inlet_min"", ""record_sections.final_design.parameters.residence_time_in_channel_min""] | [""record_sections.proposal.residence_time_min"", ""record_sections.proposal.multiphase_metrics.nominal_liquid_empty_bed_time_min"", ""record_sections.proposal.multiphase_metrics.apparent_in_channel_time_min"", ""record_sections.design_calculations.residence_time_min"", ""record_sections.design_calculations.residence_time_in_channel_min"", ""record_sections.design_calculations.apparent_in_channel_time_min"", ""record_sections.design_calculations.steps[3].values.residence_time_in_channel_min"", ""record_sections.design_calculations.nominal_liquid_empty_bed_time_min"", ""record_sections.final_design.parameters.residence_time_min"", ""record_sections.final_design.parameters.residence_time_in_channel_min""]","[""in-channel pressure-corrected total residence time"", ""4.9686"", ""16.4"", ""7.756171116320185e-06"", ""7.756171116320185"", ""0.649814"", ""7.349213""] | [""nominal_liquid_empty_bed_time=19.00057 min (V_R=3 mL / Q_L=0.15789 mL/min = 19.00 min — checks out)"", ""apparent_in_channel_time=7.349213 min (proposal multiphase_metrics, design_calculations top-level)"", ""residence_time_in_channel_min=16.4 (design_calculations top-level field) vs 7.349213 (apparent_in_channel_time) vs 19.0006 (step 3)"", ""residence_time_inlet_min=0.649814 (proposal) vs 4.9686 (design_calculations top-level) vs 1.68 (step 3)"", ""Authoritative basis declared as 'nominal liquid empty-bed/contact time' = 19.00 min in final_design""]","Recompute all residence-time fields from the authoritative 3.0 mL reactor only, set reactor_volume_m3 to 3.0e-06, and align every residence-time basis label and value with the final selected basis. | Adopt one authoritative pressure basis, recompute all three residence times (liquid-only, inlet-STP, in-channel) from it, and remove or clearly mark all superseded intermediate values.",/home/amirreza/Documents/codes/Flow Agent/ablation_results/newgen_benchmark/newgen_production_three_case_20260813_150731/hydrogenolysis_qwen27b_full_flowpilot/result.json
FP-AUDIT-028,NEEDS_TECHNICAL_ADJUDICATION,LLM_CONSENSUS_REQUIRES_TECHNICAL_REVIEW,MAJOR,,False,False,Qwen3.6-27B,Hydrogenolysis,H-6FDB11C,numerical_engineering,HN-05,BPR requirement and absolute/gauge pressure statements are self-contradictory | BPR step reports required BPR as 3.0 bar while the declared and used setpoint is 21.0 bar,"[""record_sections.design_calculations.steps[8].values.bpr_bar"", ""record_sections.design_calculations.bpr_pressure_bar"", ""record_sections.final_design.parameters.BPR_bar"", ""record_sections.design_calculations.pressure_basis""] | [""record_sections.design_calculations.steps[8].values.bpr_bar"", ""record_sections.design_calculations.bpr_pressure_bar"", ""record_sections.final_design.parameters.BPR_bar"", ""record_sections.proposal.BPR_bar""]","[""3.0"", ""21.0"", ""21.0"", ""21 bar absolute used for gas compression""] | [""design_calculations.steps[8].values.bpr_bar=3.0"", ""design_calculations.bpr_pressure_bar=21.0"", ""final_design.parameters.BPR_bar=21.0""]","Remove or relabel the 3.0 bar value as a generic minimum theoretical statement if retained, and keep the executable design pressure consistently at the selected 21.0 bar with one explicit basis. | Correct design_calculations.steps[8].values.bpr_bar to 21.0 bar to match the declared inventory setpoint and remove the inconsistent 3.0 bar figure.",/home/amirreza/Documents/codes/Flow Agent/ablation_results/newgen_benchmark/newgen_production_three_case_20260813_150731/hydrogenolysis_qwen27b_full_flowpilot/result.json
FP-AUDIT-029,NEEDS_TECHNICAL_ADJUDICATION,LLM_CONSENSUS_REQUIRES_TECHNICAL_REVIEW,MAJOR,,False,False,Qwen3.6-27B,Hydrogenolysis,H-6FDB11C,numerical_engineering,HN-06,Transport and heat calculations are based on a non-authoritative 7.76 mL reactor and inconsistent flow basis | Reactor sizing in design_calculations uses a phantom 7.76 mL reactor volume and 0.52 m length inconsistent with the 3.0 mL / 0.2 m inventory reactor,"[""record_sections.design_calculations.steps[3].values.V_R_mL"", ""record_sections.design_calculations.steps[3].values.L_m"", ""record_sections.design_calculations.steps[7].values.A_wall_m2"", ""record_sections.design_calculations.heat_transfer_area_m2"", ""record_sections.design_calculations.UA_W_K"", ""record_sections.final_design.process_graph.topology.unit_operations[3].parameters.length_m""] | [""record_sections.design_calculations.steps[3].values.V_R_mL"", ""record_sections.design_calculations.steps[3].values.L_m"", ""record_sections.design_calculations.reactor_volume_m3"", ""record_sections.design_calculations.tubing_length_m"", ""record_sections.final_design.parameters.reactor_volume_mL"", ""record_sections.process_topology.unit_operations[3].parameters.length_m"", ""record_sections.design_calculations.steps[7].values.A_wall_m2"", ""record_sections.design_calculations.steps[7].values.Q_rem_W""]","[""7.756171116320185"", ""0.5218900135305341"", ""0.007132247845702031"", ""0.00713225"", ""2.139674"", ""0.2""] | [""design_calculations.steps[3].values.V_R_mL=7.756 mL (derived from gas holdup 0.613 and liquid holdup 3.0 mL)"", ""design_calculations.tubing_length_m=0.5219 m"", ""design_calculations.steps[7].values.A_wall_m2=0.007132 m² (from L=0.52 m)"", ""inventory reactor: volume_mL=3.0, length=0.2 m (configuration field)"", ""process_topology reactor length_m=0.2"", ""heat removal Q_rem=21.40 W uses A=0.00713 m² (L=0.52 m) vs correct A=π×0.00435×0.2=0.002734 m²""]","Recalculate all transport and heat quantities from reactor_h2_pbr_300 geometry and the selected final flows only, then replace the inconsistent 7.76 mL/0.52 m derived metrics. | Fix all transport and heat calculations to use V_R=3.0 mL and L=0.2 m; recompute Pe, ΔP, A_wall, Q_rem, and Da_th from these authoritative dimensions.",/home/amirreza/Documents/codes/Flow Agent/ablation_results/newgen_benchmark/newgen_production_three_case_20260813_150731/hydrogenolysis_qwen27b_full_flowpilot/result.json
FP-AUDIT-030,NEEDS_TECHNICAL_ADJUDICATION,LLM_CONSENSUS_REQUIRES_TECHNICAL_REVIEW,MAJOR,,False,False,Qwen3.6-27B,Hydrogenolysis,H-6FDB11C,process_inventory,HP-01,Process graph misclassifies gas feed and omits executable nitrogen purge path | Gas stream s2 typed as 'liquid' in topology; heater node placed after reactor in serial PID string,"[""$.record_sections.final_design.process_graph.topology.streams[1].stream_type"", ""$.record_sections.process_topology.streams[1].stream_type"", ""$.record_sections.process_requirements_topology.streams[1].stream_type"", ""$.record_sections.proposal.pre_reactor_steps[0]"", ""$.record_sections.proposal.pre_reactor_steps[3]"", ""$.record_sections.design_realization.safety_contract.required_controls[0]""] | [""record_sections.final_design.process_graph.topology.streams[1].stream_type"", ""record_sections.process_requirements_topology.streams[1].stream_type"", ""record_sections.process_topology.streams[1].stream_type"", ""record_sections.final_design.process_graph.topology.pid_description""]","[""\""liquid\"""", ""\""liquid\"""", ""\""liquid\"""", ""\""Purge system with N2 to remove O2...\"""", ""\""Purge the assembled system with the declared nitrogen supply before reagent feed startup.\"""", ""\""Leak-test and purge with the declared nitrogen line before admitting hydrogen.\""""] | [""stream_id s2 from pump_gas feed to mixer_1: stream_type='liquid'"", ""pid_description order: ...Packed-Bed Reactor -> Temperature Control 60 deg C -> BPR...""]","Change $.record_sections.final_design.process_graph.topology.streams[1].stream_type, $.record_sections.process_topology.streams[1].stream_type, and $.record_sections.process_requirements_topology.streams[1].stream_type to ""gas"", and add the N2 purge supply path with its connection points and startup/shutdown use. | Set stream s2 stream_type to 'gas' in all topology sections; represent bath_h2_60 as a reactor-integrated controller rather than a downstream serial unit operation.",/home/amirreza/Documents/codes/Flow Agent/ablation_results/newgen_benchmark/newgen_production_three_case_20260813_150731/hydrogenolysis_qwen27b_full_flowpilot/result.json
FP-AUDIT-031,NEEDS_TECHNICAL_ADJUDICATION,LLM_CONSENSUS_REQUIRES_TECHNICAL_REVIEW,MAJOR,,False,False,Qwen3.6-27B,Hydrogenolysis,H-6FDB11C,process_inventory,HP-03,Gas-liquid mixer and separator capability checks use incorrect total flow and phase definitions | Liquid flow rate 0.15789 mL/min is below pump minimum of 0.1 mL/min — borderline feasible — but in-channel H2 flow calculation is internally inconsistent and mixer total_flow_mL_min omits gas contribution,"[""$.record_sections.final_design.instrument_manifest[2].settings[0].total_flow_mL_min"", ""$.record_sections.inventory_allocation.assignments[2].settings.total_flow_mL_min"", ""$.record_sections.process_topology.unit_operations[6].parameters.phases"", ""$.record_sections.final_design.process_graph.topology.unit_operations[6].parameters.phases"", ""$.record_sections.proposal.streams[1].gas_flow_actual_mL_min"", ""$.record_sections.proposal.streams[0].flow_rate_mL_min""] | [""record_sections.proposal.streams[1].gas_flow_actual_mL_min"", ""record_sections.proposal.multiphase_metrics.gas_flow_actual_mL_min"", ""record_sections.proposal.multiphase_metrics.gas_actual_uncapped_mL_min"", ""record_sections.final_design.process_graph.topology.instrument_manifest[2].settings[0].total_flow_mL_min"", ""record_sections.proposal.multiphase_metrics.gas_pressure_abs_bar"", ""record_sections.design_realization.decisions[2].in_channel_mL_min""]","[""0.15789"", ""0.15789"", ""[\""liquid\"",\""liquid\""]"", ""[\""liquid\"",\""liquid\""]"", ""0.250317"", ""0.15789""] | [""gas_flow_actual_mL_min=0.250317 in streams and design_realization"", ""gas_actual_uncapped_mL_min=0.025 in multiphase_metrics (contradicts 0.250317)"", ""mixer total_flow_mL_min=0.15789 (liquid only, gas omitted)"", ""gas_pressure_abs_bar=22.0132 in multiphase_metrics vs. 21.0 bar absolute stated in design_realization"", ""in-channel H2 flow check: 4.458818 sccm × (1/21) × (333.15/273.15) = 4.458818 × 0.04762 × 1.2196 ≈ 0.2588 mL/min, not 0.250317""]","Update mixer total_flow_mL_min in manifests/allocations to ~0.408207 mL/min or explicitly label it as liquid-only rather than total, and change separator phases in topology records to [""gas"",""liquid""]. | Reconcile gas_actual_uncapped_mL_min to 0.250317 mL/min, fix pressure basis to a single consistent value (21 bar absolute), recompute in-channel flow accordingly (~0.259 mL/min), and update mixer total_flow_mL_min to include gas flow (~0.408 mL/min).",/home/amirreza/Documents/codes/Flow Agent/ablation_results/newgen_benchmark/newgen_production_three_case_20260813_150731/hydrogenolysis_qwen27b_full_flowpilot/result.json
FP-AUDIT-032,NEEDS_TECHNICAL_ADJUDICATION,LLM_CONSENSUS_REQUIRES_TECHNICAL_REVIEW,CRITICAL,,False,False,Qwen3.6-27B,Hydrogenolysis,H-6FDB11C,process_inventory,HP-04,"Cross-record contradictions in hydrogen pressure basis, gas flow, equivalents, residence times, and design status are falsely validated | H2 equivalents inconsistently reported as both 10.0 and 1.0 across record sections; tau_inlet calculation is arithmetically wrong","[""$.record_sections.proposal.multiphase_metrics.gas_pressure_abs_bar"", ""$.record_sections.proposal.multiphase_metrics.pressure_basis"", ""$.record_sections.design_realization.decisions[2].pressure_absolute_bar"", ""$.record_sections.proposal.multiphase_metrics.gas_flow_sccm"", ""$.record_sections.proposal.multiphase_metrics.gas_flow_actual_mL_min"", ""$.record_sections.proposal.multiphase_metrics.target_gas_equiv_inlet"", ""$.record_sections.proposal.multiphase_metrics.explicit_gas_equiv_inlet"", ""$.record_sections.proposal.multiphase_metrics.residence_time_inlet_min"", ""$.record_sections.proposal.multiphase_metrics.residence_time_in_channel_min"", ""$.record_sections.proposal.multiphase_metrics.nominal_liquid_empty_bed_time_min"", ""$.record_sections.final_design.parameters.residence_time_inlet_min"", ""$.record_sections.final_design.parameters.residence_time_in_channel_min"", ""$.record_sections.inventory_constraints.flow_recalculation.gas_flow_sccm"", ""$.record_sections.inventory_constraints.flow_recalculation.gas_flow_actual_mL_min"", ""$.record_sections.inventory_constraints.flow_recalculation.target_gas_equiv_inlet"", ""$.record_sections.inventory_constraints.final_validation.checks.calculation_matches_serialized_design"", ""$.record_sections.final_design.diagnostic.message"", ""$.record_sections.final_design.status""] | [""record_sections.proposal.streams[1].molar_equiv"", ""record_sections.proposal.multiphase_metrics.target_gas_equiv_inlet"", ""record_sections.proposal.multiphase_metrics.explicit_gas_equiv_inlet"", ""record_sections.proposal.multiphase_metrics.o2_equiv_supplied"", ""record_sections.inventory_constraints.flow_recalculation.target_gas_equiv_inlet"", ""record_sections.inventory_constraints.flow_recalculation.gas_equiv_supplied"", ""record_sections.design_realization.decisions[2].target_equiv"", ""record_sections.proposal.residence_time_inlet_min"", ""record_sections.design_realization.decisions[5].tau_inlet_min""]","[""22.0132"", ""\""21 bar absolute used for gas compression\"""", ""21.0"", ""4.458818"", ""0.250317"", ""10.0"", ""1.0"", ""4.9686"", ""16.4"", ""19.00057"", ""0.649814"", ""7.349213"", ""0.44589"", ""0.02503"", ""1.0"", ""true"", ""\""No executable final design exists. Values in this diagnostic section are unapproved intermediate calculations.\"""", ""\""executable\""""] | [""streams[1].molar_equiv=10.0 and design_realization target_equiv=10.0"", ""multiphase_metrics.explicit_gas_equiv_inlet=1.0 and flow_recalculation.target_gas_equiv_inlet=1.0, gas_equiv_supplied=1.0"", ""tau_inlet_min=0.649814 reported; check: V_R/(Q_liq+Q_gas_STP)=3.0/(0.15789+4.458818/1000×1000... i.e. 3.0/(0.15789+4.458818)=3.0/4.6167=0.6498 — this is correct only if Q_gas_STP is in mL/min=4.458818, which is sccm treated as mL/min""]","Remove or clearly mark rejected calculations; propagate one authoritative set across all sections for pressure basis, H2 STP flow, in-channel flow, H2 equivalents, inlet/in-channel residence times, and status messaging, then rerun validation so calculation_matches_serialized_design only remains true if all serialized records agree. | Purge all equiv=1.0 entries from multiphase_metrics and flow_recalculation sections and replace with the authoritative value of 10.0 equivalents consistent with design_realization.",/home/amirreza/Documents/codes/Flow Agent/ablation_results/newgen_benchmark/newgen_production_three_case_20260813_150731/hydrogenolysis_qwen27b_full_flowpilot/result.json
FP-AUDIT-033,NEEDS_TECHNICAL_ADJUDICATION,LLM_CONSENSUS_REQUIRES_TECHNICAL_REVIEW,MAJOR,,False,False,Qwen3.6-27B,Hydrogenolysis,H-6FDB11C,process_inventory,HP-05,Preparation and work-up omit essential startup disposition and analytical qualification details | Startup collection / steady-state qualification window not specified; analytical qualification absent; catalyst loading mass not stated,"[""$.record_sections.proposal.pre_reactor_steps"", ""$.record_sections.proposal.post_reactor_steps"", ""$.record_sections.final_design.stages"", ""$.record_sections.final_design.process_graph.topology.unit_operations"", ""$.record_sections.design_realization.safety_contract.required_controls""] | [""record_sections.proposal.pre_reactor_steps"", ""record_sections.proposal.post_reactor_steps"", ""record_sections.design_realization.safety_contract""]","[""[\""Purge system with N2 to remove O2 (Chemistry Plan: deoxygenation_required to prevent catalyst oxidation and explosion hazard).\"",\""Switch to H2 flow and pressurize to 21 bar.\"",\""Start liquid pump (DMAOL/MeOH) and H2 MFC.\"",\""Purge the assembled system with the declared nitrogen supply before reagent feed startup.\""]"", ""[\""Pass effluent through gas-liquid separator (separator_h2_gl) to remove unreacted H2.\"",\""Collect liquid product in grounded vented vessel (collector_h2_250).\"",\""Shutdown: Stop liquid pump, switch gas line to N2 to purge residual H2 from reactor and lines.\""]"", ""[]"", ""[no quench or waste operation recorded]"", ""[\""Leak-test and purge with the declared nitrogen line before admitting hydrogen.\"",\""Use grounded ventilation and remove ignition sources.\"",\""On shutdown stop hydrogen, displace residual gas with nitrogen, then depressurize through the controlled outlet.\""]""] | [""pre_reactor_steps list startup purge and pressurization but do not specify volume or time of startup collection to waste before steady-state sampling"", ""no analytical method or qualification criterion stated"", ""catalyst mass (0.5 g from batch) not translated to packed-bed loading specification""]","Add explicit startup discard/flush instructions until steady state, define when to begin product collection and how samples are analytically qualified, and record vent/waste handling or explicitly justify no quench and no separate waste stream. | Add a startup collection-to-waste step (minimum 3–5 reactor volumes at operating flow), specify a steady-state criterion (e.g., stable outlet composition by HPLC/GC), state the catalyst loading mass in grams, and identify the analytical method for conversion determination.",/home/amirreza/Documents/codes/Flow Agent/ablation_results/newgen_benchmark/newgen_production_three_case_20260813_150731/hydrogenolysis_qwen27b_full_flowpilot/result.json
FP-AUDIT-034,NEEDS_TECHNICAL_ADJUDICATION,LLM_CONSENSUS_REQUIRES_TECHNICAL_REVIEW,MAJOR,,False,False,Qwen3.6-27B,Hydrogenolysis,H-6FDB11C,safety_operations,HS-01,Hazard inventory omits catalyst and gas-separation hazards | Pd(OH)2/Al2O3 pyrophoricity and catalyst-specific hazards not identified; H2/methanol flammability envelope incomplete,"[""$.record_sections.design_realization.safety_contract.hazards"", ""$.record_sections.chemistry_plan.incompatible_pairs"", ""$.record_sections.final_design.process_graph.topology.unit_operations[6].parameters.phases""] | [""safety_report"", ""design_realization.safety_contract.hazards"", ""chemistry_plan.incompatible_pairs""]","[""hazards=[\""flammable hydrogen\"",\""pressurized methanol service\""]"", ""incompatible_pairs=[[\""H2\"",\""O2\""],[\""H2\"",\""Air\""]]"", ""separator phases=[\""liquid\"",\""liquid\""]""] | [""hazards: [\""flammable hydrogen\"",\""pressurized methanol service\""]"", ""incompatible_pairs: [[\""H2\"",\""O2\""],[\""H2\"",\""Air\""]]"", ""chemistry_plan.deoxygenation_required: true""]","Add catalyst and vented gas-liquid separator hazards explicitly in the safety record and correct the separator phase designation to gas-liquid service. | Add Pd(OH)2/Al2O3 pyrophoricity on air exposure, methanol flammability range, H2 flammability range (4–75 vol%), and catalyst fines inhalation to the hazard register before execution.",/home/amirreza/Documents/codes/Flow Agent/ablation_results/newgen_benchmark/newgen_production_three_case_20260813_150731/hydrogenolysis_qwen27b_full_flowpilot/result.json
FP-AUDIT-035,NEEDS_TECHNICAL_ADJUDICATION,LLM_CONSENSUS_REQUIRES_TECHNICAL_REVIEW,MAJOR,,False,False,Qwen3.6-27B,Hydrogenolysis,H-6FDB11C,safety_operations,HS-02,"Preventive controls are incomplete for hydrogen venting and pressure-safe startup | No leak-test pressure specification, no explicit ventilation standard, no catalyst bed-opening procedure, and no inventory-minimization statement","[""$.record_sections.design_realization.safety_contract.required_controls"", ""$.record_sections.proposal.pre_reactor_steps"", ""$.record_sections.final_design.instrument_manifest[6]"", ""$.record_sections.final_design.instrument_manifest[7]""] | [""design_realization.safety_contract.required_controls"", ""safety_report"", ""proposal.pre_reactor_steps""]","[""required_controls=[\""Leak-test and purge with the declared nitrogen line before admitting hydrogen.\"",\""Use grounded ventilation and remove ignition sources.\"",\""On shutdown stop hydrogen, displace residual gas with nitrogen, then depressurize through the controlled outlet.\""]"", ""pre_reactor_steps include \""Switch to H2 flow and pressurize to 21 bar.\"" before liquid priming details"", ""separator=vented gas-liquid separator"", ""collector=grounded vented liquid collection vessel max_pressure_bar=1.0""] | [""required_controls: [\""Leak-test and purge with the declared nitrogen line before admitting hydrogen.\"",\""Use grounded ventilation and remove ignition sources.\"",\""On shutdown stop hydrogen, displace residual gas with nitrogen, then depressurize through the controlled outlet.\""]"", ""safety_report.total_checks: 0"", ""safety_report.critical: 0""]","Specify safe hydrogen vent routing after the separator, confirm atmospheric collection only after depressurization, and add solvent/N2 priming before switching to hydrogen and bringing the system to pressure. | Specify leak-test hold pressure and pass/fail criterion (e.g., ≤0.1 bar drop over 10 min at 21 bar N2), define ventilation standard with H2 detector setpoint, add inert-atmosphere catalyst bed-opening procedure, and state cylinder isolation policy.",/home/amirreza/Documents/codes/Flow Agent/ablation_results/newgen_benchmark/newgen_production_three_case_20260813_150731/hydrogenolysis_qwen27b_full_flowpilot/result.json
FP-AUDIT-036,NEEDS_TECHNICAL_ADJUDICATION,LLM_CONSENSUS_REQUIRES_TECHNICAL_REVIEW,MAJOR,,False,False,Qwen3.6-27B,Hydrogenolysis,H-6FDB11C,safety_operations,HS-03,Startup and shutdown sequence is not safely ordered end-to-end | Startup sequence omits leak-test acceptance criterion and steady-state criterion; shutdown sequence omits depressurization step and flushing of liquid lines,"[""$.record_sections.proposal.pre_reactor_steps"", ""$.record_sections.proposal.post_reactor_steps"", ""$.record_sections.design_realization.safety_contract.required_controls""] | [""proposal.pre_reactor_steps"", ""proposal.post_reactor_steps"", ""design_realization.safety_contract.required_controls""]","[""pre_reactor_steps=[\""Purge system with N2 to remove O2...\"",\""Switch to H2 flow and pressurize to 21 bar.\"",\""Start liquid pump (DMAOL/MeOH) and H2 MFC.\"",\""Purge the assembled system with the declared nitrogen supply before reagent feed startup.\""]"", ""post_reactor_steps=[\""Pass effluent through gas-liquid separator...\"",\""Collect liquid product...\"",\""Shutdown: Stop liquid pump, switch gas line to N2 to purge residual H2 from reactor and lines.\""]"", ""shutdown control omits explicit depressurization before vented collection confirmation""] | [""pre_reactor_steps: [\""Purge system with N2\"",\""Switch to H2 flow and pressurize to 21 bar\"",\""Start liquid pump and H2 MFC\"",\""Purge the assembled system with the declared nitrogen supply before reagent feed startup.\""]"", ""post_reactor_steps: [\""Pass effluent through gas-liquid separator\"",\""Collect liquid product\"",\""Shutdown: Stop liquid pump, switch gas line to N2 to purge residual H2 from reactor and lines.\""]""]","Rewrite startup and shutdown into one ordered procedure including N2 leak test, methanol priming, temperature stabilization, H2 admission/pressurization, reactive-feed transition, steady-state criteria, N2 displacement, controlled depressurization, and methanol flush. | Add a quantitative N2 leak-test acceptance criterion before H2 admission, define steady-state criteria, and add a methanol flush followed by controlled depressurization to the shutdown sequence.",/home/amirreza/Documents/codes/Flow Agent/ablation_results/newgen_benchmark/newgen_production_three_case_20260813_150731/hydrogenolysis_qwen27b_full_flowpilot/result.json
FP-AUDIT-037,NEEDS_TECHNICAL_ADJUDICATION,LLM_CONSENSUS_REQUIRES_TECHNICAL_REVIEW,MAJOR,,False,False,Qwen3.6-27B,Hydrogenolysis,H-6FDB11C,safety_operations,HS-04,"Quench and waste handling omits explicit reactive-gas disposal details | No explicit outlet depressurization procedure, no gas venting path specification, and no reactive-residue (Pd catalyst) disposal procedure","[""$.record_sections.chemistry_plan.quench_required"", ""$.record_sections.proposal.post_reactor_steps"", ""$.record_sections.final_design.process_graph.topology.unit_operations[6].parameters.phases""] | [""proposal.post_reactor_steps"", ""design_realization.safety_contract.required_controls"", ""chemistry_plan.quench_required"", ""chemistry_plan.quench_reasoning""]","[""quench_required=false"", ""post_reactor_steps only state separator then collection"", ""separator phases=[\""liquid\"",\""liquid\""]""] | [""quench_required: false"", ""quench_reasoning: \""Product is stable; separation from catalyst is sufficient\"""", ""post_reactor_steps mention separator and collector but no depressurization or venting path"", ""collector_h2_250.max_pressure_bar: 1.0""]","Document controlled depressurization through the BPR to the gas-liquid separator, safe venting of separated H2, methanolic liquid collection/waste segregation, and handling of any catalyst-containing residues. | Add a controlled depressurization step specifying rate and vent destination, specify H2 vent routing, add a spent-catalyst removal procedure under N2, and add methanol waste segregation to the waste section.",/home/amirreza/Documents/codes/Flow Agent/ablation_results/newgen_benchmark/newgen_production_three_case_20260813_150731/hydrogenolysis_qwen27b_full_flowpilot/result.json
FP-AUDIT-038,NEEDS_TECHNICAL_ADJUDICATION,LLM_CONSENSUS_REQUIRES_TECHNICAL_REVIEW,MAJOR,,False,False,Qwen3.6-27B,Hydrogenolysis,H-6FDB11C,evidence_uncertainty,HE-01,Held-out protocol facts and internal validations contradict the authoritative batch conversion and pressure basis records | Batch conversion misrepresented as 95% target; protocol states 38.1%,"[""$.record_sections.design_calculations.steps[0].values.X"", ""$.record_sections.design_calculations.steps[0].assumptions[0]"", ""$.record_sections.pre_council_proposal.chemistry_notes"", ""$.record_sections.proposal.multiphase_metrics.gas_pressure_abs_bar"", ""$.record_sections.design_calculations.gas_pressure_abs_bar"", ""$.record_sections.design_calculations.steps[8].summary""] | [""record_sections.design_calculations.steps[0].values.X"", ""record_sections.design_calculations.steps[0].assumptions[0]"", ""case_context.held_out_source_fact_check.batch_reference.conversion_pct""]","[""X = 0.95 with assumption 'Yield not specified → targeting 95 % conversion'"", ""'Conversion to 3-azetidinol was 38.1%' is omitted and replaced by 95% target"", ""'High pressure (21 bar) required for H2 solubility and safety'"", ""gas_pressure_abs_bar = 22.0132 while pressure_basis says '21 bar absolute used for gas compression'"", ""design_calculations.gas_pressure_abs_bar = 22.0132"", ""BPR step summary reports 'BPR REQUIRED: 3.0 bar' while values.bpr_bar = 3.0 and final design uses 21.0 bar""] | [""design_calculations.steps[0].values.X = 0.95"", ""assumption: 'Yield not specified → targeting 95% conversion'""]","Revise source-facing sections to state 'batch conversion observed = 38.1%; any screen target is an assumption for design only' and harmonize all pressure fields/summaries to one explicit basis with recalculated dependent gas-flow values. | Replace X=0.95 with the protocol-stated batch conversion of 0.381 (38.1%) as the reference point; recalculate all downstream metrics (STY, productivity, startup waste) using the corrected value.",/home/amirreza/Documents/codes/Flow Agent/ablation_results/newgen_benchmark/newgen_production_three_case_20260813_150731/hydrogenolysis_qwen27b_full_flowpilot/result.json
FP-AUDIT-039,NEEDS_TECHNICAL_ADJUDICATION,LLM_CONSENSUS_REQUIRES_TECHNICAL_REVIEW,MAJOR,,False,False,Qwen3.6-27B,Hydrogenolysis,H-6FDB11C,evidence_uncertainty,HE-02,"Estimated transport, kinetics, and thermochemistry are presented as validated facts or pass decisions without adequate assumption labeling | Multiple estimated/assumed quantities presented without explicit labeling as estimates","[""$.record_sections.design_calculations.steps[2].status"", ""$.record_sections.design_calculations.steps[2].summary"", ""$.record_sections.design_calculations.steps[2].assumptions[0]"", ""$.record_sections.design_calculations.steps[6].warnings[0]"", ""$.record_sections.design_calculations.steps[7].assumptions"", ""$.record_sections.council_messages[6].value""] | [""record_sections.design_calculations.steps[6].assumptions"", ""record_sections.design_calculations.steps[6].values.Da_mass"", ""record_sections.design_calculations.steps[2].values.gas_holdup"", ""record_sections.design_calculations.steps[7].assumptions"", ""record_sections.design_calculations.steps[1].values.k_flow""]","[""Step 2 status = PASS with summary 'τ = 19.0 min (council-approved — not re-derived from kinetics)'"", ""assumption 'τ set by ENGINE council — kinetics estimation bypassed'"", ""warning 'Da = 49.7 ≫ 1: severely mass-transfer limited' from assumed D and zero kLa"", ""heat-transfer assumptions include estimated ΔH_r ≈ -120 kJ/mol, U ≈ 300 W/m²·K, ΔT_lm ≈ 10 °C"", ""Skeptic message says 'all arithmetic checks passed. No calculation errors...' despite unresolved contradictory calculations elsewhere""] | [""D = 1e-09 m²/s assumed for DMAOL in methanol with no citation"", ""ΔH_r ≈ -120 kJ/mol 'estimated for hydrogenation' with no source"", ""gas_holdup = 0.613 derived from volumetric ratio without two-phase flow correlation citation"", ""k_flow = 0.002628 min⁻¹ labeled 'council-approved' with kinetics estimation bypassed"", ""Da_mass = 49.7 presented as a definitive finding despite being built on unvalidated D and k""]","Change affected step/status wording to ASSUMPTION/WARNING language, state that mass-transfer and thermal conclusions are provisional, and remove or qualify blanket audit-pass statements until contradictions are resolved. | Tag each derived metric that depends on an assumed input (D, ΔH_r, k, holdup model) with an explicit uncertainty qualifier at the point of reporting, not only in the assumptions sub-list.",/home/amirreza/Documents/codes/Flow Agent/ablation_results/newgen_benchmark/newgen_production_three_case_20260813_150731/hydrogenolysis_qwen27b_full_flowpilot/result.json
FP-AUDIT-040,NEEDS_TECHNICAL_ADJUDICATION,LLM_CONSENSUS_REQUIRES_TECHNICAL_REVIEW,MAJOR,,False,False,Qwen3.6-27B,Hydrogenolysis,H-6FDB11C,evidence_uncertainty,HE-03,Cited analogies are not relevant to the same chemistry and process regime being used to support this hydrogenolysis packed-bed design | Retrieved analogies are irrelevant to heterogeneous Pd(OH)2 hydrogenolysis in packed-bed gas-liquid-solid flow,"[""$.record_sections._analogies[0].metadata.chemistry_class"", ""$.record_sections._analogies[0].metadata.phase_regime"", ""$.record_sections._analogies[1].metadata.chemistry_class"", ""$.record_sections._analogies[1].metadata.photocatalyst"", ""$.record_sections._analogies[2].metadata.chemistry_class"", ""$.record_sections.design_calculations.n_analogy_datapoints""] | [""record_sections._analogies[0].record_id"", ""record_sections._analogies[1].record_id"", ""record_sections._analogies[2].record_id"", ""record_sections._analogies[0].metadata.chemistry_class"", ""record_sections._analogies[1].metadata.chemistry_class"", ""record_sections._analogies[2].metadata.chemistry_class""]","[""Analogy 1 chemistry_class = 'asymmetric hydrogenation'; phase_regime = 'single_phase_liquid'"", ""Analogy 2 chemistry_class = 'cross-coupling'; photocatalyst = 'Ni@poly-czbpy'"", ""Analogy 3 chemistry_class = 'Oxidation'"", ""design_calculations.n_analogy_datapoints = 3""] | [""Analogy 1: Rh-thiourea asymmetric homogeneous hydrogenation in DCM (single-phase liquid, no packed bed, no H2 gas-liquid-solid regime)"", ""Analogy 2: Ni photocatalyst metallaphotoredox cross-coupling in DMAC packed bed (photocatalysis, no H2, no hydrogenation)"", ""Analogy 3: H2O2 oxidation of cyclohexene in microchannel (oxidation, aqueous, no Pd, no hydrogenation)""]","Remove these analogies from quantitative support counts and either cite no analogy support or replace them with chemistry- and modality-matched heterogeneous H2 packed-bed references. | Replace analogies with literature examples of heterogeneous Pd(OH)2 or Pd/C hydrogenation/hydrogenolysis in continuous packed-bed flow reactors; if no relevant analogy exists, state that explicitly.",/home/amirreza/Documents/codes/Flow Agent/ablation_results/newgen_benchmark/newgen_production_three_case_20260813_150731/hydrogenolysis_qwen27b_full_flowpilot/result.json
FP-AUDIT-041,NEEDS_TECHNICAL_ADJUDICATION,LLM_CONSENSUS_REQUIRES_TECHNICAL_REVIEW,MAJOR,,False,False,Qwen3.6-27B,Hydrogenolysis,H-6FDB11C,evidence_uncertainty,HE-04,"Uncertainty is miscalibrated because failed checks and contradictions are not propagated into disposition and validation | Confidence and uncertainty calibration inconsistent: LOW confidence declared but design proceeds as if kinetics, conversion target, and gas holdup are validated","[""$.record_sections.design_calculations.steps[3].status"", ""$.record_sections.design_calculations.steps[3].warnings[0]"", ""$.record_sections.design_calculations.steps[6].status"", ""$.record_sections.design_calculations.mass_transfer_limited"", ""$.record_sections.proposal.inventory_constraints.final_validation.status"", ""$.record_sections.safety_report.screen_required"", ""$.record_sections.confidence"", ""$.record_sections.design_disposition.rationale""] | [""record_sections.proposal.confidence"", ""record_sections.design_calculations.steps[1].values.method"", ""record_sections.design_calculations.steps[6].values.Da_mass"", ""record_sections.design_calculations.steps[6].values.kLa_s"", ""record_sections.design_calculations.steps[3].values.gas_holdup"", ""record_sections.proposal.multiphase_metrics.gas_holdup"", ""record_sections.design_calculations.steps[2].values.gas_holdup""]","[""Step 3 status = WARNING with 'Pe = 12 < 100 — significant axial dispersion'"", ""Step 6 status = WARNING; mass_transfer_limited = true"", ""final_validation.status = 'ready'"", ""safety_report.screen_required = false"", ""confidence = 'LOW'"", ""design_disposition rationale: 'No deterministic hard-feasibility conflict was found'""] | [""confidence = LOW declared at proposal level"", ""kLa_s = 0.0 (no mass-transfer coefficient computed despite Da_mass = 49.7 flagged as severely mass-transfer limited)"", ""gas_holdup reported as both 0.1368 (proposal.multiphase_metrics) and 0.6132 (design_calculations.steps[3]) — unresolved internal contradiction"", ""kinetics bypassed ('council-approved') yet X=0.95 used for productivity with no uncertainty range on conversion"", ""Pe=11.6 flagged as inadequate but no disposition consequence stated""]","Set validation/disposition language to explicitly conditional screening readiness, mark screen_required true or equivalent, and list unresolved transport/RTD risks as reasons limiting confidence and execution claims. | Provide uncertainty ranges on conversion and productivity reflecting the bypassed kinetics; resolve the gas-holdup contradiction between sections; replace kLa=0 with a bounding estimate or explicitly state it is not calculable and explain the consequence for the SCREEN decision.",/home/amirreza/Documents/codes/Flow Agent/ablation_results/newgen_benchmark/newgen_production_three_case_20260813_150731/hydrogenolysis_qwen27b_full_flowpilot/result.json
FP-AUDIT-042,NEEDS_TECHNICAL_ADJUDICATION,LLM_CONSENSUS_REQUIRES_TECHNICAL_REVIEW,MAJOR,,False,False,Qwen3.6-27B,Hydrogenolysis,H-6FDB11C,system_consistency,HA-01,Conflicting numerical authorities remain serialized as current values | Conflicting authoritative numerical values across record sections without clear rejection,"[""$.record_sections.proposal.multiphase_metrics.gas_pressure_abs_bar"", ""$.record_sections.proposal.streams[1].reasoning"", ""$.record_sections.proposal.inventory_constraints.flow_recalculation.gas_flow_sccm"", ""$.record_sections.proposal.inventory_constraints.flow_recalculation.gas_flow_actual_mL_min"", ""$.record_sections.proposal.inventory_constraints.flow_recalculation.target_gas_equiv_inlet"", ""$.record_sections.final_design.streams[1].gas_flow_sccm"", ""$.record_sections.final_design.streams[1].gas_flow_actual_mL_min"", ""$.record_sections.final_design.streams[1].molar_equiv""] | [""record_sections.proposal.multiphase_metrics.gas_pressure_abs_bar"", ""record_sections.proposal.multiphase_metrics.residence_time_in_channel_min"", ""record_sections.proposal.multiphase_metrics.residence_time_inlet_min"", ""record_sections.design_realization.decisions[5].tau_liquid_min"", ""record_sections.proposal.streams[1].gas_flow_sccm"", ""record_sections.pre_council_proposal.streams[0].flow_rate_mL_min"", ""record_sections.pre_council_proposal.streams[1].gas_flow_sccm""]","[""proposal.multiphase_metrics.gas_pressure_abs_bar = 22.0132 while proposal.streams[1].reasoning states 21 bar absolute"", ""proposal.inventory_constraints.flow_recalculation gives gas_flow_sccm = 0.44589, gas_flow_actual_mL_min = 0.02503, target_gas_equiv_inlet = 1.0"", ""final_design.streams[1] gives gas_flow_sccm = 4.458818, gas_flow_actual_mL_min = 0.250317, molar_equiv = 10.0""] | [""proposal.multiphase_metrics.gas_pressure_abs_bar=22.0132 bar (contradicts stated 21 bar absolute basis)"", ""proposal.multiphase_metrics.residence_time_in_channel_min=16.4 vs design_realization tau_in_channel_min=7.349213"", ""proposal.multiphase_metrics.residence_time_inlet_min=4.9686 vs design_realization tau_inlet_min=0.649814"", ""proposal.multiphase_metrics.gas_sccm_uncapped=0.4459 vs gas_flow_sccm=4.458818 (10x discrepancy)"", ""proposal.multiphase_metrics.gas_actual_uncapped_mL_min=0.025 vs gas_flow_actual_mL_min=0.250317 (10x discrepancy)"", ""pre_council_proposal liquid flow=0.5 mL/min vs final 0.15789 mL/min (not marked rejected in proposal section)"", ""pre_council_proposal H2 flow=100 sccm vs final 4.458818 sccm (not marked rejected in proposal section)""]","Remove or explicitly mark as rejected the 1 equiv recalculation block and normalize all current gas-pressure and gas-flow fields to the selected final basis of 21 bar absolute with 4.458818 sccm, 0.250317 mL/min, and 10 H2 equivalents. | Mark all proposal.multiphase_metrics values and pre_council_proposal stream values as non-authoritative/rejected, correct the pressure basis to 21 bar absolute consistently, and ensure only the design_realization values propagate as authoritative.",/home/amirreza/Documents/codes/Flow Agent/ablation_results/newgen_benchmark/newgen_production_three_case_20260813_150731/hydrogenolysis_qwen27b_full_flowpilot/result.json
FP-AUDIT-043,NEEDS_TECHNICAL_ADJUDICATION,LLM_CONSENSUS_REQUIRES_TECHNICAL_REVIEW,MAJOR,,False,False,Qwen3.6-27B,Hydrogenolysis,H-6FDB11C,system_consistency,HA-02,Revision from pre-council design to final design is not truthfully propagated to all downstream artifacts | Revision from pre-council to final design lacks documented rationale for flow-rate change,"[""$.record_sections.pre_council_proposal.streams[0].flow_rate_mL_min"", ""$.record_sections.pre_council_proposal.streams[1].gas_flow_sccm"", ""$.record_sections.final_design.streams[0].flow_rate_mL_min"", ""$.record_sections.final_design.streams[1].gas_flow_sccm"", ""$.record_sections.final_design.process_graph.topology.unit_operations[6].parameters.phases"", ""$.record_sections.final_design.process_graph.topology.streams[1].stream_type"", ""$.record_sections.final_design.diagnostic.message""] | [""record_sections.pre_council_proposal.streams[0].flow_rate_mL_min"", ""record_sections.pre_council_proposal.reasoning_per_field.flow_rate_mL_min"", ""record_sections.design_realization.decisions[1]"", ""record_sections.council_messages[1].concern""]","[""pre_council liquid flow = 0.5 mL/min and H2 = 100 sccm changed to final 0.15789 mL/min and 4.458818 sccm"", ""separator phases serialized as [\""liquid\"",\""liquid\""]"", ""gas-feed stream to mixer serialized as stream_type = \""liquid\"""", ""diagnostic.message = \""No executable final design exists. Values in this diagnostic section are unapproved intermediate calculations.\"" despite final_design.status = \""executable\""""] | [""pre_council liquid flow=0.5 mL/min with stated rationale '~6 min residence time'"", ""final liquid flow=0.15789 mL/min (19 min nominal liquid residence time)"", ""council_messages[1] CandidateRefinementV4 concern='Candidate 1: skipped fluidics' with revision_required=true but suggested_revision=null"", ""No council message documents the specific numerical basis for changing from 0.5 to 0.15789 mL/min""]","Update downstream process_graph and diagnostic sections to reflect the final executable gas-liquid design, including gas stream typing, gas-liquid separator phases, and removal of the obsolete 'No executable final design exists' message. | Add a council message or deliberation entry documenting the specific rationale (target residence time or scale factor) that drove the flow-rate revision from 0.5 to 0.15789 mL/min.",/home/amirreza/Documents/codes/Flow Agent/ablation_results/newgen_benchmark/newgen_production_three_case_20260813_150731/hydrogenolysis_qwen27b_full_flowpilot/result.json
FP-AUDIT-044,NEEDS_TECHNICAL_ADJUDICATION,LLM_CONSENSUS_REQUIRES_TECHNICAL_REVIEW,MAJOR,,False,False,Qwen3.6-27B,Hydrogenolysis,H-6FDB11C,system_consistency,HA-03,Validation reports PASS despite unresolved contradictions in topology and calculations | Final validation PASS is inconsistent with unresolved numerical contradictions in the record,"[""$.record_sections.final_validation.checks.calculation_matches_serialized_design"", ""$.record_sections.final_validation.checks.topology_matches_serialized_design"", ""$.record_sections.final_validation.checks.gas_bookkeeping_complete"", ""$.record_sections.final_design.process_graph.topology.streams[1].stream_type"", ""$.record_sections.final_design.process_graph.topology.unit_operations[6].parameters.phases"", ""$.record_sections.proposal.inventory_constraints.flow_recalculation.gas_flow_sccm"", ""$.record_sections.final_design.streams[1].gas_flow_sccm""] | [""record_sections.final_validation.checks.calculation_matches_serialized_design"", ""record_sections.final_validation.checks.gas_bookkeeping_complete"", ""record_sections.proposal.multiphase_metrics.gas_pressure_abs_bar"", ""record_sections.proposal.multiphase_metrics.residence_time_in_channel_min"", ""record_sections.proposal.multiphase_metrics.gas_sccm_uncapped"", ""record_sections.final_validation.unresolved_reasons""]","[""final_validation marks calculation_matches_serialized_design = true, topology_matches_serialized_design = true, gas_bookkeeping_complete = true"", ""serialized topology labels gas feed stream as liquid and separator phases as liquid/liquid"", ""serialized recalculation block contains 0.44589 sccm while final design stream contains 4.458818 sccm""] | [""final_validation.checks.calculation_matches_serialized_design=true"", ""final_validation.checks.gas_bookkeeping_complete=true"", ""final_validation.unresolved_reasons=[]"", ""proposal.multiphase_metrics.gas_pressure_abs_bar=22.0132 (not 21.0)"", ""proposal.multiphase_metrics.residence_time_in_channel_min=16.4 vs authoritative 7.349213"", ""proposal.multiphase_metrics.gas_sccm_uncapped=0.4459 vs authoritative 4.458818""]","Set the affected validation checks to false or unresolved until the topology typing and gas-flow bookkeeping are corrected, then rerun validation against the corrected serialized design. | Either scope the validation explicitly to the design_realization block only (and document that exclusion) or re-run validation after correcting or retiring the contradicting multiphase_metrics values.",/home/amirreza/Documents/codes/Flow Agent/ablation_results/newgen_benchmark/newgen_production_three_case_20260813_150731/hydrogenolysis_qwen27b_full_flowpilot/result.json
FP-AUDIT-045,NEEDS_TECHNICAL_ADJUDICATION,LLM_CONSENSUS_REQUIRES_TECHNICAL_REVIEW,MAJOR,,False,False,Qwen3.6-27B,Hydrogenolysis,H-6FDB11C,system_consistency,HA-05,Record is not reproducible without choosing between conflicting execution descriptions | Independent reconstruction is blocked by multiple conflicting numerical sets with no clear scope boundary,"[""$.record_sections.final_design.parameters"", ""$.record_sections.final_design.process_graph.topology.streams[1].stream_type"", ""$.record_sections.final_design.process_graph.topology.unit_operations[6].parameters.phases"", ""$.record_sections.final_design.diagnostic.message"", ""$.record_sections.proposal.inventory_constraints.flow_recalculation""] | [""record_sections.proposal.multiphase_metrics"", ""record_sections.proposal.streams[1].gas_flow_sccm"", ""record_sections.design_realization.decisions[5]"", ""record_sections.final_design.parameters"", ""record_sections.final_design.diagnostic.message""]","[""final parameters specify executable gas-liquid run"", ""process graph encodes gas stream as liquid and separator as liquid/liquid"", ""diagnostic says no executable final design exists"", ""embedded recalculation block gives alternate 1 equiv hydrogen numbers""] | [""proposal.multiphase_metrics carries residence_time_in_channel_min=16.4, gas_pressure_abs_bar=22.0132, gas_sccm_uncapped=0.4459"", ""design_realization carries tau_in_channel_min=7.349213, pressure_absolute_bar=21.0, inlet_STP_sccm=4.458818"", ""final_design.diagnostic.message states 'No executable final design exists. Values in this diagnostic section are unapproved intermediate calculations.' yet the diagnostic section contains the same residence time values as the authoritative design"", ""H2 equivalents: proposal.multiphase_metrics.explicit_gas_equiv_inlet=1.0 vs design target_equiv=10.0 and supplied_equiv=10.0""]","Publish one cleaned final record containing only the accepted execution topology and matching calculations, with obsolete diagnostics and alternate gas-flow blocks removed or explicitly deprecated. | Annotate or remove all non-authoritative numerical blocks, ensure proposal.multiphase_metrics is clearly marked as a rejected intermediate, and confirm H2 equivalents=10.0 is the sole authoritative value throughout.",/home/amirreza/Documents/codes/Flow Agent/ablation_results/newgen_benchmark/newgen_production_three_case_20260813_150731/hydrogenolysis_qwen27b_full_flowpilot/result.json
FP-AUDIT-046,NEEDS_TECHNICAL_ADJUDICATION,LLM_CONSENSUS_REQUIRES_TECHNICAL_REVIEW,CRITICAL,,False,False,Qwen3.6-27B,Two-stage amidation,H-8623F1F,chemistry_protocol,HC-02,Feed compositions and stoichiometry are inconsistent with the protocol and internally contradictory | Stage 1 flow balance inconsistent: mixer total_flow_mL_min contradicts stream sum; Stage 2 flow balance wrong; residence times arithmetically incorrect,"[""$.record_sections.final_design.streams[1].concentration_M"", ""$.record_sections.final_design.streams[2].contents"", ""$.record_sections.final_design.streams[2].concentration_M"", ""$.record_sections.design_realization.feed_assignments[2].molar_equiv"", ""$.record_sections.chemistry_plan.stages[0].feed_streams[0].reagents"", ""$.record_sections.explanation""] | [""record_sections.final_design.streams[0].flow_rate_mL_min"", ""record_sections.final_design.streams[1].flow_rate_mL_min"", ""record_sections.final_design.instrument_manifest[2].settings[0].total_flow_mL_min"", ""record_sections.final_design.stages[0].residence_flow_mL_min"", ""record_sections.final_design.stages[0].residence_time_min"", ""record_sections.final_design.stages[1].residence_flow_mL_min"", ""record_sections.final_design.stages[1].residence_time_min"", ""record_sections.final_design.streams[2].flow_rate_mL_min"", ""record_sections.proposal.stage_parameters[1].Q_liquid_mL_min"", ""record_sections.proposal.stage_parameters[1].residence_time_min"", ""record_sections.proposal.multiphase_metrics.multistage_residence_time_inlet_min""]","[""0.667"", ""[\""Morpholine (0.667 M)\"",\""TBHP\"",\""Dioxane\""]"", ""0.667"", ""1.0"", ""[\""NaBr\"",\""H2SO4\"",\""H2O2\"",\""TBHP\""]"", ""\""Stream C: 0.25 mL/min ... significantly higher than A/B to maintain stoichiometry\""""] | [""Q_A=0.05 mL/min, Q_B=0.10 mL/min → Stage 1 cumulative = 0.15 mL/min"", ""Mixer ms_1 total_flow_mL_min reported as 0.2 (instrument_manifest)"", ""Stage 1 residence_flow_mL_min=0.15, residence_time_min=13.07 → 1.96/0.15=13.07 min (correct internally)"", ""Q_C=0.05 mL/min added at Stage 2; Stage 2 cumulative should be 0.15+0.05=0.20 mL/min"", ""Stage 2 residence_flow_mL_min=0.2, residence_time_min=65.4 → 13.08/0.20=65.4 min (correct internally)"", ""Total residence time reported=78.4667 min (13.0667+65.4=78.4667, consistent with these flows)"", ""Stream B concentration_M=0.667 but protocol requires 2.0 equiv H2O2 relative to 0.667 M substrate; with Q_B=0.10 and Q_A=0.05, in-reactor [H2O2] after mixing = 0.667*(0.10/0.15)=0.444 M, giving equiv=0.444/0.333=1.33 equiv, not 2.0"", ""Mixer ms_1 total_flow listed as 0.2 mL/min but A+B=0.15 mL/min""]","Revise all chemistry-bearing sections so B is specified as aqueous H2O2 1.334 M plus NaBr 2 mol% and H2SO4 1 mol%, C is specified as morpholine 0.667 M plus TBHP 0.667 M, set C oxidant equivalence explicitly, remove TBHP from stage 1, and delete the contradictory explanation flow narrative. | Either raise [H2O2]_B to ~2.0 M (keeping Q_B=0.10, Q_A=0.05) or adjust flow ratios so that moles H2O2 entering Stage 1 = 2.0 × moles benzyl alcohol; correct the mixer ms_1 total_flow entry to 0.15 mL/min.",/home/amirreza/Documents/codes/Flow Agent/ablation_results/newgen_benchmark/newgen_production_multistep_repaired_20260813_151952/multistep_qwen27b_full_flowpilot/result.json
FP-AUDIT-047,NEEDS_TECHNICAL_ADJUDICATION,LLM_CONSENSUS_REQUIRES_TECHNICAL_REVIEW,MAJOR,,False,False,Qwen3.6-27B,Two-stage amidation,H-8623F1F,chemistry_protocol,HC-03,"Stage flow totals, residence-time basis, and operating procedure details are misreported or missing in the final record | Explanation section reports hardware, flows, BPR, and residence time inconsistent with the final design; internal contradictions not resolved","[""$.record_sections.final_design.process_graph.topology.total_flow_rate_mL_min"", ""$.record_sections.final_design.instrument_manifest[2].settings[0].total_flow_mL_min"", ""$.record_sections.final_design.instrument_manifest[6].settings[0].total_flow_mL_min"", ""$.record_sections.final_design.parameters.residence_time_basis"", ""$.record_sections.explanation""] | [""record_sections.explanation (paragraph 1)"", ""record_sections.explanation.Operating Conditions.Flow Rate"", ""record_sections.explanation.Operating Conditions.Residence Time"", ""record_sections.explanation.Operating Conditions.Back Pressure"", ""record_sections.explanation.Hardware"", ""record_sections.final_design.parameters.BPR_bar"", ""record_sections.final_design.parameters.residence_time_min"", ""record_sections.final_design.parameters.flow_rate_mL_min""]","[""0.2"", ""0.2"", ""0.2"", ""\""sum of per-stage inlet/STP residence times\"""", ""No explicit startup order, steady-state collection criterion, shutdown sequence, or aqueous work-up procedure is provided in the final executable design; explanation instead states \""flow requires an inline quench\"".""] | [""Explanation: PFA tubing 0.75 mm ID, total reactor volume 5.967 mL, total flow 0.0663 mL/min, Stream C 0.25 mL/min, residence time 90.0 min, BPR 3.0 bar"", ""Final design: ID_mm=0.5, reactor_volume_mL=15.04, total flow=0.2 mL/min, BPR_bar=0.0, residence_time_min=78.4667"", ""Explanation also states 38% conversion prediction and BPR blockage risk""]","Set mixer_ms_1 total flow to 0.15 mL/min and mixer_ms_2 total flow to 0.20 mL/min wherever reported, relabel residence-time basis as liquid-only cumulative stage-flow residence time, and add explicit startup, steady-state collection, shutdown, and aqueous work-up instructions consistent with post-collection peroxide quench. | Rewrite the explanation to match the final_design parameters exactly; remove all references to 0.75 mm ID, 5.967 mL volume, 0.0663 mL/min total flow, 90 min residence time, and 3.0 bar BPR.",/home/amirreza/Documents/codes/Flow Agent/ablation_results/newgen_benchmark/newgen_production_multistep_repaired_20260813_151952/multistep_qwen27b_full_flowpilot/result.json
FP-AUDIT-048,NEEDS_TECHNICAL_ADJUDICATION,LLM_CONSENSUS_REQUIRES_TECHNICAL_REVIEW,MAJOR,,False,False,Qwen3.6-27B,Two-stage amidation,H-8623F1F,chemistry_protocol,HC-04,Record includes invented or unsupported chemistry and safety-performance claims | Explanation asserts unsupported BPR requirement and kinetic conversion prediction without stated basis,"[""$.record_sections.explanation"", ""$.record_sections.explanation"", ""$.record_sections.explanation"", ""$.record_sections.explanation"", ""$.record_sections.chemistry_plan.batch_limitations""] | [""record_sections.explanation.Operating Conditions.Back Pressure"", ""record_sections.explanation (Low Conversion Risk warning)"", ""record_sections.final_design.parameters.BPR_bar"", ""record_sections.chemistry_plan.intensification_mandate""]","[""\""The kinetic model predicts only 38% conversion (X=0.38) at 90.0 min residence time.\"""", ""\""closest literature analogy has a similarity score of 0.11\"""", ""\""Reynolds number is ~2\"""", ""\""install a heated filter upstream if solids form\"""", ""[\""mass_transfer_gas_liquid\""]""] | [""Explanation states BPR=3.0 bar as an operating condition"", ""Explanation states kinetic model predicts 38% conversion at 90 min"", ""No BPR hardware in inventory; final design BPR_bar=0.0"", ""No kinetic model or rate constants cited anywhere in the record""]","Delete the unsupported conversion, literature-similarity, Reynolds-number, heated-filter, and gas-liquid mass-transfer claims unless backed by supplied calculations and available inventory specific to this case. | Remove the BPR operating condition from the explanation; either cite the kinetic model and parameters underlying the conversion prediction or remove the claim.",/home/amirreza/Documents/codes/Flow Agent/ablation_results/newgen_benchmark/newgen_production_multistep_repaired_20260813_151952/multistep_qwen27b_full_flowpilot/result.json
FP-AUDIT-049,NEEDS_TECHNICAL_ADJUDICATION,LLM_CONSENSUS_REQUIRES_TECHNICAL_REVIEW,MAJOR,,False,False,Qwen3.6-27B,Two-stage amidation,H-8623F1F,numerical_engineering,HN-01,Residence-time basis and solvent descriptions are internally inconsistent | Stream B concentration inconsistent across sections; total_flow_rate in mixer manifest contradicts stage flow,"[""$.record_sections.final_design.parameters.residence_time_basis"", ""$.record_sections.final_design.parameters.flow_rate_basis"", ""$.record_sections.final_design.instrument_manifest[2].settings[0].total_flow_mL_min"", ""$.record_sections.final_design.instrument_manifest[6].settings[0].total_flow_mL_min"", ""$.record_sections.final_design.process_graph.topology.unit_operations[0].parameters.solvent"", ""$.record_sections.final_design.process_graph.topology.unit_operations[5].parameters.solvent""] | [""record_sections.pre_council_proposal.streams[1].concentration_M"", ""record_sections.proposal.streams[1].concentration_M"", ""record_sections.final_design.streams[1].concentration_M"", ""record_sections.final_design.instrument_manifest[2].settings[0].total_flow_mL_min"", ""record_sections.inventory_allocation.assignments[2].settings.total_flow_mL_min""]","[""\""sum of per-stage inlet/STP residence times\"""", ""\""final liquid outlet flow\"""", ""\""0.2\"""", ""\""0.2\"""", ""\""Dioxane/Water\"" for stream A"", ""\""Dioxane/Water\"" for stream C""] | [""pre_council_proposal stream B concentration_M = 1.334"", ""proposal/final_design stream B concentration_M = 0.667"", ""mixer_ms_1 total_flow_mL_min = 0.2 (instrument_manifest and allocation)"", ""stage 1 Q_liquid = 0.15 mL/min (A+B = 0.05+0.10)""]","Change residence_time_basis to a liquid-only cumulative-flow basis, set mixer_ms_1 total_flow_mL_min to 0.15, keep mixer_ms_2 at 0.20, and align process-graph solvent labels with the declared stream compositions. | Resolve stream B concentration to one authoritative value (1.334 M at 0.05 mL/min or 0.667 M at 0.10 mL/min) and propagate consistently; correct mixer M1 total_flow_mL_min to 0.15 mL/min everywhere.",/home/amirreza/Documents/codes/Flow Agent/ablation_results/newgen_benchmark/newgen_production_multistep_repaired_20260813_151952/multistep_qwen27b_full_flowpilot/result.json
FP-AUDIT-050,NEEDS_TECHNICAL_ADJUDICATION,LLM_CONSENSUS_REQUIRES_TECHNICAL_REVIEW,CRITICAL,,False,False,Qwen3.6-27B,Two-stage amidation,H-8623F1F,numerical_engineering,HN-02,Liquid material balance and equivalents for streams B and C are wrong | Stage 2 cumulative flow used for Stage 1 residence time; total residence time arithmetic does not close,"[""$.record_sections.final_design.streams[1].concentration_M"", ""$.record_sections.final_design.streams[1].molar_equiv"", ""$.record_sections.final_design.streams[2].concentration_M"", ""$.record_sections.final_design.streams[2].molar_equiv"", ""$.record_sections.final_design.streams[0].flow_rate_mL_min"", ""$.record_sections.final_design.streams[1].flow_rate_mL_min"", ""$.record_sections.final_design.streams[2].flow_rate_mL_min""] | [""record_sections.proposal.stage_parameters[0].Q_liquid_mL_min"", ""record_sections.proposal.stage_parameters[0].residence_time_min"", ""record_sections.proposal.stage_parameters[1].Q_liquid_mL_min"", ""record_sections.proposal.stage_parameters[1].residence_time_min"", ""record_sections.proposal.residence_time_min"", ""record_sections.design_calculations.stage_calculations[0].residence_time_min"", ""record_sections.design_calculations.stage_calculations[1].residence_time_min""]","[""stream B concentration_M = 0.667"", ""stream B molar_equiv = 2.0"", ""stream C concentration_M = 0.667"", ""stream C molar_equiv = 1.0"", ""stream A flow = 0.05 mL/min"", ""stream B flow = 0.10 mL/min"", ""stream C flow = 0.05 mL/min""] | [""Stage 1: V_R=1.96 mL, Q=0.15 mL/min, tau=13.0667 min"", ""Stage 2: V_R=13.08 mL, Q=0.2 mL/min, tau=65.4 min"", ""Reported total = 78.4667 min"", ""13.0667+65.4 = 78.4667 min (arithmetic closes)"", ""Hard constraint: stage residence time must use cumulative flow AFTER each mixer"", ""Stage 1 cumulative flow = Q_A+Q_B = 0.15 mL/min (correct)"", ""Stage 2 cumulative flow = Q_A+Q_B+Q_C = 0.15+0.05 = 0.20 mL/min (correct)"", ""But: morpholine (1 equiv) enters at 0.05 mL/min at 0.667 M giving molar flow = 0.0334 mmol/min; benzyl alcohol molar flow = 0.05×0.667 = 0.0334 mmol/min — equimolar, consistent"", ""Stream B at 0.667 M, Q=0.10 mL/min gives H2O2 molar flow = 0.0667 mmol/min = 2.0 equiv — consistent IF concentration is 0.667 M""]","Report component-wise concentrations and molar flows for H2O2, NaBr, H2SO4, morpholine, and TBHP, and revise stream B/C records so the stated concentrations reproduce the required equivalents at the declared pump rates. | Once stream B concentration is resolved (HN-01), re-verify molar flow equivalents; no arithmetic correction needed to the residence time or flow balance itself.",/home/amirreza/Documents/codes/Flow Agent/ablation_results/newgen_benchmark/newgen_production_multistep_repaired_20260813_151952/multistep_qwen27b_full_flowpilot/result.json
FP-AUDIT-051,NEEDS_TECHNICAL_ADJUDICATION,LLM_CONSENSUS_REQUIRES_TECHNICAL_REVIEW,MAJOR,,False,False,Qwen3.6-27B,Two-stage amidation,H-8623F1F,numerical_engineering,HN-04,Mixer and total-flow records contradict stage cumulative flows | Total residence time reported as 78.47 min contradicts design_calculations reactor sizing using V_R=15.69 mL at Q=0.2 mL/min,"[""$.record_sections.final_design.stages[0].Q_liquid_mL_min"", ""$.record_sections.final_design.stages[1].Q_liquid_mL_min"", ""$.record_sections.final_design.instrument_manifest[2].settings[0].total_flow_mL_min"", ""$.record_sections.final_design.instrument_manifest[6].settings[0].total_flow_mL_min"", ""$.record_sections.process_topology.total_flow_rate_mL_min"", ""$.record_sections.final_design.process_graph.topology.total_flow_rate_mL_min""] | [""record_sections.design_calculations.steps[2].values.V_R_mL"", ""record_sections.design_calculations.reactor_volume_mL"", ""record_sections.design_calculations.total_reactor_volume_mL"", ""record_sections.design_calculations.steps[2].values.L_m"", ""record_sections.proposal.multiphase_metrics.total_reactor_volume_mL"", ""record_sections.final_design.parameters.reactor_volume_mL"", ""record_sections.design_calculations.steps[8].values.dP_system_bar""]","[""stage 1 Q_liquid = 0.15"", ""stage 2 Q_liquid = 0.2"", ""M1 total_flow_mL_min = 0.2"", ""M2 total_flow_mL_min = 0.2"", ""process topology total_flow_rate_mL_min = 0.2"", ""process graph total_flow_rate_mL_min = 0.2""] | [""design_calculations step 3 V_R_mL = 15.6933 mL (derived from tau=78.47 min × Q=0.2 mL/min)"", ""design_calculations reactor_volume_mL = 15.04 (inventory total)"", ""design_calculations total_reactor_volume_mL = 15.04"", ""design_calculations step 3 L_m = 79.93 m (from 15.69 mL)"", ""Inventory reactor total = 1.96+13.08 = 15.04 mL"", ""Stage 1 tau=13.067 min at Q=0.15; Stage 2 tau=65.4 min at Q=0.20; sum=78.467 min"", ""15.04 mL / 0.2 mL/min = 75.2 min ≠ 78.467 min""]","Update all mixer and topology flow fields to distinguish stage-1 cumulative flow, stage-2 cumulative flow, and final outlet flow explicitly. | All global engineering calculations (step 3 onward) must use V_R=15.04 mL (inventory total) and recompute L, Pe, ΔP, A_wall, UA, and startup waste accordingly; alternatively, explicitly state that step 3 uses a kinetics-target volume distinct from the inventory volume and flag the discrepancy.",/home/amirreza/Documents/codes/Flow Agent/ablation_results/newgen_benchmark/newgen_production_multistep_repaired_20260813_151952/multistep_qwen27b_full_flowpilot/result.json
FP-AUDIT-052,NEEDS_TECHNICAL_ADJUDICATION,LLM_CONSENSUS_REQUIRES_TECHNICAL_REVIEW,MAJOR,,False,False,Qwen3.6-27B,Two-stage amidation,H-8623F1F,numerical_engineering,HN-06,"Transport, heat, productivity, and startup-waste calculations use incorrect reactor geometry and volume | Heat transfer area, pressure drop, and startup waste calculated from wrong reactor volume (15.693 mL instead of 15.04 mL)","[""$.record_sections.design_calculations.steps[3].values.V_R_mL"", ""$.record_sections.design_calculations.steps[3].values.L_m"", ""$.record_sections.design_calculations.steps[5].values.dP_bar"", ""$.record_sections.design_calculations.steps[7].values.A_wall_m2"", ""$.record_sections.design_calculations.steps[9].values.startup_waste_mL"", ""$.record_sections.design_calculations.total_reactor_volume_mL"", ""$.record_sections.multistage_inventory_plan.total_reactor_volume_mL""] | [""record_sections.design_calculations.steps[2].values.V_R_mL"", ""record_sections.design_calculations.steps[6].values.A_wall_m2"", ""record_sections.design_calculations.steps[6].values.Q_rem_W"", ""record_sections.design_calculations.steps[4].values.dP_bar"", ""record_sections.design_calculations.steps[8].values.startup_waste_mL"", ""record_sections.design_calculations.steps[2].values.L_m""]","[""V_R_mL = 15.69334"", ""L_m = 79.92552430789648"", ""dP_bar = 2.0493980852114126"", ""A_wall_m2 = 0.12554668181724551"", ""startup_waste_mL = 47.1"", ""design_calculations total_reactor_volume_mL = 15.04 with liquid_holdup_volume_mL = 0.0 elsewhere"", ""authoritative total_reactor_volume_mL = 15.04""] | [""V_R used in calculations = 15.693 mL, L=79.93 m"", ""A_wall = π×0.0005×79.93 = 0.12555 m²"", ""Q_rem = 300×0.12555×10 = 376.6 W"", ""ΔP = 128×μ×L×Q/(π×d⁴) with L=79.93 m → 2.049 bar"", ""startup_waste = 3×78.47×0.2 = 47.1 mL"", ""Correct L from inventory: π×(0.0005/2)²×L=15.04e-6 → L=76.62 m"", ""Correct ΔP with L=76.62 m → ~1.965 bar"", ""Correct A_wall = π×0.0005×76.62 = 0.1203 m²"", ""Correct startup waste = 3×(15.04/0.2) min × 0.2 = 45.12 mL or 3×78.47×0.2=47.1 mL depending on basis""]","Recalculate all transport, heat, and productivity-support metrics from the actual assigned coils and correct startup_waste_mL to 45.12 mL if using three total holdup volumes. | Recompute L, ΔP, A_wall, Q_rem, and startup waste using the inventory-consistent total reactor volume of 15.04 mL and the corresponding length of 76.62 m.",/home/amirreza/Documents/codes/Flow Agent/ablation_results/newgen_benchmark/newgen_production_multistep_repaired_20260813_151952/multistep_qwen27b_full_flowpilot/result.json
FP-AUDIT-053,NEEDS_TECHNICAL_ADJUDICATION,LLM_CONSENSUS_REQUIRES_TECHNICAL_REVIEW,MAJOR,,False,False,Qwen3.6-27B,Two-stage amidation,H-8623F1F,process_inventory,HP-01,Executable topology omits required quench/work-up/waste path and has inconsistent interstage sequencing in requirements topology | Stage 2 mixer total-flow setting inconsistent with cumulative inlet flow; mixer_ms_1 total_flow also wrong,"[""$.record_sections.final_design.process_graph.topology.unit_operations"", ""$.record_sections.final_design.process_graph.topology.streams"", ""$.record_sections.process_topology.unit_operations"", ""$.record_sections.process_topology.streams"", ""$.record_sections.process_requirements_topology.unit_operations"", ""$.record_sections.process_requirements_topology.streams""] | [""record_sections.instrument_manifest[2].settings[0].total_flow_mL_min"", ""record_sections.inventory_allocation.assignments[2].settings.total_flow_mL_min"", ""record_sections.final_design.process_graph.topology.unit_operations[2].parameters (st1_mixer)"", ""record_sections.final_design.process_graph.topology.unit_operations[6].parameters (st2_mixer) settings.total_flow_mL_min"", ""record_sections.final_design.stages[1].residence_flow_mL_min""]","[""final/process topology ends at collector_1 with no quench, separator, or waste operation"", ""process_requirements_topology inserts unassigned st1_post and st2_post mixer placeholders between reactor and collector""] | [""mixer_ms_1 total_flow_mL_min=0.2 (should be 0.15: Q_A+Q_B=0.05+0.1)"", ""mixer_ms_2 total_flow_mL_min=0.2 (should be 0.20: stage-1 effluent 0.15 + Q_C 0.05=0.20 — this is actually correct)"", ""Stage 2 Q_liquid=0.2 mL/min is consistent with 0.15+0.05""]","Add a consistent post-reactor handling definition across topology records, either by modeling a real quench/hold/phase-disposition path using available inventory plus clearly offline waste handling, or by removing placeholder ops and explicitly declaring quench/work-up as offline non-skid steps after collector_ms_250. | Set mixer_ms_1 total_flow_mL_min=0.15 everywhere it appears; verify Stage 1 residence time as 1.96/0.15=13.07 min (unchanged) and confirm Stage 2 mixer total_flow remains 0.20 mL/min.",/home/amirreza/Documents/codes/Flow Agent/ablation_results/newgen_benchmark/newgen_production_multistep_repaired_20260813_151952/multistep_qwen27b_full_flowpilot/result.json
FP-AUDIT-054,NEEDS_TECHNICAL_ADJUDICATION,LLM_CONSENSUS_REQUIRES_TECHNICAL_REVIEW,MAJOR,,False,False,Qwen3.6-27B,Two-stage amidation,H-8623F1F,process_inventory,HP-02,Named operations in requirements topology do not exist in inventory assignments | proposal.inventory_selection reports reactor_ms_196 but populates volume_mL with 13.08 (reactor_ms_1308 value),"[""$.record_sections.process_requirements_topology.unit_operations[5].op_id"", ""$.record_sections.process_requirements_topology.unit_operations[10].op_id"", ""$.record_sections.inventory_allocation.assignments""] | [""record_sections.proposal.inventory_selection.equipment_id"", ""record_sections.proposal.inventory_selection.volume_mL"", ""record_sections.proposal.inventory_selection.allowed_temperatures_C""]","[""st1_post"", ""st2_post"", ""No inventory assignment exists for these operations""] | [""equipment_id='reactor_ms_196'"", ""volume_mL=13.08"", ""allowed_temperatures_C=[80.0]""]","Delete st1_post and st2_post from the topology record or replace them with actual assigned inventory equipment IDs if such hardware is intended. | Correct proposal.inventory_selection to reflect reactor_ms_196 attributes (volume_mL=1.96, allowed_temperatures_C=[70.0]) or replace the block with the train-level entry.",/home/amirreza/Documents/codes/Flow Agent/ablation_results/newgen_benchmark/newgen_production_multistep_repaired_20260813_151952/multistep_qwen27b_full_flowpilot/result.json
FP-AUDIT-055,NEEDS_TECHNICAL_ADJUDICATION,TOLERANCE_REVIEW_REQUIRED,MAJOR,,True,False,Qwen3.6-27B,Two-stage amidation,H-8623F1F,process_inventory,HP-03,"Mixer total-flow settings are inconsistent with declared feed sums | Stage 2 residence time arithmetic error: 13.08 mL / 0.20 mL/min = 65.4 min is correct, but total residence time 78.4667 min does not equal 13.07+65.4=78.47 min — minor rounding only; primary error is that Stage 1 flow 0.15 mL/min is below pump_ms_A+pump_ms_B minimum combined feasibility and the TBHP concentration in stream C is unspecified, making capability feasibility unverifiable","[""$.record_sections.final_design.streams[0].flow_rate_mL_min"", ""$.record_sections.final_design.streams[1].flow_rate_mL_min"", ""$.record_sections.final_design.streams[2].flow_rate_mL_min"", ""$.record_sections.final_design.instrument_manifest[2].settings[0].total_flow_mL_min"", ""$.record_sections.final_design.instrument_manifest[6].settings[0].total_flow_mL_min"", ""$.record_sections.inventory_allocation.assignments[2].settings.total_flow_mL_min"", ""$.record_sections.inventory_allocation.assignments[6].settings.total_flow_mL_min""] | [""record_sections.proposal.streams[2].contents"", ""record_sections.final_design.streams[2].contents"", ""record_sections.proposal.stage_parameters[0].Q_liquid_mL_min"", ""record_sections.proposal.stage_parameters[1].Q_liquid_mL_min"", ""authoritative_inventory.pumps[2].compatible_materials""]","[""A=0.05 mL/min"", ""B=0.10 mL/min"", ""C=0.05 mL/min"", ""mixer_ms_1 total_flow_mL_min=0.2"", ""mixer_ms_2 total_flow_mL_min=0.2""] | [""Stream C contents: ['Morpholine (0.667 M)','TBHP','Dioxane'] — TBHP concentration not stated"", ""Stage 1 Q=0.15 mL/min (pump_ms_A at 0.05, pump_ms_B at 0.10, both ≥ min 0.05 — feasible)"", ""Stage 2 Q=0.20 mL/min — within mixer_ms_2 min 0.15 mL/min""]",Change all mixer_ms_1 total-flow settings to 0.15 mL/min while retaining mixer_ms_2 at 0.20 mL/min. | State TBHP concentration (M) and equivalents relative to benzyl alcohol in stream C preparation; confirm aqueous fraction is compatible with pump_ms_C.,/home/amirreza/Documents/codes/Flow Agent/ablation_results/newgen_benchmark/newgen_production_multistep_repaired_20260813_151952/multistep_qwen27b_full_flowpilot/result.json
FP-AUDIT-056,NEEDS_TECHNICAL_ADJUDICATION,LLM_CONSENSUS_REQUIRES_TECHNICAL_REVIEW,MAJOR,,False,False,Qwen3.6-27B,Two-stage amidation,H-8623F1F,process_inventory,HP-04,"Cross-record contradictions remain in reactor selection, flow basis, pressure, and executable-status claims | inventory_enforcement retains BPR_bar=3.0 in both first_pass and final_pass despite design_realization selecting BPR_bar=0.0 and no BPR being available","[""$.record_sections.proposal.inventory_selection.equipment_id"", ""$.record_sections.proposal.inventory_selection.volume_mL"", ""$.record_sections.proposal.inventory_selection.allowed_temperatures_C"", ""$.record_sections.proposal.reasoning_per_field.reactor_volume_mL"", ""$.record_sections.inventory_enforcement.first_pass.new.BPR_bar"", ""$.record_sections.inventory_enforcement.final_pass.new.BPR_bar"", ""$.record_sections.design_realization.decisions[1].selected_BPR_bar"", ""$.record_sections.final_design.parameters.residence_time_basis"", ""$.record_sections.final_design.stages[0].residence_time_basis"", ""$.record_sections.final_design.stages[1].residence_time_basis"", ""$.record_sections.final_design.diagnostic.message"", ""$.record_sections.final_design.status""] | [""record_sections.inventory_enforcement.first_pass.old.BPR_bar"", ""record_sections.inventory_enforcement.first_pass.new.BPR_bar"", ""record_sections.inventory_enforcement.final_pass.old.BPR_bar"", ""record_sections.inventory_enforcement.final_pass.new.BPR_bar"", ""record_sections.design_realization.decisions[1].selected_BPR_bar"", ""authoritative_inventory.pressure_controllers"", ""authoritative_inventory.BPR_available""]","[""proposal.inventory_selection.equipment_id='reactor_ms_196' with volume_mL=13.08 and allowed_temperatures_C=[80.0]"", ""inventory_enforcement first/final pass keep BPR_bar=3.0"", ""design_realization selected_BPR_bar=0.0"", ""final_design.parameters.residence_time_basis='sum of per-stage inlet/STP residence times' while stages use 'liquid-only stage residence time'"", ""diagnostic.message='No executable final design exists' while final_design.status='executable'""] | [""inventory_enforcement.first_pass.new.BPR_bar=3.0"", ""inventory_enforcement.final_pass.new.BPR_bar=3.0"", ""design_realization selected_BPR_bar=0.0"", ""BPR_available=[] (empty)""]","Purge or correct the contradictory finalized fields: fix proposal inventory_selection/reasoning_per_field, set inventory_enforcement BPR_bar to 0.0 or mark prior pass rejected, harmonize residence-time basis wording to liquid-only cumulative stage times, and remove the diagnostic executable-status contradiction from final records. | Set BPR_bar=0.0 in both inventory_enforcement first_pass.new and final_pass.new to match the design_realization decision and the empty BPR inventory.",/home/amirreza/Documents/codes/Flow Agent/ablation_results/newgen_benchmark/newgen_production_multistep_repaired_20260813_151952/multistep_qwen27b_full_flowpilot/result.json
FP-AUDIT-057,NEEDS_TECHNICAL_ADJUDICATION,LLM_CONSENSUS_REQUIRES_TECHNICAL_REVIEW,MAJOR,,False,False,Qwen3.6-27B,Two-stage amidation,H-8623F1F,process_inventory,HP-05,"Preparation and work-up instructions are incomplete for executable operation | Startup collection window, steady-state collection criterion, and quench reagent quantity/procedure are not specified","[""$.record_sections.final_design.streams"", ""$.record_sections.proposal.pre_reactor_steps"", ""$.record_sections.proposal.post_reactor_steps"", ""$.record_sections.final_design.process_graph.topology.unit_operations"", ""$.record_sections.final_design.feeds""] | [""record_sections.proposal.pre_reactor_steps"", ""record_sections.proposal.post_reactor_steps"", ""record_sections.design_realization.safety_contract.required_controls""]","[""Feeds list contents and concentrations but do not specify full three-feed preparation recipes or order-of-addition details within each feed"", ""post_reactor_steps mention quench with sodium thiosulfate or sodium sulfite but no amounts, method, or phase-separation/work-up sequence"", ""No startup discard volume/steady-state collection criterion is defined in final executable records""] | [""pre_reactor_steps: ['Degas solvents if necessary','Prime pumps A, B, and C']"", ""post_reactor_steps: ['Quench effluent with Sodium Thiosulfate or Sodium Sulfite','Collect in cooled peroxide-compatible collector']"", ""No startup dead-volume flush volume stated"", ""No steady-state criterion (e.g., ≥3 residence times) stated"", ""No quench reagent concentration or equivalents stated""]","Add explicit recipes for feeds A/B/C, define startup/priming order and when to begin steady-state collection, and specify quench reagent choice, amount or excess basis, phase handling, washes, drying/solvent removal, and analytical qualification/disposition. | Add explicit startup discard volume (≥15 mL or ≥1 total residence time at operating flow), a steady-state collection criterion, and a defined quench procedure with reagent concentration and equivalents relative to total peroxide fed.",/home/amirreza/Documents/codes/Flow Agent/ablation_results/newgen_benchmark/newgen_production_multistep_repaired_20260813_151952/multistep_qwen27b_full_flowpilot/result.json
FP-AUDIT-058,NEEDS_TECHNICAL_ADJUDICATION,LLM_CONSENSUS_REQUIRES_TECHNICAL_REVIEW,MAJOR,,False,False,Qwen3.6-27B,Two-stage amidation,H-8623F1F,safety_operations,HS-01,"Relevant peroxide, solvent, and generated-pressure hazards are incompletely recognized | Dioxane solvent hazard and morpholine-H2SO4 incompatibility not fully controlled; TBHP concentration unreported","[""$.record_sections.design_realization.safety_contract.hazards"", ""$.record_sections.chemistry_plan.incompatible_pairs"", ""$.record_sections.final_design.feeds"", ""$.record_sections.safety_report.validation_experiments""] | [""record_sections.chemistry_plan.incompatible_pairs"", ""record_sections.chemistry_plan.reagents"", ""record_sections.safety_report"", ""record_sections.design_realization.safety_contract.hazards""]","[""[\""organic/inorganic peroxide\"",\""acid-peroxide incompatibility\"",\""runaway/decomposition\""]"", ""[[\""H2SO4\"",\""Morpholine\""],[\""TBHP\"",\""Metal Surfaces\""]]"", ""Stage 2 feed contains TBHP in dioxane with no explicit flammability hazard listing"", ""Safety experiments discuss pressure drift/BPR although no BPR is available""] | [""Hazards listed: ['organic/inorganic peroxide','acid-peroxide incompatibility','runaway/decomposition']"", ""Dioxane (flammable, peroxide-forming solvent) not listed as a distinct hazard"", ""TBHP concentration in stream C not specified anywhere in the record"", ""chemistry_plan.incompatible_pairs includes ['H2SO4','Morpholine'] but no control is mapped to prevent their contact before stage separation""]","Amend the hazard list and incompatibility table to include gas-generation/overpressure, dioxane flammability and peroxide-forming solvent concerns, corrosive acid exposure, and H2SO4–morpholine neutralization/exotherm after interstage mixing and at quench. | Add dioxane peroxide-formation/flammability and TBHP (with stated concentration/grade) as explicit named hazards in the safety contract; add a control confirming H2SO4 and morpholine are never co-present before their respective mixers.",/home/amirreza/Documents/codes/Flow Agent/ablation_results/newgen_benchmark/newgen_production_multistep_repaired_20260813_151952/multistep_qwen27b_full_flowpilot/result.json
FP-AUDIT-059,NEEDS_TECHNICAL_ADJUDICATION,LLM_CONSENSUS_REQUIRES_TECHNICAL_REVIEW,CRITICAL,,False,False,Qwen3.6-27B,Two-stage amidation,H-8623F1F,safety_operations,HS-02,Preventive controls omit explicit pressure-relief/vented operation and collection-pressure control for peroxide service without a BPR | No back-pressure control specified despite operating aqueous peroxide at 70-80 °C; collector rated only 1.0 bar,"[""$.record_sections.design_realization.safety_contract.required_controls"", ""$.record_sections.final_design.process_graph.topology.unit_operations[9]"", ""$.record_sections.design_disposition.requirements.source_text"", ""$.record_sections.safety_report.validation_experiments""] | [""record_sections.design_realization.decisions[1]"", ""record_sections.design_disposition.requirements"", ""authoritative_inventory.collectors[0].max_pressure_bar"", ""record_sections.design_realization.safety_contract.required_controls"", ""record_sections.proposal.inventory_constraints.final_validation.checks.pressure_inventory_match""]","[""[\""Keep peroxide feeds segregated until their assigned mixer and use compatible wetted materials.\"",\""Prime with solvent before peroxide, prevent dead-heading, and monitor each reactor temperature.\"",\""Stop reagent feeds before solvent flushing and use cooled compatible collection/work-up.\""]"", ""Collector only assigned as outlet with no vented/depressurized handling statement"", ""Source requires explicit peroxide/acid/pressure safety controls and no BPR is available"", ""Validation experiments assume 3.0 bar BPR and BPR blockage detection despite no such hardware""] | [""selected_BPR_bar: 0.0"", ""collector_ms_250 max_pressure_bar: 1.0"", ""No BPR in inventory (BPR_available: [])"", ""Basis for 0 bar: 'No pressure controller or BPR setpoint is declared'"", ""No vapor-pressure or boiling-point check for dioxane/water at 70-80 °C is documented""]","Add concrete controls that the outlet line discharges freely into the compatible collector at ~1 bar absolute, no valve/restriction is placed downstream, coils are checked for unobstructed flow before peroxide introduction, and any bubbling/flow interruption triggers immediate reagent stop and solvent flush; remove BPR-dependent claims and experiments. | Add an explicit vapor-pressure and peroxide-decomposition gas check; confirm open-to-atmosphere outlet is safe at operating temperatures, or specify a passive restriction (e.g., outlet tubing length) to prevent flash vaporization and collector over-pressure.",/home/amirreza/Documents/codes/Flow Agent/ablation_results/newgen_benchmark/newgen_production_multistep_repaired_20260813_151952/multistep_qwen27b_full_flowpilot/result.json
FP-AUDIT-060,NEEDS_TECHNICAL_ADJUDICATION,LLM_CONSENSUS_REQUIRES_TECHNICAL_REVIEW,MAJOR,,False,False,Qwen3.6-27B,Two-stage amidation,H-8623F1F,safety_operations,HS-03,"Startup and shutdown sequence is not fully ordered for safe transition to reactive feeds and emergency stop | Startup sequence omits leak test, solvent-prime order, and steady-state criteria before reactive feed introduction","[""$.record_sections.proposal.pre_reactor_steps"", ""$.record_sections.design_realization.safety_contract.required_controls"", ""$.record_sections.final_design.process_graph.topology.streams"", ""$.record_sections.unit_operations""] | [""record_sections.proposal.pre_reactor_steps"", ""record_sections.design_realization.safety_contract.required_controls[1]"", ""record_sections.safety_report""]","[""[\""Degas solvents if necessary (though not strictly required per plan, good practice for peroxides)\"",\""Prime pumps A, B, and C with respective solutions\""]"", ""Controls mention priming and stopping reagent feeds before flushing but give no complete ordered startup/shutdown sequence"", ""Process topology shows hardware order only, not startup, steady-state, shutdown, depressurization, or emergency steps"", ""unit_operations section is null""] | [""pre_reactor_steps: ['Degas solvents if necessary','Prime pumps A, B, and C with respective solutions']"", ""safety_contract control: 'Prime with solvent before peroxide, prevent dead-heading, and monitor each reactor temperature'"", ""No leak test step documented"", ""No explicit steady-state criterion (e.g., number of reactor volumes, UV/inline check) before switching to product collection"", ""No ordered startup sequence distinguishing solvent-only prime from reactive feed introduction""]","Provide a numbered startup/shutdown SOP covering connection/leak check, solvent-only flow path verification, thermal equilibration, staged introduction of B then A/B then C as intended, steady-state wait before collection, normal reagent stop order, solvent flush duration/criterion, and emergency stop/depower/depressurize actions. | Add an explicit ordered startup protocol: leak test at max operating pressure with solvent, solvent-only prime of all three lines, sequential introduction of reactive feeds with defined order, and a steady-state criterion (e.g., ≥3 reactor volumes flushed) before diverting to the product collector.",/home/amirreza/Documents/codes/Flow Agent/ablation_results/newgen_benchmark/newgen_production_multistep_repaired_20260813_151952/multistep_qwen27b_full_flowpilot/result.json
FP-AUDIT-061,NEEDS_TECHNICAL_ADJUDICATION,LLM_CONSENSUS_REQUIRES_TECHNICAL_REVIEW,MAJOR,,False,False,Qwen3.6-27B,Two-stage amidation,H-8623F1F,safety_operations,HS-04,"Quench and waste handling lacks explicit venting, segregation, and collector-pressure instructions | Quench reagent specified but no concentration, volume ratio, or procedure for residual-peroxide destruction is given; outlet depressurization not addressed","[""$.record_sections.proposal.post_reactor_steps"", ""$.record_sections.chemistry_plan.quench_reagent"", ""$.record_sections.final_design.instrument_manifest[9]"", ""$.record_sections.design_realization.safety_contract.required_controls""] | [""record_sections.chemistry_plan.quench_reagent"", ""record_sections.chemistry_plan.quench_reasoning"", ""record_sections.proposal.post_reactor_steps"", ""record_sections.safety_report.validation_experiments""]","[""[\""Quench effluent with Sodium Thiosulfate or Sodium Sulfite to decompose residual peroxides\"",\""Collect in cooled peroxide-compatible collector\""]"", ""Quench reagent stated as \""Sodium Thiosulfate or Sodium Sulfite\"" with no procedure"", ""Collector is a 250 mL vessel with max_pressure_bar 1.0 but no venting/pressure instruction is given"", ""Controls mention cooled collection/work-up only""] | [""quench_reagent: 'Sodium Thiosulfate or Sodium Sulfite'"", ""post_reactor_steps: 'Quench effluent with Sodium Thiosulfate or Sodium Sulfite to decompose residual peroxides'"", ""No concentration, equivalents, or volume ratio for quench reagent stated"", ""No inline vs. offline quench distinction"", ""No confirmation that collector pressure is at atmospheric before opening"", ""safety_report validation_experiments reference a '3.0 bar BPR' that does not exist in this design""]","Specify collection into a vented cooled vessel, slow addition to an aqueous reducing quench under temperature control, verify peroxide destruction before phase handling, neutralize acidic aqueous layer as appropriate, and keep oxidizing aqueous waste separate from organic waste until rendered nonoxidizing. | Specify quench reagent concentration and minimum equivalents (e.g., ≥2 equiv Na2S2O3 relative to total peroxide loaded), state the addition point, confirm atmospheric pressure at collector before opening, and remove the phantom BPR reference from the safety_report validation experiments.",/home/amirreza/Documents/codes/Flow Agent/ablation_results/newgen_benchmark/newgen_production_multistep_repaired_20260813_151952/multistep_qwen27b_full_flowpilot/result.json
FP-AUDIT-062,NEEDS_TECHNICAL_ADJUDICATION,LLM_CONSENSUS_REQUIRES_TECHNICAL_REVIEW,MAJOR,,False,False,Qwen3.6-27B,Two-stage amidation,H-8623F1F,evidence_uncertainty,HE-01,Source/protocol facts are selectively contradicted and falsely validated | Council deliberation and DFMEA reference a BPR (3.0 bar) and gas-liquid/O2 regime that are absent from the inventory and contradicted by the protocol; these fabricated hardware and chemistry assumptions propagate into the final record without clear rejection,"[""$.record_sections.chemistry_plan.stages[0].feed_streams[0].reagents"", ""$.record_sections.council_messages[0].value"", ""$.record_sections.deliberation_log.rounds[0][0].chain_of_thought"", ""$.record_sections.safety_report.validation_experiments[0]"", ""$.record_sections.design_calculations.steps[1].values.method"", ""$.record_sections.proposal.inventory_constraints.final_validation.checks.calculation_matches_serialized_design""] | [""deliberation_log.rounds[0][1].chain_of_thought"", ""deliberation_log.rounds[1][0].chain_of_thought"", ""deliberation_log.summary"", ""safety_report.validation_experiments[0]"", ""council_messages[1].value"", ""council_messages[5].value"", ""design_calculations.steps[8].values.bpr_bar"", ""design_calculations.steps[8].warnings""]","[""[\""NaBr\"",\""H2SO4\"",\""H2O2\"",\""TBHP\""]"", ""\""Flags: O2_reagent, gas_liquid, multi_stage\"""", ""\""Since it is not photochemical or gas-liquid...\"" plus gas-liquid assumptions elsewhere"", ""\""Run 24-hour stability test with blank dioxane at 70°C and 3.0 bar BPR...\"""", ""\""council-approved\"""", ""\""true\""""] | [""CandidateRefinementV4 patches BPR_bar=3.0"", ""DrSafetyV4 evaluates BPR required=1.80 bar, current=3.00 bar"", ""ChiefV4 summary: BPR bar=3.0"", ""deliberation_log.all_changes_applied.BPR_bar=3.0"", ""safety_report validation experiment references 3.0 bar BPR"", ""design_calculations step 8 bpr_bar=0.0 (final) but warning says consider precautionary BPR"", ""council frames reaction as aerobic_oxidation with O2_reagent and gas_liquid flags""]","Remove invented O2/gas-liquid/BPR claims, correct stage-1 reagent provenance to A+B only before C addition, and set validation checks to false or revise them only after all source contradictions are resolved. | Explicitly mark all council reasoning, DFMEA entries, and validation experiments that assume a BPR or gas-liquid regime as rejected/superseded, and confirm that the final design is liquid-only with no BPR, consistent with the inventory.",/home/amirreza/Documents/codes/Flow Agent/ablation_results/newgen_benchmark/newgen_production_multistep_repaired_20260813_151952/multistep_qwen27b_full_flowpilot/result.json
FP-AUDIT-063,NEEDS_TECHNICAL_ADJUDICATION,LLM_CONSENSUS_REQUIRES_TECHNICAL_REVIEW,MAJOR,,False,False,Qwen3.6-27B,Two-stage amidation,H-8623F1F,evidence_uncertainty,HE-02,"Estimated and non-measured engineering quantities are presented as deterministic facts without adequate labeling | Kinetics and residence time are labeled 'council-approved' without derivation, yet the record simultaneously presents a first-order rate constant and conversion as if calculated, without distinguishing estimated from measured values","[""$.record_sections.proposal.heat_transfer_metrics"", ""$.record_sections.design_calculations.steps[6].summary"", ""$.record_sections.design_calculations.steps[6].assumptions[0]"", ""$.record_sections.design_calculations.steps[7].summary"", ""$.record_sections.design_calculations.steps[7].assumptions"", ""$.record_sections.design_calculations.rate_constant"", ""$.record_sections.reasoning_per_field.reactor_volume_mL""] | [""design_calculations.steps[2].values"", ""design_calculations.steps[2].assumptions"", ""design_calculations.rate_constant"", ""design_calculations.kinetics_method"", ""design_calculations.steps[2].summary"", ""deliberation_log.rounds[0][0].chain_of_thought"", ""deliberation_log.rounds[1][0].chain_of_thought""]","[""{\""surface_to_volume_m_inv\"":8000.0,\""heat_transfer_area_m2\"":0.10463765,\""UA_W_K\"":31.391296,\""heat_generation_W\"":0.138338,\""heat_removal_W\"":313.912964,\""thermal_damkohler\"":0.000441,\""heat_transfer_score\"":1.0}"", ""\""t_mix = 25.3 s, Da = 0.076 — Kinetically controlled — mixing is not limiting\"""", ""\""D = 1e-09 m²/s (typical for small organic molecules in liquid)\"""", ""\""Q_gen = 0.1904 W, Q_rem = 376.6400 W, Da_th = 0.0005 — Thermally safe\"""", ""[\""ΔH_r ≈ -60 kJ/mol (estimated for default)\"",\""U ≈ 300 W/m²·K (coil in temperature-controlled bath)\"",\""ΔT_lm ≈ 10.0 °C (conservative estimate)\""]"", ""0.00030312569018452955"", ""\""Exact inventory reactor reactor_ms_196 supplies V_R=15.04 mL.\""""] | [""kinetics_method=council-approved"", ""tau_primary_min=78.4667 labeled council-approved — kinetics estimation bypassed"", ""k_flow=0.000303 reported as a value"", ""IF_implied=22.9 reported"", ""DrKineticsV4 states tau_kinetics=187.37 min and X=0.38 as if calculated"", ""ChiefV4 states X=0.38 and conversion X=0.64 in different places"", ""design_calculations.steps[9] uses X=0.76 (batch yield) for STY and productivity""]","Relabel these outputs as assumption-dependent screening estimates with validation needed, and correct reactor volume provenance to the two-reactor total rather than a single reactor ID. | Label k, tau_kinetics, and all conversion estimates as model inferences with stated basis; explicitly note that X=0.76 used in STY is the batch yield assumed as a proxy, not a measured flow conversion.",/home/amirreza/Documents/codes/Flow Agent/ablation_results/newgen_benchmark/newgen_production_multistep_repaired_20260813_151952/multistep_qwen27b_full_flowpilot/result.json
FP-AUDIT-064,NEEDS_TECHNICAL_ADJUDICATION,LLM_CONSENSUS_REQUIRES_TECHNICAL_REVIEW,MAJOR,,False,False,Qwen3.6-27B,Two-stage amidation,H-8623F1F,evidence_uncertainty,HE-03,Cited analogies are not relevant to the same chemistry and regime being supported | Retrieved analogies are irrelevant to the two-stage liquid-phase peroxide oxidative amidation being designed,"[""$.record_sections._analogies[0].metadata"", ""$.record_sections._analogies[1].metadata"", ""$.record_sections._analogies[2].metadata"", ""$.record_sections.design_calculations.n_analogy_datapoints"", ""$.record_sections.design_calculations.if_analogy""] | [""_analogies[0].record_id"", ""_analogies[0].metadata"", ""_analogies[1].record_id"", ""_analogies[1].metadata"", ""_analogies[2].record_id"", ""_analogies[2].metadata"", ""_analogies[0].final_score"", ""_analogies[1].final_score"", ""_analogies[2].final_score""]","[""\""Oxidation\"" / \""packed-bed microreactor\"" / cyclohexene to adipic acid"", ""\""Oxidative cyanation\"" / \""PhotoFlow\"" / 750 nm / O2"", ""\""amidation\"" / enzymatic fixed bed column / oleic acid + ammonia"", ""2"", ""21.0""] | [""ceat.201200703.pdf: cyclohexene oxidative cleavage to adipic acid, packed-bed, final_score=0.1052"", ""photochemflow (60).pdf: photochemical singlet-oxygen oxidative cyanation, NIR LED, MeCN, final_score=0.0646"", ""bit.10613.pdf: enzymatic lipase amidation in 2M2B, fixed-bed column, final_score=0.0478""]","Remove analogy-derived quantitative support from calculations unless replaced with genuinely comparable two-stage oxidative amidation/liquid-flow references, or mark analogy support as absent. | Replace analogies with literature on NaBr/H2O2 or TBHP-mediated oxidative amidation in continuous coil reactors, or explicitly state that no relevant analogy was found and that the residence time is set conservatively from the batch time alone.",/home/amirreza/Documents/codes/Flow Agent/ablation_results/newgen_benchmark/newgen_production_multistep_repaired_20260813_151952/multistep_qwen27b_full_flowpilot/result.json
FP-AUDIT-065,NEEDS_TECHNICAL_ADJUDICATION,LLM_CONSENSUS_REQUIRES_TECHNICAL_REVIEW,MAJOR,,False,False,Qwen3.6-27B,Two-stage amidation,H-8623F1F,evidence_uncertainty,HE-04,"Uncertainty is miscalibrated because contradicted designs are marked ready and validation targets the wrong regime | Stage 2 flow rate is stated as 0.2 mL/min (Q_A+Q_B+Q_C=0.05+0.1+0.05=0.2) but the hard constraint requires stage 2 cumulative flow to include all three streams; the stage 2 residence time of 65.4 min is internally inconsistent with the reported total of 78.47 min, and the record does not acknowledge or bound this arithmetic discrepancy","[""$.record_sections.confidence"", ""$.record_sections.proposal.inventory_constraints.final_validation.status"", ""$.record_sections.proposal.inventory_constraints.final_validation.checks"", ""$.record_sections.safety_report.screen_required"", ""$.record_sections.safety_report.validation_experiments"", ""$.record_sections.design_disposition.rationale""] | [""proposal.stage_parameters[1].Q_liquid_mL_min"", ""proposal.stage_parameters[1].residence_time_min"", ""proposal.residence_time_min"", ""design_calculations.stage_calculations[1].Q_liquid_mL_min"", ""design_calculations.stage_calculations[1].residence_time_min"", ""design_calculations.multistage_residence_time_inlet_min"", ""design_calculations.steps[2].values.tau_primary_min""]","[""\""LOW\"""", ""\""ready\"""", ""{\""design_realization_complete\"":true,\""reactor_inventory_match\"":true,\""pump_flow_feasible\"":true,\""stream_flow_closure\"":true,\""stoichiometric_flow_closure\"":true,\""pressure_inventory_match\"":true,\""tubing_feasible\"":true,\""geometry_closure\"":true,\""calculation_matches_serialized_design\"":true,\""gas_bookkeeping_complete\"":true,\""safety_contract_complete\"":true,\""multistage_stage_inventory_complete\"":true,\""stage_geometry_closed\"":true}"", ""false"", ""[\""Run 24-hour stability test with blank dioxane at 70°C and 3.0 bar BPR...\"",\""Perform step-change test in gas flow rate...\"",\""Inject known solid particulates upstream to validate BPR blockage...\""]"", ""\""No deterministic hard-feasibility conflict was found. Treat the design as a first experimental screen until wet-lab evidence validates it.\""""] | [""Stage 1: Q=0.15 mL/min, tau=13.07 min (1.96/0.15=13.07 ✓)"", ""Stage 2: Q=0.2 mL/min, tau=65.4 min (13.08/0.2=65.4 ✓)"", ""Total reported=78.4667 min (13.07+65.4=78.47 ✓ arithmetic)"", ""But design_calculations.steps[2] tau_primary=78.4667 labeled as council-approved 90 min then overridden"", ""Council summary all_changes_applied.residence_time_min=90.0 not reconciled with final 78.47"", ""Confidence=LOW with no explicit uncertainty range on stage residence times beyond residence_time_range_min=[62.77,94.16] applied to total only""]","Set final validation to reflect unresolved issues, require screening/verification for the real no-BPR liquid-only setup, and replace gas/BPR validation experiments with tests relevant to peroxide compatibility, stage conversions, and pressure behavior in the actual inventory train. | Document the override from council tau=90 min to realizer tau=78.47 min with explicit justification, provide per-stage uncertainty bounds, and confirm whether the 78.47 min or 90 min value governs the experimental run.",/home/amirreza/Documents/codes/Flow Agent/ablation_results/newgen_benchmark/newgen_production_multistep_repaired_20260813_151952/multistep_qwen27b_full_flowpilot/result.json
FP-AUDIT-066,NEEDS_TECHNICAL_ADJUDICATION,LLM_CONSENSUS_REQUIRES_TECHNICAL_REVIEW,CRITICAL,,False,False,Qwen3.6-27B,Two-stage amidation,H-8623F1F,system_consistency,HA-01,"Conflicting authoritative totals and hardware values remain in current record | Stage 2 flow rate internally inconsistent: cumulative flow after C addition is 0.20 mL/min but must be 0.15+0.05=0.20 mL/min — however Stage 1 Q_liquid is stated as 0.15 mL/min (A+B) while Stage 2 Q_liquid is stated as 0.20 mL/min (A+B+C=0.05+0.10+0.05), which is arithmetically correct; the critical error is that the instrument_manifest and mixer_ms_2 settings record total_flow_mL_min=0.20 for Stage 2 mixer, yet the Stage 2 reactor Q_liquid_mL_min=0.20 is consistent — BUT the Stage 1 mixer (mixer_ms_1) settings record total_flow_mL_min=0.20, which contradicts the Stage 1 cumulative flow of 0.15 mL/min (A=0.05+B=0.10).","[""$.record_sections.final_design.parameters.residence_time_min"", ""$.record_sections.final_design.stages[0].residence_time_min"", ""$.record_sections.final_design.stages[1].residence_time_min"", ""$.record_sections.final_design.instrument_manifest[2].settings[0].total_flow_mL_min"", ""$.record_sections.final_design.instrument_manifest[6].settings[0].total_flow_mL_min"", ""$.record_sections.proposal.inventory_selection.equipment_id"", ""$.record_sections.proposal.inventory_selection.volume_mL"", ""$.record_sections.proposal.reasoning_per_field.reactor_volume_mL""] | [""final_design.instrument_manifest[2].settings[0].total_flow_mL_min"", ""final_design.process_graph.topology.instrument_manifest[2].settings[0].total_flow_mL_min"", ""final_design.stages[0].residence_flow_mL_min"", ""proposal.stage_parameters[0].Q_liquid_mL_min""]","[""total residence_time_min = 78.4667 while stage times are 13.0667 and 65.4"", ""stage times sum to 78.4667"", ""mixer_ms_1 total_flow_mL_min = 0.2 though stage 1 inlet flow is 0.15"", ""mixer_ms_2 total_flow_mL_min = 0.2 though interstage mixer inlet total is 0.2"", ""inventory_selection.equipment_id = reactor_ms_196 with volume_mL = 13.08"", ""reasoning_per_field.reactor_volume_mL says reactor_ms_196 supplies V_R = 15.04 mL""] | [""mixer_ms_1 total_flow_mL_min=0.20"", ""Stage 1 Q_liquid_mL_min=0.15 (A=0.05+B=0.10)""]","Set $.record_sections.final_design.instrument_manifest[2].settings[0].total_flow_mL_min to 0.15, keep stage 2 mixer at 0.20, and correct or remove proposal inventory_selection/reasoning fields so reactor_ms_196 maps only to 1.96 mL and total train volume 15.04 mL is attributed to the train, not a single reactor. | Set mixer_ms_1 total_flow_mL_min=0.15 in all instrument_manifest and process_graph records; verify Stage 1 residence time remains 1.96/0.15=13.07 min.",/home/amirreza/Documents/codes/Flow Agent/ablation_results/newgen_benchmark/newgen_production_multistep_repaired_20260813_151952/multistep_qwen27b_full_flowpilot/result.json
FP-AUDIT-067,NEEDS_TECHNICAL_ADJUDICATION,LLM_CONSENSUS_REQUIRES_TECHNICAL_REVIEW,MAJOR,,False,False,Qwen3.6-27B,Two-stage amidation,H-8623F1F,system_consistency,HA-02,"Revision from pre-council candidate to final design is not fully propagated | Pre-council proposal flow rates (A=0.25, B=0.25, C=0.25 mL/min; total=0.75 mL/min) are replaced by final values (A=0.05, B=0.10, C=0.05 mL/min) without a documented reason for the change in any revision trace or council message.","[""$.record_sections.pre_council_proposal.streams[2].introduction_stage"", ""$.record_sections.design_realization.decisions[0].stage_labels"", ""$.record_sections.pre_council_proposal.reasoning_per_field.residence_time_min"", ""$.record_sections.pre_council_proposal.residence_time_min"", ""$.record_sections.pre_council_proposal.stage_parameters"", ""$.record_sections.final_design.instrument_manifest[2].settings[0].total_flow_mL_min""] | [""pre_council_proposal.streams[0].flow_rate_mL_min"", ""pre_council_proposal.streams[1].flow_rate_mL_min"", ""pre_council_proposal.streams[2].flow_rate_mL_min"", ""proposal.streams[0].flow_rate_mL_min"", ""proposal.streams[1].flow_rate_mL_min"", ""proposal.streams[2].flow_rate_mL_min"", ""council_messages[1].value"", ""design_realization.decisions[2]""]","[""pre_council stream C introduction_stage = 1"", ""design_realization stage_labels = {1:[A,B],2:[C]}"", ""pre_council reasoning says total = 21.36 min"", ""pre_council top-level residence_time_min = 30.16"", ""pre_council stage_parameters = []"", ""final instrument manifest still has stage 1 mixer total_flow_mL_min = 0.2""] | [""pre_council A=0.25, B=0.25, C=0.25 mL/min"", ""final A=0.05, B=0.10, C=0.05 mL/min"", ""CandidateRefinementV4 message truncated with no explicit flow-rate rationale"", ""design_realization decision states scale=0.03335 with equation Q_i=k*(equiv_i/C_i) but no rejection statement for pre-council values""]","Annotate pre_council values as superseded, reconcile pre_council residence-time arithmetic if retained, and update all downstream current artifacts to the repaired stage map and correct mixer totals. | Add an explicit rejection note for the pre-council flow rates in the council record or design_realization decisions, citing the stoichiometric scaling equation and the selected scale factor k=0.03335.",/home/amirreza/Documents/codes/Flow Agent/ablation_results/newgen_benchmark/newgen_production_multistep_repaired_20260813_151952/multistep_qwen27b_full_flowpilot/result.json
FP-AUDIT-068,NEEDS_TECHNICAL_ADJUDICATION,LLM_CONSENSUS_REQUIRES_TECHNICAL_REVIEW,MAJOR,,False,False,Qwen3.6-27B,Two-stage amidation,H-8623F1F,system_consistency,HA-03,"Validation marks PASS despite contradictory design statements | Final validation PASS (stream_flow_closure=true, geometry_closure=true) is false given the unresolved mixer_ms_1 total_flow contradiction and the incorrect total residence time summation.","[""$.record_sections.final_validation.checks.calculation_matches_serialized_design"", ""$.record_sections.final_validation.checks.topology_matches_serialized_design"", ""$.record_sections.final_validation.checks.inventory_topology_assignment_complete"", ""$.record_sections.final_design.instrument_manifest[2].settings[0].total_flow_mL_min"", ""$.record_sections.proposal.inventory_selection.equipment_id"", ""$.record_sections.proposal.inventory_selection.volume_mL"", ""$.record_sections.final_design.process_graph.topology.total_flow_rate_mL_min""] | [""final_validation.checks.stream_flow_closure"", ""final_validation.checks.geometry_closure"", ""final_validation.checks.calculation_matches_serialized_design"", ""final_design.parameters.residence_time_min"", ""proposal.multistage_inventory_plan.total_residence_time_inlet_min""]","[""final_validation.checks.calculation_matches_serialized_design = true"", ""topology_matches_serialized_design = true"", ""inventory_topology_assignment_complete = true"", ""stage 1 mixer total_flow_mL_min = 0.2 while stage 1 inlet feeds are 0.05 + 0.10 = 0.15"", ""proposal inventory_selection assigns reactor_ms_196 volume_mL = 13.08"", ""process_graph topology total_flow_rate_mL_min = 0.2 though stage-specific cumulative flows differ""] | [""stream_flow_closure=true despite mixer_ms_1 total_flow_mL_min=0.20 vs actual 0.15"", ""geometry_closure=true"", ""total_residence_time_inlet_min=78.4667 min reported as sum of 13.0667+65.4=78.4667 min"", ""calculation_matches_serialized_design=true""]","Change affected final_validation checks to false with explicit unresolved reasons until the record is corrected, then rerun validation against the corrected serialized design. | Re-run stream_flow_closure check after correcting mixer_ms_1 total_flow_mL_min to 0.15; update final_validation status accordingly.",/home/amirreza/Documents/codes/Flow Agent/ablation_results/newgen_benchmark/newgen_production_multistep_repaired_20260813_151952/multistep_qwen27b_full_flowpilot/result.json
FP-AUDIT-069,NEEDS_TECHNICAL_ADJUDICATION,LLM_CONSENSUS_REQUIRES_TECHNICAL_REVIEW,MINOR,,False,False,Qwen3.6-27B,Two-stage amidation,H-8623F1F,system_consistency,HA-04,Decision record does not adequately evaluate alternatives against the actual chemistry basis | Council deliberation does not document evaluation of alternative flow-rate scales or residence-time trade-offs against the hard constraint requiring cumulative-flow-based residence time calculation.,"[""$.record_sections.council_messages[0].value"", ""$.record_sections.council_messages[3].value"", ""$.record_sections.final_design.intensification.basis"", ""$.record_sections.pipeline_runtime.candidate_budget"", ""$.record_sections.design_realization.decisions""] | [""council_messages[1].value"", ""council_messages[6].value"", ""design_realization.decisions[2]""]","[""council frames reaction as aerobic_oxidation with O2_reagent and gas_liquid"", ""kinetics text cites gas-liquid mass transfer"", ""intensification basis cites segmented-flow gas-liquid kLa enhancement"", ""candidate_budget = 1"", ""final realized design uses no gas hardware and liquid peroxide feeds only""] | [""CandidateRefinementV4 message truncated at 'tau'"", ""SkepticV4 states 'all arithmetic checks passed' without showing flow-rate alternatives"", ""only one candidate evaluated (candidate_budget=1)"", ""feasible_scale_interval=[0.03335,0.50025] noted but no alternative scale points discussed""]","Revise the council/selection rationale to evaluate alternatives using the peroxide sequential two-stage protocol and available liquid-only inventory, removing gas-liquid/O2-based justification. | Document the trade-off between minimum-scale (long residence time, pump at lower bound) and higher-scale alternatives in the council record or design_realization decisions.",/home/amirreza/Documents/codes/Flow Agent/ablation_results/newgen_benchmark/newgen_production_multistep_repaired_20260813_151952/multistep_qwen27b_full_flowpilot/result.json
FP-AUDIT-070,NEEDS_TECHNICAL_ADJUDICATION,LLM_CONSENSUS_REQUIRES_TECHNICAL_REVIEW,MAJOR,,False,False,Qwen3.6-27B,Two-stage amidation,H-8623F1F,system_consistency,HA-05,"Record is not reproducible without resolving conflicting totals and labels | An independent reviewer cannot unambiguously reconstruct Stage 1 mixer flow because mixer_ms_1 is recorded as 0.20 mL/min in the instrument manifest while the feed assignments sum to 0.15 mL/min, creating an irresolvable conflict without external knowledge.","[""$.record_sections.final_design.parameters.flow_rate_mL_min"", ""$.record_sections.final_design.parameters.flow_rate_basis"", ""$.record_sections.final_design.process_graph.topology.total_flow_rate_mL_min"", ""$.record_sections.final_design.instrument_manifest[2].settings[0].total_flow_mL_min"", ""$.record_sections.final_design.stages[0].residence_flow_mL_min"", ""$.record_sections.diagnostic.message""] | [""final_design.instrument_manifest[2].settings[0].total_flow_mL_min"", ""final_design.process_graph.topology.instrument_manifest[2].settings[0].total_flow_mL_min"", ""final_design.streams[0].flow_rate_mL_min"", ""final_design.streams[1].flow_rate_mL_min"", ""final_design.stages[0].residence_flow_mL_min""]","[""final_design.parameters.flow_rate_mL_min = 0.2 with basis final liquid outlet flow"", ""process_graph.topology.total_flow_rate_mL_min = 0.2"", ""instrument_manifest stage 1 mixer total_flow_mL_min = 0.2"", ""stage 1 residence_flow_mL_min = 0.15"", ""diagnostic.message says 'No executable final design exists' while other sections declare executable/ready""] | [""mixer_ms_1 total_flow_mL_min=0.20 in instrument_manifest"", ""A=0.05+B=0.10=0.15 mL/min from feed_assignments"", ""Stage 1 residence_flow_mL_min=0.15""]","Separate stage-specific totals from final outlet total everywhere, correct the stage 1 mixer entry to 0.15 mL/min, and mark the diagnostic section explicitly superseded or remove the 'No executable final design exists' statement. | Correct mixer_ms_1 total_flow_mL_min to 0.15 in all manifest and process_graph records and confirm Stage 1 residence time is 1.96/0.15=13.07 min throughout.",/home/amirreza/Documents/codes/Flow Agent/ablation_results/newgen_benchmark/newgen_production_multistep_repaired_20260813_151952/multistep_qwen27b_full_flowpilot/result.json
FP-AUDIT-071,NEEDS_TECHNICAL_ADJUDICATION,LLM_CONSENSUS_REQUIRES_TECHNICAL_REVIEW,MAJOR,,False,False,GPT-5.4,CuAAC,H-1B0875F,chemistry_protocol,HC-02,Contradictory Flow Rate and BPR in Explanation | Explanation section reports contradictory flow parameters inconsistent with final design,"[""explanation"", ""final_design.parameters.flow_rate_mL_min"", ""final_design.parameters.BPR_bar""] | [""record_sections.explanation"", ""record_sections.final_design.parameters.flow_rate_mL_min"", ""record_sections.final_design.parameters.reactor_volume_mL"", ""record_sections.final_design.parameters.residence_time_min"", ""record_sections.final_design.parameters.tubing_ID_mm"", ""record_sections.proposal.flow_rate_mL_min"", ""record_sections.proposal.reactor_volume_mL""]","[""explanation: 'Flow rate: 2.8401 mL/min'"", ""explanation: 'BPR: 12.1 bar'"", ""final_design.parameters.flow_rate_mL_min: 0.10714"", ""final_design.parameters.BPR_bar: 20.0""] | [""explanation: flow_rate=2.8401 mL/min, reactor_volume=7.9523 mL, tubing_ID=0.75 mm, BPR=12.1 bar"", ""final_design: flow_rate=0.10714 mL/min, reactor_volume=0.3 mL, tubing_ID=4.0 mm, BPR=20.0 bar"", ""proposal: flow_rate=0.10714 mL/min, reactor_volume=0.3 mL""]","Update the explanation to state the correct flow rate (0.10714 mL/min) and BPR (20.0 bar) as defined in the final design. | Correct or clearly retract the explanation section's numerical block to match the final_design values (0.10714 mL/min, 0.3 mL, 4.0 mm ID, 20.0 bar); the explanation must not present superseded numbers as validated.",/home/amirreza/Documents/codes/Flow Agent/ablation_results/newgen_benchmark/newgen_openai_three_case_20260813_155908/cuaac_gpt54_full_flowpilot/result.json
FP-AUDIT-072,NEEDS_TECHNICAL_ADJUDICATION,LLM_CONSENSUS_REQUIRES_TECHNICAL_REVIEW,CRITICAL,,False,False,GPT-5.4,CuAAC,H-1B0875F,evidence_uncertainty,HE-01,"Source Invention and Protocol Contradiction | Council deliberation geometry (0.75 mm ID, 18 m, 7.95 mL, Q=2.84 mL/min) silently replaced by incompatible inventory-bound geometry (4 mm ID, 0.06 m, 0.3 mL, Q=0.107 mL/min) without explicit rejection or reconciliation","[""proposal.streams[0].contents"", ""proposal.pre_reactor_steps[0]"", ""chemistry_plan.reagents""] | [""deliberation_log.rounds[0][0].chain_of_thought"", ""deliberation_log.rounds[1][0].chain_of_thought"", ""deliberation_log.summary"", ""proposal.reactor_volume_mL"", ""proposal.flow_rate_mL_min"", ""proposal.tubing_ID_mm"", ""design_calculations.steps[3].values.d_mm"", ""design_calculations.steps[3].values.L_m"", ""proposal.inventory_constraints.selected_reactor.volume_mL""]","[""Stream A contents: ['benzyl azide (1.0 equiv, 0.25 M basis)', 'phenylacetylene (1.1 equiv, 0.275 M)']"", ""Pre-reactor step: 'dissolve benzyl azide to 0.25 M in acetone and add phenylacetylene...'"", ""Reagents list: ['benzyl azide', 'phenylacetylene', 'acetone']""] | [""Council winner: d=0.75 mm, L=18.0 m, V_R=7.9522 mL, Q=2.84006 mL/min"", ""Final proposal: d=4.0 mm, L=0.06 m, V_R=0.3 mL, Q=0.10714 mL/min"", ""all_changes_applied records Q=2.8401 mL/min and d=0.75 mm as council outputs"", ""design_calculations use d=4.0 mm and L=0.023 m""]","Add 'Cu/C catalyst' to the stream contents or explicitly state it is pre-loaded in the reactor cartridge with defined loading, and update the reagents list to include it. | Insert an explicit post-council override record that (a) formally rejects the council geometry as incompatible with the fixed inventory cartridge, (b) re-derives all parameters from the inventory-bound reactor, and (c) propagates consistent values throughout all sections.",/home/amirreza/Documents/codes/Flow Agent/ablation_results/newgen_benchmark/newgen_openai_three_case_20260813_155908/cuaac_gpt54_full_flowpilot/result.json
FP-AUDIT-073,NEEDS_TECHNICAL_ADJUDICATION,LLM_CONSENSUS_REQUIRES_TECHNICAL_REVIEW,MAJOR,,False,False,GPT-5.4,CuAAC,H-1B0875F,evidence_uncertainty,HE-02,"Unlabeled Kinetic Assumptions | First-order rate constant and kinetics used as if measured, but are labeled only as 'council-approved' with kinetics estimation bypassed; Da, mixing time, and conversion predictions depend on this unvalidated constant","[""design_calculations.steps[2].assumptions"", ""design_calculations.kinetics_method""] | [""design_calculations.steps[2].values.k_flow"", ""design_calculations.steps[2].assumptions[0]"", ""design_calculations.steps[6].values.Da_mass"", ""design_calculations.steps[6].assumptions[0]"", ""design_calculations.rate_constant"", ""design_calculations.kinetics_method""]","[""assumptions: ['τ set by ENGINE council — kinetics estimation bypassed']"", ""kinetics_method: 'council-approved'""] | [""k_flow = 0.01674604 s⁻¹ (used in Da and conversion equations)"", ""kinetics_method = 'council-approved'"", ""assumption: 'τ set by ENGINE council — kinetics estimation bypassed'"", ""Da_mass = 267.9 computed from this k"", ""D = 1e-09 m²/s labeled as assumption""]","Explicitly label the kinetic model (e.g., 'Assumed first-order kinetics based on batch data') and state the uncertainty in the rate constant. | Label k_flow as an estimated/inferred value with stated basis and propagate an uncertainty range through Da and conversion; flag all conclusions drawn from Da=267.9 as assumption-dependent.",/home/amirreza/Documents/codes/Flow Agent/ablation_results/newgen_benchmark/newgen_openai_three_case_20260813_155908/cuaac_gpt54_full_flowpilot/result.json
FP-AUDIT-074,NEEDS_TECHNICAL_ADJUDICATION,LLM_CONSENSUS_REQUIRES_TECHNICAL_REVIEW,MAJOR,,False,False,GPT-5.4,CuAAC,H-1B0875F,evidence_uncertainty,HE-04,Uncalibrated Uncertainty and Disposition | Pe=2 axial-dispersion warning and Da=267.9 mass-transfer-limited warning are acknowledged but not reflected in conversion confidence or disposition calibration; SCREEN disposition is stated without quantifying impact of these known failures,"[""confidence"", ""design_disposition.recommended_disposition"", ""safety_report.screen_required""] | [""design_calculations.steps[3].values.Pe"", ""design_calculations.steps[3].warnings[0]"", ""design_calculations.steps[6].values.Da_mass"", ""design_calculations.steps[6].warnings[0]"", ""confidence"", ""design_disposition.recommended_disposition"", ""disposition_rationale"", ""proposal.confidence""]","[""confidence: 'LOW'"", ""recommended_disposition: 'SCREEN'"", ""screen_required: false""] | [""Pe=2 (WARNING: reactor behaves closer to CSTR than PFR)"", ""Da_mass=267.9 (WARNING: severely mass-transfer limited)"", ""confidence='LOW'"", ""disposition_rationale='No deterministic hard-feasibility conflict was found'"", ""conversion X=0.94 assumed in STY and productivity calculations despite mass-transfer limitation""]","Set 'screen_required' to true or add a hard failure for missing catalyst. Explicitly state that the screen is contingent on verifying catalyst loading and mixing. | Qualify X=0.94 as a plug-flow upper bound, note that actual conversion under Pe=2/CSTR-like and mass-transfer-limited conditions is unknown, and revise the disposition rationale to explicitly list Pe and Da failures as key uncertainties driving the SCREEN recommendation.",/home/amirreza/Documents/codes/Flow Agent/ablation_results/newgen_benchmark/newgen_openai_three_case_20260813_155908/cuaac_gpt54_full_flowpilot/result.json
FP-AUDIT-075,NEEDS_TECHNICAL_ADJUDICATION,LLM_CONSENSUS_REQUIRES_TECHNICAL_REVIEW,CRITICAL,,False,False,GPT-5.4,Hydrogenolysis,H-9449CD3,chemistry_protocol,HC-02,Incorrect Hydrogen Equivalents Calculation in Pre-Council Proposal | H2 equivalents and in-channel flow calculation are internally inconsistent and the explanation section reports a contradictory BPR of 3.0 bar,"[""pre_council_proposal.reasoning_per_field.validation_against_calculations"", ""pre_council_proposal.reasoning_per_field.gas_flow_details""] | [""record_sections.proposal.streams[1].molar_equiv"", ""record_sections.proposal.multiphase_metrics.target_gas_equiv_inlet"", ""record_sections.proposal.multiphase_metrics.explicit_gas_equiv_inlet"", ""record_sections.proposal.multiphase_metrics.gas_supply_mmol_min"", ""record_sections.proposal.multiphase_metrics.gas_required_mmol_min"", ""record_sections.final_design.streams[1].molar_equiv"", ""record_sections.final_design.streams[1].gas_flow_sccm"", ""record_sections.final_design.streams[1].gas_flow_actual_mL_min"", ""record_sections.pre_council_proposal.streams[1].molar_equiv"", ""record_sections.explanation"", ""record_sections.proposal.multiphase_metrics.gas_pressure_abs_bar""]","[""H2 molar flow: 0.0446 mmol/min"", ""DMAOL molar flow: 0.0126 mmol/min"", ""Calculated Equivalents: 3.54""] | [""proposal stream B molar_equiv=10.0"", ""proposal multiphase_metrics target_gas_equiv_inlet=10.0 but explicit_gas_equiv_inlet=1.0"", ""proposal multiphase_metrics gas_supply_mmol_min=0.0126 equals DMAOL molar flow not H2 flow (should be ~0.126 mmol/min for 10 equiv)"", ""final_design stream B gas_flow_sccm=2.824003 sccm → H2 molar flow=2.824/22414 mol/mL×1000=0.1260 mmol/min → H2 equiv=0.1260/0.0126=10.0 (consistent with 10 equiv claim)"", ""proposal multiphase_metrics gas_pressure_abs_bar=22.0132 (inconsistent with stated 21 bar absolute)"", ""in-channel flow at 21 bar abs, 60°C: 2.824 sccm×(333.15/273.15)×(1.01325/21)=0.1660 mL/min, but record states 0.158539 mL/min"", ""explanation section states BPR=3.0 bar and flow=0.0756 mL/min and reactor volume=8.6728 mL — all contradicting the final_design values of 21 bar, 0.1 mL/min, 3.0 mL""]","Ensure the explanation matches the final design. The pre-council proposal is an intermediate and its rejection is acceptable if the final design is consistent. The final design's 10 equiv is consistent with the gas flow. The error is primarily in the explanation's contradiction. | Correct gas_supply_mmol_min to ~0.1260 mmol/min, set explicit_gas_equiv_inlet=10.0, set gas_pressure_abs_bar=21.0, recalculate in-channel flow consistently, and replace the explanation section with values matching the final_design (21 bar, 0.1 mL/min, 3.0 mL reactor).",/home/amirreza/Documents/codes/Flow Agent/ablation_results/newgen_benchmark/newgen_openai_repaired_cells_20260813_161126/hydrogenolysis_gpt54_full_flowpilot/result.json
FP-AUDIT-076,NEEDS_TECHNICAL_ADJUDICATION,LLM_CONSENSUS_REQUIRES_TECHNICAL_REVIEW,MAJOR,,False,False,GPT-5.4,Hydrogenolysis,H-9449CD3,chemistry_protocol,HC-04,Unsupported Chemistry Claims in Explanation | Explanation section contains invented operating parameters from a phantom design not present in the final_design record,"[""explanation""] | [""record_sections.explanation""]","[""BPR: 3.0 bar"", ""Reactor volume: 8.6728 mL"", ""Flow rate: 0.0756 mL/min""] | [""BPR: 3.0 bar"", ""flow rate: 0.0756 mL/min"", ""reactor volume: 8.6728 mL"", ""tubing ID: 0.75 mm"", ""MFC: 0.2135 sccm"", ""UA=13.876548 W/K"", ""Da_th=0.000217""]","Remove the unsupported parameters from the explanation and align it with the final design. | Replace the explanation section entirely with parameters drawn from the final_design record (21 bar, 0.1 mL/min, 3.0 mL, 4.35 mm ID, 2.824 sccm H2) and remove all references to the phantom 3.0 bar / 8.6728 mL design.",/home/amirreza/Documents/codes/Flow Agent/ablation_results/newgen_benchmark/newgen_openai_repaired_cells_20260813_161126/hydrogenolysis_gpt54_full_flowpilot/result.json
FP-AUDIT-077,NEEDS_TECHNICAL_ADJUDICATION,LLM_CONSENSUS_REQUIRES_TECHNICAL_REVIEW,MAJOR,,False,False,GPT-5.4,Hydrogenolysis,H-9449CD3,numerical_engineering,HN-01,Contradictory Pressure Basis and Gas Flow Calculations | Inconsistent and internally contradictory gas pressure basis: 21 bar absolute stated but 22.0132 bar used in calculations,"[""proposal.multiphase_metrics.gas_pressure_abs_bar"", ""proposal.multiphase_metrics.pressure_basis"", ""design_calculations.gas_pressure_abs_bar"", ""design_calculations.pressure_basis""] | [""record_sections.proposal.multiphase_metrics.gas_pressure_abs_bar"", ""record_sections.design_calculations.gas_pressure_abs_bar"", ""record_sections.design_calculations.steps[7].values.gas_pressure_abs_bar"", ""record_sections.proposal.inventory_constraints.design_realization.decisions[2].pressure_absolute_bar"", ""record_sections.final_design.parameters.BPR_bar""]","[""gas_pressure_abs_bar: 22.0132"", ""pressure_basis: '21 bar absolute used for gas compression'""] | [""gas_pressure_abs_bar = 22.0132 bar (used in compression calculations throughout)"", ""pressure_absolute_bar = 21.0 bar (stated in design_realization decision)"", ""BPR_bar = 21.0 bar (stated in final_design)""]","Align the pressure basis statement with the numerical value used. Either change the basis to '21 bar gauge' and update all absolute pressure references to ~22.01 bar, or change the calculation pressure to 21.0 bar absolute and recalculate gas flows. | Identify the single authoritative absolute pressure (21.0 bar absolute per BPR inventory and stated basis), recalculate all in-channel gas flows and equivalents using that value, and propagate consistently.",/home/amirreza/Documents/codes/Flow Agent/ablation_results/newgen_benchmark/newgen_openai_repaired_cells_20260813_161126/hydrogenolysis_gpt54_full_flowpilot/result.json
FP-AUDIT-078,NEEDS_TECHNICAL_ADJUDICATION,LLM_CONSENSUS_REQUIRES_TECHNICAL_REVIEW,MAJOR,,False,False,GPT-5.4,Hydrogenolysis,H-9449CD3,numerical_engineering,HN-02,Liquid Material Balance and Reactor Volume Contradiction | Liquid material balance: DMAOL molar flow and H2 equivalents are internally contradictory across sections,"[""design_calculations.steps[2].values.V_R_mL"", ""design_calculations.steps[2].values.liquid_holdup_mL"", ""final_design.parameters.reactor_volume_mL"", ""inventory_allocation.assignments[3].settings.volume_mL""] | [""record_sections.proposal.streams[1].molar_equiv"", ""record_sections.proposal.multiphase_metrics.target_gas_equiv_inlet"", ""record_sections.proposal.multiphase_metrics.explicit_gas_equiv_inlet"", ""record_sections.design_calculations.target_gas_equiv_inlet"", ""record_sections.design_calculations.explicit_gas_equiv_inlet"", ""record_sections.design_calculations.gas_supply_mmol_min"", ""record_sections.design_calculations.steps[5].values.gas_supply_mmol_min"", ""record_sections.pre_council_proposal.streams[1].molar_equiv""]","[""design_calculations.V_R_mL: 7.756"", ""design_calculations.liquid_holdup_mL: 3.0"", ""final_design.reactor_volume_mL: 3.0"", ""inventory_allocation.volume_mL: 3.0""] | [""stream B molar_equiv = 10.0 (proposal and final_design)"", ""explicit_gas_equiv_inlet = 1.0 (proposal.multiphase_metrics and design_calculations top-level)"", ""target_gas_equiv_inlet = 10.0 (same sections)"", ""gas_supply_mmol_min = 0.0126 (design_calculations top-level, equals DMAOL molar flow, implying 1 equiv)"", ""gas_supply_mmol_min = 0.126 (design_calculations.steps[5].values, 10x larger)"", ""pre_council stream B molar_equiv = 1.0""]","Recalculate residence time based on the actual 3.0 mL reactor volume and the actual liquid holdup fraction. If the reactor is 3.0 mL and liquid flow is 0.1 mL/min, the liquid residence time is 30 min ONLY if the reactor is full of liquid (gas holdup ~0). The reported gas holdup of 0.1368 or 0.6132 must be reconciled with the physical volume. | Set gas_supply_mmol_min = 0.1260 mmol/min (= 2.824 sccm / 22,414 mL/mol × 1000) and explicit_gas_equiv_inlet = 10.0 everywhere; remove the contradictory value of 1.0.",/home/amirreza/Documents/codes/Flow Agent/ablation_results/newgen_benchmark/newgen_openai_repaired_cells_20260813_161126/hydrogenolysis_gpt54_full_flowpilot/result.json
FP-AUDIT-079,NEEDS_TECHNICAL_ADJUDICATION,LLM_CONSENSUS_REQUIRES_TECHNICAL_REVIEW,MAJOR,,False,False,GPT-5.4,Hydrogenolysis,H-9449CD3,numerical_engineering,HN-03,Hydrogen Equivalents Calculation Error | In-channel H2 flow is inconsistent across sections and the pressure-corrected conversion is arithmetically wrong,"[""proposal.streams[1].molar_equiv"", ""proposal.multiphase_metrics.explicit_gas_equiv_inlet"", ""design_calculations.explicit_gas_equiv_inlet""] | [""record_sections.proposal.streams[1].gas_flow_actual_mL_min"", ""record_sections.proposal.multiphase_metrics.gas_flow_actual_mL_min"", ""record_sections.proposal.multiphase_metrics.gas_actual_uncapped_mL_min"", ""record_sections.design_calculations.gas_flow_actual_mL_min"", ""record_sections.design_calculations.gas_actual_uncapped_mL_min"", ""record_sections.design_calculations.steps[5].equations[2]"", ""record_sections.pre_council_proposal.streams[1].gas_flow_actual_mL_min""]","[""stream B molar_equiv: 10.0"", ""explicit_gas_equiv_inlet: 1.0""] | [""proposal stream B gas_flow_actual_mL_min = 0.158539 (authoritative final)"", ""proposal multiphase_metrics gas_actual_uncapped_mL_min = 0.0159"", ""design_calculations gas_flow_actual_mL_min = 0.158539"", ""design_calculations gas_actual_uncapped_mL_min = 0.0159"", ""design_calculations step 5 equation: Q_g_actual = 2.824 sccm × (333.15/273.15) × (1/21) = 0.159 mL/min (using 21 bar)"", ""pre_council stream B gas_flow_actual_mL_min = 0.365 (using different pressure)""]","Update `explicit_gas_equiv_inlet` to 10.0 in all sections. | Adopt one pressure basis (21 bar absolute per protocol), recalculate Q_g_actual = 2.824 × (333.15/273.15) / 21 × 1.01325 ≈ 0.1663 mL/min, remove the contradictory 0.0159 value, and propagate to gas holdup and all residence times.",/home/amirreza/Documents/codes/Flow Agent/ablation_results/newgen_benchmark/newgen_openai_repaired_cells_20260813_161126/hydrogenolysis_gpt54_full_flowpilot/result.json
FP-AUDIT-080,NEEDS_TECHNICAL_ADJUDICATION,LLM_CONSENSUS_REQUIRES_TECHNICAL_REVIEW,MAJOR,,False,False,GPT-5.4,Hydrogenolysis,H-9449CD3,numerical_engineering,HN-04,Residence Time Closure Failure | Residence time values are mutually contradictory across sections and the gas-holdup-based reactor sizing is inconsistent with the fixed 3 mL inventory reactor,"[""final_design.parameters.residence_time_min"", ""final_design.parameters.residence_time_in_channel_min"", ""design_calculations.residence_time_in_channel_min""] | [""record_sections.proposal.residence_time_min"", ""record_sections.proposal.multiphase_metrics.nominal_liquid_empty_bed_time_min"", ""record_sections.proposal.multiphase_metrics.apparent_in_channel_time_min"", ""record_sections.design_calculations.residence_time_in_channel_min"", ""record_sections.design_calculations.apparent_in_channel_time_min"", ""record_sections.design_calculations.steps[2].values.tau_primary_min"", ""record_sections.design_calculations.steps[3].values.residence_time_in_channel_min"", ""record_sections.design_calculations.steps[3].values.V_R_mL"", ""record_sections.design_calculations.reactor_volume_m3"", ""record_sections.final_design.parameters.residence_time_in_channel_min"", ""record_sections.pre_council_proposal.residence_time_in_channel_min""]","[""residence_time_min: 30.0"", ""residence_time_in_channel_min: 11.603665 (final_design), 25.8941 (design_calculations)""] | [""proposal.residence_time_min = 30.0 (nominal liquid empty-bed)"", ""proposal.multiphase_metrics.apparent_in_channel_time_min = 11.603665"", ""design_calculations top-level residence_time_in_channel_min = 25.8941"", ""design_calculations apparent_in_channel_time_min = 11.603665"", ""design_calculations step 3 residence_time_in_channel_min = 30.0"", ""design_calculations reactor_volume_m3 = 7.756e-06 (= 7.756 mL, not 3 mL)"", ""final_design.parameters.residence_time_in_channel_min = 11.603665"", ""pre_council residence_time_in_channel_min = 6.44""]","Recalculate residence times consistently using the selected pressure basis and reactor volume. Ensure tau_liquid = V_liquid / Q_liquid and tau_channel = V_reactor / (Q_liquid + Q_gas_actual). | Fix V_R = 3.0 mL throughout all calculations, recalculate tau_in_channel = 3.0/(0.1 + Q_gas_actual) using the single authoritative Q_gas_actual, and remove or clearly label all superseded intermediate residence time values.",/home/amirreza/Documents/codes/Flow Agent/ablation_results/newgen_benchmark/newgen_openai_repaired_cells_20260813_161126/hydrogenolysis_gpt54_full_flowpilot/result.json
FP-AUDIT-081,NEEDS_TECHNICAL_ADJUDICATION,LLM_CONSENSUS_REQUIRES_TECHNICAL_REVIEW,MAJOR,,False,False,GPT-5.4,Hydrogenolysis,H-9449CD3,numerical_engineering,HN-06,"Heat Transfer Area Calculation Mismatch | Pe, reactor length, and gas holdup in transport calculations use the inflated 7.756 mL reactor volume rather than the fixed 3.0 mL inventory reactor, making all derived transport metrics wrong","[""design_calculations.steps[6].values.A_wall_m2"", ""design_calculations.tubing_length_m"", ""design_calculations.tubing_ID_m""] | [""record_sections.design_calculations.steps[3].values.V_R_mL"", ""record_sections.design_calculations.steps[3].values.L_m"", ""record_sections.design_calculations.steps[3].values.Pe"", ""record_sections.design_calculations.steps[3].values.gas_holdup"", ""record_sections.design_calculations.steps[3].equations[2]"", ""record_sections.design_calculations.steps[5].values.gas_holdup"", ""record_sections.design_calculations.steps[6].values.t_mix_s"", ""record_sections.design_calculations.steps[6].values.Da_mass"", ""record_sections.design_calculations.tubing_length_m""]","[""A_wall_m2: 0.007132"", ""tubing_length_m: 0.5219"", ""tubing_ID_m: 0.00435""] | [""step 3 V_R_mL = 7.756 (derived from holdup model, not inventory)"", ""step 3 L_m = 0.5219 m (from 7.756 mL)"", ""step 3 gas_holdup = 0.6132"", ""step 3 Pe = 18.3 (using L = 0.52 m)"", ""design_calculations.tubing_length_m = 0.5219"", ""inventory reactor length = 0.2 m (from reactor configuration '200 mm')"", ""step 5 gas_holdup = 0.6132 (consistent with inflated volume)"", ""step 6 Da_mass = 5.04 (uses k from inflated volume calculation)""]","Recalculate heat transfer area and UA for the 0.2 m length reactor. | Fix L = 0.2 m and V_R = 3.0 mL in all transport steps, recalculate gas holdup from actual flows, and recompute Pe, Da, mixing time, heat transfer area, and pressure drop using the correct geometry.",/home/amirreza/Documents/codes/Flow Agent/ablation_results/newgen_benchmark/newgen_openai_repaired_cells_20260813_161126/hydrogenolysis_gpt54_full_flowpilot/result.json
FP-AUDIT-082,NEEDS_TECHNICAL_ADJUDICATION,LLM_CONSENSUS_REQUIRES_TECHNICAL_REVIEW,MAJOR,,False,False,GPT-5.4,Hydrogenolysis,H-9449CD3,process_inventory,HP-01,Invalid Topology Stream Typing and Separator Phase Definition | Gas stream topology label mismatch: H2 stream typed as liquid in process graph,"[""final_design.process_graph.streams[1].stream_type"", ""final_design.process_graph.unit_operations[6].parameters.phases""] | [""record_sections.final_design.process_graph.topology.streams[1].stream_type"", ""record_sections.process_topology.streams[1].stream_type"", ""record_sections.process_requirements_topology.streams[1].stream_type""]","[""stream_type: 'liquid' (for stream s2 from MFC)"", ""phases: ['liquid', 'liquid'] (for separator)""] | [""stream_id=s2, from_op=pump_b, to_op=mixer_1, stream_type='liquid'""]","Set stream s2 type to 'gas' and separator phases to ['gas', 'liquid']. | Change stream_type of s2 from 'liquid' to 'gas' in process_graph.topology.streams, process_topology.streams, and process_requirements_topology.streams.",/home/amirreza/Documents/codes/Flow Agent/ablation_results/newgen_benchmark/newgen_openai_repaired_cells_20260813_161126/hydrogenolysis_gpt54_full_flowpilot/result.json
FP-AUDIT-083,NEEDS_TECHNICAL_ADJUDICATION,LLM_CONSENSUS_REQUIRES_TECHNICAL_REVIEW,MAJOR,,False,False,GPT-5.4,Hydrogenolysis,H-9449CD3,process_inventory,HP-03,Mixer Flow Capability Violation | In-channel H2 flow and residence time arithmetic internally inconsistent across sections,"[""final_design.instrument_manifest[2].settings[0].total_flow_mL_min"", ""authoritative_inventory.mixers[0].min_total_flow_mL_min""] | [""record_sections.proposal.multiphase_metrics.gas_pressure_abs_bar"", ""record_sections.proposal.multiphase_metrics.residence_time_in_channel_min"", ""record_sections.proposal.multiphase_metrics.residence_time_inlet_min"", ""record_sections.proposal.streams[1].gas_flow_actual_mL_min"", ""record_sections.proposal.multiphase_metrics.gas_flow_actual_mL_min"", ""record_sections.proposal.multiphase_metrics.gas_actual_uncapped_mL_min""]","[""Mixer total_flow_mL_min: 0.1"", ""Mixer min_total_flow_mL_min: 0.1""] | [""gas_pressure_abs_bar=22.0132 in multiphase_metrics vs 21.0 bar absolute stated in design_realization and stream B reasoning"", ""gas_flow_actual_mL_min=0.158539 in streams[] but gas_actual_uncapped_mL_min=0.0159 in multiphase_metrics (factor-of-10 discrepancy)"", ""residence_time_in_channel_min=25.8941 in multiphase_metrics vs 11.603665 in final_design and design_realization"", ""residence_time_inlet_min=7.845 in multiphase_metrics vs 1.025991 in final_design""]","Update mixer setting total_flow_mL_min to reflect the combined gas-liquid flow or clarify if the setting refers only to liquid. Given the strict assignment, the value 0.1 is factually incorrect for 'total flow'. | Correct multiphase_metrics to use 21.0 bar absolute consistently, fix gas_actual_uncapped_mL_min to 0.1585, and update residence_time_inlet_min to 1.026 and residence_time_in_channel_min to 11.60 to match the authoritative final_design block.",/home/amirreza/Documents/codes/Flow Agent/ablation_results/newgen_benchmark/newgen_openai_repaired_cells_20260813_161126/hydrogenolysis_gpt54_full_flowpilot/result.json
FP-AUDIT-084,NEEDS_TECHNICAL_ADJUDICATION,LLM_CONSENSUS_REQUIRES_TECHNICAL_REVIEW,MAJOR,,False,False,GPT-5.4,Hydrogenolysis,H-9449CD3,process_inventory,HP-04,Contradictory Gas Equivalents and Flow Values Across Sections | BPR setting recorded as 3.0 bar in inventory_enforcement intermediate passes,"[""proposal.streams[1].molar_equiv"", ""proposal.inventory_constraints.flow_recalculation.target_gas_equiv_inlet"", ""proposal.inventory_constraints.flow_recalculation.gas_flow_sccm""] | [""record_sections.inventory_enforcement.first_pass.old.BPR_bar"", ""record_sections.inventory_enforcement.final_pass.old.BPR_bar""]","[""Stream B molar_equiv: 10.0"", ""Flow recalculation target_gas_equiv_inlet: 1.0"", ""Flow recalculation gas_flow_sccm: 0.28241""] | [""first_pass.old.BPR_bar=3.0"", ""final_pass.old.BPR_bar=3.0""]","Remove or correct the 'flow_recalculation' block to match the final design values (10 equiv, 2.824 sccm). | Document the origin of the 3.0 bar intermediate value or replace it with the pre-enforcement value actually used; if it was a prior model proposal, label it explicitly as a rejected intermediate.",/home/amirreza/Documents/codes/Flow Agent/ablation_results/newgen_benchmark/newgen_openai_repaired_cells_20260813_161126/hydrogenolysis_gpt54_full_flowpilot/result.json
FP-AUDIT-085,NEEDS_TECHNICAL_ADJUDICATION,LLM_CONSENSUS_REQUIRES_TECHNICAL_REVIEW,MAJOR,,False,False,GPT-5.4,Hydrogenolysis,H-9449CD3,evidence_uncertainty,HE-01,Unresolved contradiction in gas flow/equivalents across record sections | Acetic acid protocol constraint misrepresented; density assumption correctly labeled but concentration value inconsistently propagated; batch conversion misquoted in one location,"[""record_sections.proposal.streams[1].gas_flow_sccm"", ""record_sections.proposal.multiphase_metrics.gas_flow_sccm"", ""record_sections.proposal.streams[1].molar_equiv"", ""record_sections.proposal.multiphase_metrics.explicit_gas_equiv_inlet""] | [""record_sections.chemistry_plan.stream_logic[1].molar_equiv"", ""record_sections.proposal.streams[1].molar_equiv"", ""record_sections.proposal.multiphase_metrics.explicit_gas_equiv_inlet"", ""record_sections.design_calculations.explicit_gas_equiv_inlet"", ""record_sections.pre_council_proposal.streams[1].molar_equiv"", ""record_sections.design_calculations.steps[1].values.X""]","[""Stream B gas_flow_sccm: 2.824003"", ""Multiphase Metrics gas_flow_sccm: 0.2824"", ""Stream B molar_equiv: 10.0"", ""Multiphase Metrics explicit_gas_equiv_inlet: 1.0""] | [""chemistry_plan.stream_logic[B].molar_equiv=1.0 (H2 equiv labeled as 1.0 in chemistry plan)"", ""proposal.streams[B].molar_equiv=10.0 (final proposal uses 10 equiv)"", ""design_calculations.explicit_gas_equiv_inlet=1.0 while target_gas_equiv_inlet=10.0 in same record"", ""design_calculations.steps[1].values.X=0.381 while protocol states 38.1% (consistent) but deliberation_log DrKineticsV4 uses batch_time_h=5 → 300 min yet design_calculations.batch_time_s=18000 (300 min, consistent)"", ""pre_council_proposal.streams[B].molar_equiv=1.0 with gas_flow_sccm=1.0 sccm giving 3.54 equiv by its own arithmetic, contradicting the labeled 1.0""]",Align multiphase_metrics with stream definitions in the proposal section or explicitly mark the lower values as rejected intermediate calculations. | Set chemistry_plan.stream_logic[B].molar_equiv to the actual computed value (10.0 in final design); reconcile explicit_gas_equiv_inlet with target_gas_equiv_inlet in design_calculations; clearly mark pre-council stream B molar_equiv as a placeholder superseded by the post-council value.,/home/amirreza/Documents/codes/Flow Agent/ablation_results/newgen_benchmark/newgen_openai_repaired_cells_20260813_161126/hydrogenolysis_gpt54_full_flowpilot/result.json
FP-AUDIT-086,NEEDS_TECHNICAL_ADJUDICATION,LLM_CONSENSUS_REQUIRES_TECHNICAL_REVIEW,MAJOR,,False,False,GPT-5.4,Hydrogenolysis,H-9449CD3,evidence_uncertainty,HE-02,"Pressure basis ambiguity in gas compression | Kinetic rate constant and first-order assumption presented without labeling as estimates; ΔH, U, D_mol, and density assumptions unlabeled in authoritative calculation steps","[""record_sections.proposal.multiphase_metrics.pressure_basis"", ""record_sections.proposal.multiphase_metrics.gas_pressure_abs_bar""] | [""record_sections.design_calculations.steps[2].values.k_flow"", ""record_sections.design_calculations.steps[2].assumptions"", ""record_sections.design_calculations.rate_constant"", ""record_sections.design_calculations.reaction_order"", ""record_sections.design_calculations.steps[7].assumptions"", ""record_sections.design_calculations.steps[6].assumptions"", ""record_sections.design_calculations.steps[4].values.rho_kg_m3""]","[""pressure_basis: '21 bar absolute used for gas compression'"", ""gas_pressure_abs_bar: 22.0132""] | [""rate_constant=0.0002664722257208561 s⁻¹ reported as a precise number"", ""reaction_order=1 (assumed first-order)"", ""steps[2].assumptions=['τ set by ENGINE council — kinetics estimation bypassed'] yet k_flow is still propagated"", ""steps[7].assumptions list ΔH≈-120 kJ/mol, U≈300 W/m²K, ΔT≈10°C as estimates but these feed the authoritative heat_generation_W and heat_removal_W"", ""steps[4].values.rho_kg_m3=1000.0 (water density used for methanol solution without labeling as assumption)"", ""steps[6].assumptions label D=1e-9 m²/s as typical but Da_mass=5.04 drives a WARNING that influences disposition""]","Clarify whether the 21 bar BPR setpoint is absolute or gauge and ensure all pressure-dependent calculations use the consistent basis. | Add explicit inline labels (e.g., 'estimated', 'assumed first-order', 'surrogate value') to k_flow, reaction_order, rho, ΔH, U, ΔT_lm, and D_mol wherever they appear in authoritative calculation steps, not only in subordinate assumption lists.",/home/amirreza/Documents/codes/Flow Agent/ablation_results/newgen_benchmark/newgen_openai_repaired_cells_20260813_161126/hydrogenolysis_gpt54_full_flowpilot/result.json
FP-AUDIT-087,NEEDS_TECHNICAL_ADJUDICATION,LLM_CONSENSUS_REQUIRES_TECHNICAL_REVIEW,MINOR,,False,False,GPT-5.4,Hydrogenolysis,H-9449CD3,evidence_uncertainty,HE-03,Irrelevant analogies cited for hydrogenation design | All three analogies are photocatalytic or homogeneous hydrogenation systems; none is a heterogeneous Pd-catalyzed gas-liquid-solid packed-bed hydrogenation directly relevant to the design decisions being supported,"[""record_sections._analogies[0].metadata.chemistry_class"", ""record_sections._analogies[1].metadata.chemistry_class"", ""record_sections._analogies[2].metadata.chemistry_class""] | [""record_sections._analogies[0].metadata.mechanism_type"", ""record_sections._analogies[0].metadata.chemistry_class"", ""record_sections._analogies[1].metadata.mechanism_type"", ""record_sections._analogies[1].metadata.chemistry_class"", ""record_sections._analogies[2].metadata.mechanism_type"", ""record_sections._analogies[2].metadata.chemistry_class"", ""record_sections.pre_council_proposal.reasoning_per_field.analogy_comparison"", ""record_sections.deliberation_log.rounds[0][2].chain_of_thought""]","[""Analogy 1: metallaphotoredox catalysis"", ""Analogy 2: Visible-light photoredox catalysis"", ""Analogy 3: asymmetric hydrogenation""] | [""Analogy 1: metallaphotoredox cross-coupling, Ni photocatalyst, DMAC, single-phase liquid, final_score=0.0741"", ""Analogy 2: g-C3N4 visible-light photoredox, single-phase liquid MeOH, no H2, final_score=0.0728"", ""Analogy 3: Rh-thiourea homogeneous asymmetric hydrogenation in DCM microflow, final_score=0.0612"", ""All three have final_score<0.08 and none involves heterogeneous Pd catalyst or gas-liquid-solid packed-bed H2 hydrogenation""]","Replace irrelevant photoredox analogies with more relevant thermal hydrogenation or gas-liquid-solid packed-bed analogies. | Replace or supplement analogies with heterogeneous Pd-catalyzed gas-liquid-solid packed-bed hydrogenation references; if none are available, explicitly state that no relevant analogy was found and that residence-time and IF estimates rest solely on the batch protocol anchor.",/home/amirreza/Documents/codes/Flow Agent/ablation_results/newgen_benchmark/newgen_openai_repaired_cells_20260813_161126/hydrogenolysis_gpt54_full_flowpilot/result.json
FP-AUDIT-088,NEEDS_TECHNICAL_ADJUDICATION,LLM_CONSENSUS_REQUIRES_TECHNICAL_REVIEW,MAJOR,,False,False,GPT-5.4,Hydrogenolysis,H-9449CD3,system_consistency,HA-01,Contradictory Gas Flow Values in Proposal Multiphase Metrics | Conflicting in-channel residence time values across record sections without clear rejection,"[""record_sections.proposal.streams[1].gas_flow_sccm"", ""record_sections.proposal.multiphase_metrics.gas_flow_sccm"", ""record_sections.proposal.multiphase_metrics.gas_flow_actual_mL_min""] | [""record_sections.proposal.residence_time_in_channel_min"", ""record_sections.proposal.multiphase_metrics.residence_time_in_channel_min"", ""record_sections.pre_council_proposal.residence_time_in_channel_min"", ""record_sections.final_design.parameters.residence_time_in_channel_min""]","[""2.824003 sccm (Stream B)"", ""0.2824 sccm (Multiphase Metrics)"", ""0.158539 mL/min (Stream B Actual)"", ""0.0159 mL/min (Multiphase Metrics Actual)""] | [""proposal.residence_time_in_channel_min = 11.603665"", ""proposal.multiphase_metrics.residence_time_in_channel_min = 25.8941"", ""pre_council_proposal.residence_time_in_channel_min = 6.44"", ""final_design.parameters.residence_time_in_channel_min = 11.603665""]",Update record_sections.proposal.multiphase_metrics.gas_flow_sccm to 2.824003 and gas_flow_actual_mL_min to 0.158539 to match the stream definitions and final design. | Explicitly mark pre-council (6.44 min) and multiphase_metrics (25.89 min) values as rejected/superseded and propagate the single authoritative value (11.603665 min) consistently throughout all record sections.,/home/amirreza/Documents/codes/Flow Agent/ablation_results/newgen_benchmark/newgen_openai_repaired_cells_20260813_161126/hydrogenolysis_gpt54_full_flowpilot/result.json
FP-AUDIT-089,NEEDS_TECHNICAL_ADJUDICATION,LLM_CONSENSUS_REQUIRES_TECHNICAL_REVIEW,MAJOR,,False,False,GPT-5.4,Two-stage amidation,H-470478E,chemistry_protocol,HC-04,"Explanation contains invented hardware claims | Explanation section asserts a BPR of 1.2 bar and 0.75 mm ID tubing as operative design parameters, neither of which is supported by the inventory or protocol","[""explanation""] | [""record_sections.explanation"", ""record_sections.final_design.parameters.BPR_bar"", ""record_sections.final_design.parameters.tubing_ID_mm"", ""case_context.authoritative_inventory.BPR_available"", ""case_context.authoritative_inventory.tubing""]","[""explanation: 'Maintain 1.2 bar BPR', 'Tubing: PFA 0.75 mm ID'""] | [""explanation: 'BPR: 1.2 bar', 'PFA 0.75 mm ID'"", ""final_design.parameters.BPR_bar=0.0"", ""inventory BPR_available=[] (no BPR in inventory)"", ""inventory tubing ID_mm=0.5 (all declared tubing is 0.5 mm ID)""]","Correct the explanation to reflect the actual inventory: 0 bar BPR and 0.5 mm ID tubing. | Remove the BPR=1.2 bar and 0.75 mm ID tubing claims from the explanation section entirely and replace with the inventory-correct values (no BPR, 0.5 mm ID PFA).",/home/amirreza/Documents/codes/Flow Agent/ablation_results/newgen_benchmark/newgen_openai_three_case_20260813_155908/multistep_gpt54_full_flowpilot/result.json
FP-AUDIT-090,NEEDS_TECHNICAL_ADJUDICATION,LLM_CONSENSUS_REQUIRES_TECHNICAL_REVIEW,MAJOR,,False,False,GPT-5.4,Two-stage amidation,H-470478E,numerical_engineering,HN-01,"Contradictory Reactor Volume Assignment in Proposal | Stage-1 flow rate internally inconsistent: stream flows sum to 0.15 mL/min but stage-1 Q_liquid is also reported as 0.15 mL/min while the total_flow_rate at the topology level is 0.2 mL/min, and the instrument_manifest records mixer_ms_2 total_flow as 0.2 mL/min instead of the correct 0.15 mL/min (A+B) entering stage 1","[""record_sections.proposal.inventory_selection.equipment_id"", ""record_sections.proposal.inventory_selection.volume_mL"", ""record_sections.proposal.stage_parameters[0].reactor_equipment_id"", ""record_sections.proposal.stage_parameters[0].reactor_volume_mL""] | [""record_sections.proposal.streams[A].flow_rate_mL_min"", ""record_sections.proposal.streams[B].flow_rate_mL_min"", ""record_sections.final_design.parameters.flow_rate_mL_min"", ""record_sections.final_design.instrument_manifest[6].settings[0].total_flow_mL_min"", ""record_sections.inventory_allocation.assignments[6].settings.total_flow_mL_min""]","[""equipment_id: 'reactor_ms_196'"", ""volume_mL: 13.08"", ""stage_parameters[0].reactor_equipment_id: 'reactor_ms_196'"", ""stage_parameters[0].reactor_volume_mL: 1.96""] | [""Q_A=0.05 mL/min, Q_B=0.1 mL/min → stage-1 sum=0.15 mL/min (correct)"", ""mixer_ms_2 (interstage) total_flow_mL_min reported as 0.2 mL/min in instrument_manifest and inventory_allocation"", ""process_topology total_flow_rate_mL_min=0.2 mL/min used as if it were the stage-1 flow""]","Correct record_sections.proposal.inventory_selection.volume_mL to 1.96 and ensure equipment_id matches the intended reactor or remove the erroneous inventory_selection block from the proposal if it is superseded by stage_parameters. | Perform all global transport/sizing calculations separately for each stage using its own Q and V_R, or clearly label the global calculation as an approximation; correct the phantom volume 15.69 mL to 15.04 mL throughout design_calculations.",/home/amirreza/Documents/codes/Flow Agent/ablation_results/newgen_benchmark/newgen_openai_three_case_20260813_155908/multistep_gpt54_full_flowpilot/result.json
FP-AUDIT-091,NEEDS_TECHNICAL_ADJUDICATION,LLM_CONSENSUS_REQUIRES_TECHNICAL_REVIEW,MAJOR,,False,False,GPT-5.4,Two-stage amidation,H-470478E,numerical_engineering,HN-06,"Design Calculations Use Incorrect Total Reactor Volume | Global transport calculations (Re, Pe, ΔP, t_mix, startup waste) use phantom volume 15.693 mL and single Q=0.2 mL/min instead of per-stage geometry; startup waste equation uses tau=78.5 min and Q=0.2 mL/min giving 47.1 mL but the pre-council procedure text cites '3 × 48.6 min × 0.30 mL/min = 43.7 mL' — an orphaned value from the superseded design","[""record_sections.design_calculations.steps[2].values.V_R_mL"", ""record_sections.design_calculations.steps[2].values.L_m"", ""record_sections.design_calculations.steps[5].values.dP_bar"", ""record_sections.design_calculations.steps[6].values.Q_gen_W"", ""record_sections.design_calculations.steps[6].values.A_wall_m2"", ""record_sections.design_calculations.reactor_volume_mL"", ""record_sections.design_calculations.total_reactor_volume_mL""] | [""record_sections.design_calculations.steps[3].values.V_R_mL"", ""record_sections.design_calculations.steps[3].values.L_m"", ""record_sections.design_calculations.steps[9].values.startup_waste_mL"", ""record_sections.proposal.post_reactor_steps[1]"", ""record_sections.pre_council_proposal.post_reactor_steps[1]""]","[""V_R_mL: 15.69334"", ""L_m: 79.9255"", ""dP_bar: 2.0494"", ""Q_gen_W: 0.3808"", ""A_wall_m2: 0.1255"", ""reactor_volume_mL: 15.04"", ""total_reactor_volume_mL: 15.04""] | [""design_calculations step 3: V_R=15.693 mL, L=79.93 m (single reactor)"", ""design_calculations step 9: startup_waste=47.1 mL = 3×78.5×0.2"", ""proposal.post_reactor_steps[1]: '3 x 48.6 min x 0.30 mL/min = about 43.7 mL' (pre-council values)"", ""pre_council_proposal.post_reactor_steps[1]: same 43.7 mL text""]","Recalculate pressure drop, heat transfer area, and heat generation using the correct inventory volume of 15.04 mL and corresponding length derived from 15.04 mL and 0.5 mm ID. | Update proposal post_reactor_steps startup-waste text to 47.1 mL; perform Re, Pe, and ΔP calculations per stage using each stage's own L and Q.",/home/amirreza/Documents/codes/Flow Agent/ablation_results/newgen_benchmark/newgen_openai_three_case_20260813_155908/multistep_gpt54_full_flowpilot/result.json
FP-AUDIT-092,NEEDS_TECHNICAL_ADJUDICATION,LLM_CONSENSUS_REQUIRES_TECHNICAL_REVIEW,MAJOR,,False,False,GPT-5.4,Two-stage amidation,H-470478E,evidence_uncertainty,HE-01,Invented hardware and contradictory provenance in explanation and council records | Chemistry plan stage feed_streams misattribute reagents to wrong stage,"[""record_sections.chemistry_plan.explanation"", ""record_sections.council_messages[0].value"", ""record_sections.deliberation_log.rounds[0][0].chain_of_thought"", ""record_sections.deliberation_log.rounds[1][0].chain_of_thought""] | [""record_sections.chemistry_plan.stages[0].feed_streams[0].reagents"", ""record_sections.chemistry_plan.stages[1].feed_streams[0].reagents""]","[""explanation: 'Maintain 1.2 bar BPR', 'Tubing: PFA 0.75 mm ID'"", ""council_messages[0]: 'BPR_bar: 1.2'"", ""deliberation_log: 'L=28.5 m > 25.0 m bench limit', 'd=0.75 mm'""] | [""Stage 1 feed_streams lists: morpholine, aqueous H2O2, NaBr, H2SO4, aqueous TBHP"", ""Stage 2 feed_streams lists: morpholine, aqueous H2O2, NaBr, H2SO4, aqueous TBHP""]","Remove all references to BPR and 0.75 mm ID tubing from the explanation, council messages, and deliberation logs. Ensure all provenance records strictly reflect the 0.5 mm ID PFA tubing and atmospheric pressure operation defined in the inventory. | Correct chemistry_plan.stages[0].feed_streams to list only streams A and B reagents; correct stages[1].feed_streams to list only stream C reagents, consistent with stream_logic and protocol.",/home/amirreza/Documents/codes/Flow Agent/ablation_results/newgen_benchmark/newgen_openai_three_case_20260813_155908/multistep_gpt54_full_flowpilot/result.json
FP-AUDIT-093,NEEDS_TECHNICAL_ADJUDICATION,LLM_CONSENSUS_REQUIRES_TECHNICAL_REVIEW,MAJOR,,False,False,GPT-5.4,Two-stage amidation,H-470478E,evidence_uncertainty,HE-02,Unlabeled kinetic assumptions and unsupported intensification claims | Kinetic rate constant and residence time presented as deterministic without measured kinetics; assumption not labeled,"[""record_sections.chemistry_plan.intensification_mandate"", ""record_sections.deliberation_log.rounds[0][1].chain_of_thought"", ""record_sections.deliberation_log.rounds[0][2].chain_of_thought""] | [""record_sections.design_calculations.steps[1].values.k_flow"", ""record_sections.design_calculations.steps[1].values.tau_primary_min"", ""record_sections.design_calculations.steps[1].assumptions"", ""record_sections.design_calculations.kinetics_method"", ""record_sections.design_calculations.steps[7].assumptions""]","[""intensification_mandate: 'tau_reduction_target: 20.0'"", ""deliberation_log: 'IF=120x is far outside normal thermal-class guidance'"", ""deliberation_log: 'tau_kinetics_min = 96.81 min'""] | [""k_flow = 3.031e-04 s⁻¹ reported as a value"", ""tau_primary_min = 78.4667 reported as deterministic"", ""assumptions[0] = 'τ set by ENGINE council — kinetics estimation bypassed'"", ""ΔH_r ≈ -120 kJ/mol (estimated for hydrogenation) used for heat transfer calculation"", ""U ≈ 300 W/m²·K (coil in temperature-controlled bath)""]","Explicitly label the 96.81 min kinetic estimate and the 20x intensification target as assumptions or hypotheses in the chemistry_plan and deliberation logs. Cite the source or basis for these estimates. | Label k_flow, tau_primary_min, ΔH_r, and U as estimated/assumed in every section where they appear as inputs, and propagate uncertainty bounds rather than single-point values through dependent calculations.",/home/amirreza/Documents/codes/Flow Agent/ablation_results/newgen_benchmark/newgen_openai_three_case_20260813_155908/multistep_gpt54_full_flowpilot/result.json
FP-AUDIT-094,NEEDS_TECHNICAL_ADJUDICATION,LLM_CONSENSUS_REQUIRES_TECHNICAL_REVIEW,MAJOR,,False,False,GPT-5.4,Two-stage amidation,H-470478E,evidence_uncertainty,HE-04,"Uncalibrated uncertainty regarding kinetic estimates and safety margins | Stage 1 flow rate used for residence time calculation is internally inconsistent: 0.15 mL/min used but stream flows sum to 0.15 mL/min only if B=0.10 and A=0.05, yet stage 2 cumulative flow is stated as 0.20 mL/min after adding C=0.05, giving total 0.20 not 0.15+0.05=0.20 — but council deliberation and pre-council proposal used different flow sets without resolved reconciliation; confidence reported as LOW without quantified uncertainty bounds","[""record_sections.safety_report"", ""record_sections.deliberation_log.rounds[0][3].chain_of_thought"", ""record_sections.confidence""] | [""record_sections.proposal.streams[0].flow_rate_mL_min"", ""record_sections.proposal.streams[1].flow_rate_mL_min"", ""record_sections.proposal.streams[2].flow_rate_mL_min"", ""record_sections.proposal.stage_parameters[0].Q_liquid_mL_min"", ""record_sections.proposal.stage_parameters[1].Q_liquid_mL_min"", ""record_sections.pre_council_proposal.streams[0].flow_rate_mL_min"", ""record_sections.pre_council_proposal.streams[1].flow_rate_mL_min"", ""record_sections.pre_council_proposal.streams[2].flow_rate_mL_min"", ""record_sections.deliberation_log.all_changes_applied"", ""record_sections.confidence"", ""record_sections.design_calculations.steps[1].assumptions""]","[""safety_report: 'screen_required: false'"", ""deliberation_log: 'X=0.144 < 0.30', 'BLOCKED'"", ""confidence: 'LOW'""] | [""Final proposal: A=0.05, B=0.10, C=0.05 mL/min; stage 1 Q=0.15, stage 2 Q=0.20 mL/min"", ""Pre-council proposal: A=0.10, B=0.10, C=0.10 mL/min; stage 1 Q=0.20, stage 2 Q=0.30 mL/min"", ""Council all_changes_applied: flow_rate_mL_min=0.1534, tubing_ID_mm=0.75, reactor_volume_mL=11.657 — none of which match the final serialized design (0.20 mL/min, 0.5 mm, 15.04 mL)"", ""Confidence = LOW with no quantified parameter uncertainty ranges reported"", ""Kinetics bypassed: τ set by ENGINE council with no conversion uncertainty interval""]","Update the safety report to reflect the high uncertainty in kinetic estimates and the need for validation experiments. Change 'screen_required' to 'true' or explicitly state the conditions under which the screen is safe. | Either adopt the council-revised parameters or document explicitly why they were overridden; add quantified uncertainty ranges (e.g., τ ± X min, X_predicted = Y ± Z) for all kinetics-derived outputs, and report a conversion range rather than a single-point estimate given the bypassed kinetics.",/home/amirreza/Documents/codes/Flow Agent/ablation_results/newgen_benchmark/newgen_openai_three_case_20260813_155908/multistep_gpt54_full_flowpilot/result.json
FP-AUDIT-095,NEEDS_TECHNICAL_ADJUDICATION,LLM_CONSENSUS_REQUIRES_TECHNICAL_REVIEW,MAJOR,,False,False,GPT-5.4,Two-stage amidation,H-470478E,system_consistency,HA-01,Contradictory reactor volume assignment in proposal inventory selection | Stage 2 cumulative flow and residence time are internally inconsistent across sections,"[""record_sections.proposal.inventory_selection.equipment_id"", ""record_sections.proposal.inventory_selection.volume_mL"", ""record_sections.proposal.inventory_selection.allowed_temperatures_C""] | [""record_sections.proposal.stage_parameters[1].Q_liquid_mL_min"", ""record_sections.proposal.stage_parameters[1].residence_time_min"", ""record_sections.final_design.stages[1].residence_flow_mL_min"", ""record_sections.final_design.stages[1].residence_time_min"", ""record_sections.final_design.parameters.residence_time_min"", ""record_sections.proposal.multiphase_metrics.multistage_residence_time_inlet_min""]","[""equipment_id: 'reactor_ms_196'"", ""volume_mL: 13.08"", ""allowed_temperatures_C: [80.0]""] | [""Stage 2 Q_liquid=0.20 mL/min (streams A+B+C = 0.05+0.10+0.05)"", ""Stage 2 tau = 13.08/0.20 = 65.4 min (internally consistent)"", ""Stage 1 Q_liquid=0.15 mL/min, tau=1.96/0.15=13.067 min (internally consistent)"", ""Total residence time reported = 13.067+65.4 = 78.467 min"", ""instrument_manifest mixer_ms_2 total_flow_mL_min=0.20 (should be 0.20 — consistent)"", ""pre_council_proposal total tau=48.57 min at 0.30 mL/min — superseded but startup discard volume still references 48.6 min""]","Update record_sections.proposal.inventory_selection to match reactor_ms_196 specs: volume_mL=1.96, allowed_temperatures_C=[70.0]. | Replace the startup discard calculation with the authoritative values: 3 × 78.47 min × 0.20 mL/min ≈ 47.1 mL, and remove all references to the pre-council 48.6 min / 0.30 mL/min figures from executable steps.",/home/amirreza/Documents/codes/Flow Agent/ablation_results/newgen_benchmark/newgen_openai_three_case_20260813_155908/multistep_gpt54_full_flowpilot/result.json
