upstream_bundle,claude,gpt4o,gpt4omini,gemma
claude,3.4975,3.5343,10.0531,3.5343
gpt4o,4.197,3.5343,4.197,3.213
gpt4omini,2.68083,2.68083,2.68083,2.68083
gemma,1.34041,1.34041,1.34041,1.34041
