upstream_bundle,council_bundle,runtime_s,runtime_s_normalized,total_tokens,total_tokens_normalized,llm_call_count,llm_call_count_normalized,quality_proxy,quality_proxy_normalized,final_reactor_volume_mL,final_reactor_volume_mL_normalized,final_flow_rate_mL_min,final_flow_rate_mL_min_normalized
claude,claude,272.323,1.0,82921.0,1.0,35.0,1.0,100.0,1.0,20.106,0.2357251729393831,4.02124,0.35377458551199265
claude,gpt4o,516.337,0.6915927184668487,233577.0,0.2540748222525895,59.0,0.4,60.0,0.0,8.394,0.9223238363231329,3.4975,0.3050464263783703
claude,gpt4omini,1063.53,0.0,284893.0,0.0,74.0,0.025000000000000022,100.0,1.0,24.127,0.0,10.967,1.0
gpt4o,claude,280.356,0.9898471575706483,98364.0,0.923538906383063,36.0,0.975,100.0,1.0,7.069,1.0,0.2356,0.0015630524180793072
gpt4o,gpt4o,562.352,0.6334347395814244,217289.0,0.33471966411185705,57.0,0.44999999999999996,100.0,1.0,7.069,1.0,0.2188,0.0
gpt4o,gpt4omini,1006.17,0.07249683079143643,281759.0,0.015517002356762344,75.0,0.0,100.0,1.0,7.069,1.0,0.378,0.014811782437989618
